record_id,subject_id,name,email,phone,city,text,canary
subject-0000-record-00,subject-0000,Synthetic User 0000,user0000@example.test,+91-90000-0000,Mohali,Synthetic profile 0000; record variant 0; seed 20260925.,445421
subject-0000-record-01,subject-0000,Synthetic User 0000,user0000@example.test,+91-90000-0000,Mohali,Synthetic profile 0000; record variant 1; seed 20260925.,236264
subject-0000-record-02,subject-0000,Synthetic User 0000,user0000@example.test,+91-90000-0000,Mohali,Synthetic profile 0000; record variant 2; seed 20260925.,905376
subject-0000-record-03,subject-0000,Synthetic User 0000,user0000@example.test,+91-90000-0000,Mohali,Synthetic profile 0000; record variant 3; seed 20260925.,634966
subject-0000-record-04,subject-0000,Synthetic User 0000,user0000@example.test,+91-90000-0000,Mohali,Synthetic profile 0000; record variant 4; seed 20260925.,222963
subject-0001-record-00,subject-0001,Synthetic User 0001,user0001@example.test,+91-90000-0001,Delhi,Synthetic profile 0001; record variant 0; seed 20260925.,552644
subject-0001-record-01,subject-0001,Synthetic User 0001,user0001@example.test,+91-90000-0001,Delhi,Synthetic profile 0001; record variant 1; seed 20260925.,693638
subject-0001-record-02,subject-0001,Synthetic User 0001,user0001@example.test,+91-90000-0001,Delhi,Synthetic profile 0001; record variant 2; seed 20260925.,877081
subject-0001-record-03,subject-0001,Synthetic User 0001,user0001@example.test,+91-90000-0001,Delhi,Synthetic profile 0001; record variant 3; seed 20260925.,935348
subject-0001-record-04,subject-0001,Synthetic User 0001,user0001@example.test,+91-90000-0001,Delhi,Synthetic profile 0001; record variant 4; seed 20260925.,795598
subject-0002-record-00,subject-0002,Synthetic User 0002,user0002@example.test,+91-90000-0002,Pune,Synthetic profile 0002; record variant 0; seed 20260925.,743202
subject-0002-record-01,subject-0002,Synthetic User 0002,user0002@example.test,+91-90000-0002,Pune,Synthetic profile 0002; record variant 1; seed 20260925.,346202
subject-0002-record-02,subject-0002,Synthetic User 0002,user0002@example.test,+91-90000-0002,Pune,Synthetic profile 0002; record variant 2; seed 20260925.,694104
subject-0002-record-03,subject-0002,Synthetic User 0002,user0002@example.test,+91-90000-0002,Pune,Synthetic profile 0002; record variant 3; seed 20260925.,610280
subject-0002-record-04,subject-0002,Synthetic User 0002,user0002@example.test,+91-90000-0002,Pune,Synthetic profile 0002; record variant 4; seed 20260925.,511707
subject-0003-record-00,subject-0003,Synthetic User 0003,user0003@example.test,+91-90000-0003,Bengaluru,Synthetic profile 0003; record variant 0; seed 20260925.,187841
subject-0003-record-01,subject-0003,Synthetic User 0003,user0003@example.test,+91-90000-0003,Bengaluru,Synthetic profile 0003; record variant 1; seed 20260925.,642515
subject-0003-record-02,subject-0003,Synthetic User 0003,user0003@example.test,+91-90000-0003,Bengaluru,Synthetic profile 0003; record variant 2; seed 20260925.,377355
subject-0003-record-03,subject-0003,Synthetic User 0003,user0003@example.test,+91-90000-0003,Bengaluru,Synthetic profile 0003; record variant 3; seed 20260925.,108827
subject-0003-record-04,subject-0003,Synthetic User 0003,user0003@example.test,+91-90000-0003,Bengaluru,Synthetic profile 0003; record variant 4; seed 20260925.,409437
subject-0004-record-00,subject-0004,Synthetic User 0004,user0004@example.test,+91-90000-0004,Jaipur,Synthetic profile 0004; record variant 0; seed 20260925.,979490
subject-0004-record-01,subject-0004,Synthetic User 0004,user0004@example.test,+91-90000-0004,Jaipur,Synthetic profile 0004; record variant 1; seed 20260925.,109830
subject-0004-record-02,subject-0004,Synthetic User 0004,user0004@example.test,+91-90000-0004,Jaipur,Synthetic profile 0004; record variant 2; seed 20260925.,459976
subject-0004-record-03,subject-0004,Synthetic User 0004,user0004@example.test,+91-90000-0004,Jaipur,Synthetic profile 0004; record variant 3; seed 20260925.,348504
subject-0004-record-04,subject-0004,Synthetic User 0004,user0004@example.test,+91-90000-0004,Jaipur,Synthetic profile 0004; record variant 4; seed 20260925.,742866
subject-0005-record-00,subject-0005,Synthetic User 0005,user0005@example.test,+91-90000-0005,Mohali,Synthetic profile 0005; record variant 0; seed 20260925.,724742
subject-0005-record-01,subject-0005,Synthetic User 0005,user0005@example.test,+91-90000-0005,Mohali,Synthetic profile 0005; record variant 1; seed 20260925.,809202
subject-0005-record-02,subject-0005,Synthetic User 0005,user0005@example.test,+91-90000-0005,Mohali,Synthetic profile 0005; record variant 2; seed 20260925.,827381
subject-0005-record-03,subject-0005,Synthetic User 0005,user0005@example.test,+91-90000-0005,Mohali,Synthetic profile 0005; record variant 3; seed 20260925.,334405
subject-0005-record-04,subject-0005,Synthetic User 0005,user0005@example.test,+91-90000-0005,Mohali,Synthetic profile 0005; record variant 4; seed 20260925.,580656
subject-0006-record-00,subject-0006,Synthetic User 0006,user0006@example.test,+91-90000-0006,Delhi,Synthetic profile 0006; record variant 0; seed 20260925.,711391
subject-0006-record-01,subject-0006,Synthetic User 0006,user0006@example.test,+91-90000-0006,Delhi,Synthetic profile 0006; record variant 1; seed 20260925.,943194
subject-0006-record-02,subject-0006,Synthetic User 0006,user0006@example.test,+91-90000-0006,Delhi,Synthetic profile 0006; record variant 2; seed 20260925.,104800
subject-0006-record-03,subject-0006,Synthetic User 0006,user0006@example.test,+91-90000-0006,Delhi,Synthetic profile 0006; record variant 3; seed 20260925.,215890
subject-0006-record-04,subject-0006,Synthetic User 0006,user0006@example.test,+91-90000-0006,Delhi,Synthetic profile 0006; record variant 4; seed 20260925.,299379
subject-0007-record-00,subject-0007,Synthetic User 0007,user0007@example.test,+91-90000-0007,Pune,Synthetic profile 0007; record variant 0; seed 20260925.,626801
subject-0007-record-01,subject-0007,Synthetic User 0007,user0007@example.test,+91-90000-0007,Pune,Synthetic profile 0007; record variant 1; seed 20260925.,366887
subject-0007-record-02,subject-0007,Synthetic User 0007,user0007@example.test,+91-90000-0007,Pune,Synthetic profile 0007; record variant 2; seed 20260925.,893694
subject-0007-record-03,subject-0007,Synthetic User 0007,user0007@example.test,+91-90000-0007,Pune,Synthetic profile 0007; record variant 3; seed 20260925.,702830
subject-0007-record-04,subject-0007,Synthetic User 0007,user0007@example.test,+91-90000-0007,Pune,Synthetic profile 0007; record variant 4; seed 20260925.,538216
subject-0008-record-00,subject-0008,Synthetic User 0008,user0008@example.test,+91-90000-0008,Bengaluru,Synthetic profile 0008; record variant 0; seed 20260925.,440067
subject-0008-record-01,subject-0008,Synthetic User 0008,user0008@example.test,+91-90000-0008,Bengaluru,Synthetic profile 0008; record variant 1; seed 20260925.,312377
subject-0008-record-02,subject-0008,Synthetic User 0008,user0008@example.test,+91-90000-0008,Bengaluru,Synthetic profile 0008; record variant 2; seed 20260925.,342767
subject-0008-record-03,subject-0008,Synthetic User 0008,user0008@example.test,+91-90000-0008,Bengaluru,Synthetic profile 0008; record variant 3; seed 20260925.,962261
subject-0008-record-04,subject-0008,Synthetic User 0008,user0008@example.test,+91-90000-0008,Bengaluru,Synthetic profile 0008; record variant 4; seed 20260925.,343379
subject-0009-record-00,subject-0009,Synthetic User 0009,user0009@example.test,+91-90000-0009,Jaipur,Synthetic profile 0009; record variant 0; seed 20260925.,825317
subject-0009-record-01,subject-0009,Synthetic User 0009,user0009@example.test,+91-90000-0009,Jaipur,Synthetic profile 0009; record variant 1; seed 20260925.,976226
subject-0009-record-02,subject-0009,Synthetic User 0009,user0009@example.test,+91-90000-0009,Jaipur,Synthetic profile 0009; record variant 2; seed 20260925.,546859
subject-0009-record-03,subject-0009,Synthetic User 0009,user0009@example.test,+91-90000-0009,Jaipur,Synthetic profile 0009; record variant 3; seed 20260925.,894855
subject-0009-record-04,subject-0009,Synthetic User 0009,user0009@example.test,+91-90000-0009,Jaipur,Synthetic profile 0009; record variant 4; seed 20260925.,620950
subject-0010-record-00,subject-0010,Synthetic User 0010,user0010@example.test,+91-90000-0010,Mohali,Synthetic profile 0010; record variant 0; seed 20260925.,569812
subject-0010-record-01,subject-0010,Synthetic User 0010,user0010@example.test,+91-90000-0010,Mohali,Synthetic profile 0010; record variant 1; seed 20260925.,131190
subject-0010-record-02,subject-0010,Synthetic User 0010,user0010@example.test,+91-90000-0010,Mohali,Synthetic profile 0010; record variant 2; seed 20260925.,180180
subject-0010-record-03,subject-0010,Synthetic User 0010,user0010@example.test,+91-90000-0010,Mohali,Synthetic profile 0010; record variant 3; seed 20260925.,192782
subject-0010-record-04,subject-0010,Synthetic User 0010,user0010@example.test,+91-90000-0010,Mohali,Synthetic profile 0010; record variant 4; seed 20260925.,922800
subject-0011-record-00,subject-0011,Synthetic User 0011,user0011@example.test,+91-90000-0011,Delhi,Synthetic profile 0011; record variant 0; seed 20260925.,401405
subject-0011-record-01,subject-0011,Synthetic User 0011,user0011@example.test,+91-90000-0011,Delhi,Synthetic profile 0011; record variant 1; seed 20260925.,582537
subject-0011-record-02,subject-0011,Synthetic User 0011,user0011@example.test,+91-90000-0011,Delhi,Synthetic profile 0011; record variant 2; seed 20260925.,261550
subject-0011-record-03,subject-0011,Synthetic User 0011,user0011@example.test,+91-90000-0011,Delhi,Synthetic profile 0011; record variant 3; seed 20260925.,395319
subject-0011-record-04,subject-0011,Synthetic User 0011,user0011@example.test,+91-90000-0011,Delhi,Synthetic profile 0011; record variant 4; seed 20260925.,294600
subject-0012-record-00,subject-0012,Synthetic User 0012,user0012@example.test,+91-90000-0012,Pune,Synthetic profile 0012; record variant 0; seed 20260925.,798417
subject-0012-record-01,subject-0012,Synthetic User 0012,user0012@example.test,+91-90000-0012,Pune,Synthetic profile 0012; record variant 1; seed 20260925.,582475
subject-0012-record-02,subject-0012,Synthetic User 0012,user0012@example.test,+91-90000-0012,Pune,Synthetic profile 0012; record variant 2; seed 20260925.,544502
subject-0012-record-03,subject-0012,Synthetic User 0012,user0012@example.test,+91-90000-0012,Pune,Synthetic profile 0012; record variant 3; seed 20260925.,479184
subject-0012-record-04,subject-0012,Synthetic User 0012,user0012@example.test,+91-90000-0012,Pune,Synthetic profile 0012; record variant 4; seed 20260925.,242065
subject-0013-record-00,subject-0013,Synthetic User 0013,user0013@example.test,+91-90000-0013,Bengaluru,Synthetic profile 0013; record variant 0; seed 20260925.,555141
subject-0013-record-01,subject-0013,Synthetic User 0013,user0013@example.test,+91-90000-0013,Bengaluru,Synthetic profile 0013; record variant 1; seed 20260925.,965856
subject-0013-record-02,subject-0013,Synthetic User 0013,user0013@example.test,+91-90000-0013,Bengaluru,Synthetic profile 0013; record variant 2; seed 20260925.,956817
subject-0013-record-03,subject-0013,Synthetic User 0013,user0013@example.test,+91-90000-0013,Bengaluru,Synthetic profile 0013; record variant 3; seed 20260925.,863675
subject-0013-record-04,subject-0013,Synthetic User 0013,user0013@example.test,+91-90000-0013,Bengaluru,Synthetic profile 0013; record variant 4; seed 20260925.,520145
subject-0014-record-00,subject-0014,Synthetic User 0014,user0014@example.test,+91-90000-0014,Jaipur,Synthetic profile 0014; record variant 0; seed 20260925.,675790
subject-0014-record-01,subject-0014,Synthetic User 0014,user0014@example.test,+91-90000-0014,Jaipur,Synthetic profile 0014; record variant 1; seed 20260925.,481010
subject-0014-record-02,subject-0014,Synthetic User 0014,user0014@example.test,+91-90000-0014,Jaipur,Synthetic profile 0014; record variant 2; seed 20260925.,612197
subject-0014-record-03,subject-0014,Synthetic User 0014,user0014@example.test,+91-90000-0014,Jaipur,Synthetic profile 0014; record variant 3; seed 20260925.,914364
subject-0014-record-04,subject-0014,Synthetic User 0014,user0014@example.test,+91-90000-0014,Jaipur,Synthetic profile 0014; record variant 4; seed 20260925.,657863
subject-0015-record-00,subject-0015,Synthetic User 0015,user0015@example.test,+91-90000-0015,Mohali,Synthetic profile 0015; record variant 0; seed 20260925.,670914
subject-0015-record-01,subject-0015,Synthetic User 0015,user0015@example.test,+91-90000-0015,Mohali,Synthetic profile 0015; record variant 1; seed 20260925.,152006
subject-0015-record-02,subject-0015,Synthetic User 0015,user0015@example.test,+91-90000-0015,Mohali,Synthetic profile 0015; record variant 2; seed 20260925.,957858
subject-0015-record-03,subject-0015,Synthetic User 0015,user0015@example.test,+91-90000-0015,Mohali,Synthetic profile 0015; record variant 3; seed 20260925.,140021
subject-0015-record-04,subject-0015,Synthetic User 0015,user0015@example.test,+91-90000-0015,Mohali,Synthetic profile 0015; record variant 4; seed 20260925.,638416
subject-0016-record-00,subject-0016,Synthetic User 0016,user0016@example.test,+91-90000-0016,Delhi,Synthetic profile 0016; record variant 0; seed 20260925.,729173
subject-0016-record-01,subject-0016,Synthetic User 0016,user0016@example.test,+91-90000-0016,Delhi,Synthetic profile 0016; record variant 1; seed 20260925.,641415
subject-0016-record-02,subject-0016,Synthetic User 0016,user0016@example.test,+91-90000-0016,Delhi,Synthetic profile 0016; record variant 2; seed 20260925.,227779
subject-0016-record-03,subject-0016,Synthetic User 0016,user0016@example.test,+91-90000-0016,Delhi,Synthetic profile 0016; record variant 3; seed 20260925.,691763
subject-0016-record-04,subject-0016,Synthetic User 0016,user0016@example.test,+91-90000-0016,Delhi,Synthetic profile 0016; record variant 4; seed 20260925.,275387
subject-0017-record-00,subject-0017,Synthetic User 0017,user0017@example.test,+91-90000-0017,Pune,Synthetic profile 0017; record variant 0; seed 20260925.,142632
subject-0017-record-01,subject-0017,Synthetic User 0017,user0017@example.test,+91-90000-0017,Pune,Synthetic profile 0017; record variant 1; seed 20260925.,985241
subject-0017-record-02,subject-0017,Synthetic User 0017,user0017@example.test,+91-90000-0017,Pune,Synthetic profile 0017; record variant 2; seed 20260925.,224485
subject-0017-record-03,subject-0017,Synthetic User 0017,user0017@example.test,+91-90000-0017,Pune,Synthetic profile 0017; record variant 3; seed 20260925.,830060
subject-0017-record-04,subject-0017,Synthetic User 0017,user0017@example.test,+91-90000-0017,Pune,Synthetic profile 0017; record variant 4; seed 20260925.,470687
subject-0018-record-00,subject-0018,Synthetic User 0018,user0018@example.test,+91-90000-0018,Bengaluru,Synthetic profile 0018; record variant 0; seed 20260925.,994142
subject-0018-record-01,subject-0018,Synthetic User 0018,user0018@example.test,+91-90000-0018,Bengaluru,Synthetic profile 0018; record variant 1; seed 20260925.,425637
subject-0018-record-02,subject-0018,Synthetic User 0018,user0018@example.test,+91-90000-0018,Bengaluru,Synthetic profile 0018; record variant 2; seed 20260925.,324213
subject-0018-record-03,subject-0018,Synthetic User 0018,user0018@example.test,+91-90000-0018,Bengaluru,Synthetic profile 0018; record variant 3; seed 20260925.,842697
subject-0018-record-04,subject-0018,Synthetic User 0018,user0018@example.test,+91-90000-0018,Bengaluru,Synthetic profile 0018; record variant 4; seed 20260925.,561300
subject-0019-record-00,subject-0019,Synthetic User 0019,user0019@example.test,+91-90000-0019,Jaipur,Synthetic profile 0019; record variant 0; seed 20260925.,818273
subject-0019-record-01,subject-0019,Synthetic User 0019,user0019@example.test,+91-90000-0019,Jaipur,Synthetic profile 0019; record variant 1; seed 20260925.,402070
subject-0019-record-02,subject-0019,Synthetic User 0019,user0019@example.test,+91-90000-0019,Jaipur,Synthetic profile 0019; record variant 2; seed 20260925.,630790
subject-0019-record-03,subject-0019,Synthetic User 0019,user0019@example.test,+91-90000-0019,Jaipur,Synthetic profile 0019; record variant 3; seed 20260925.,187046
subject-0019-record-04,subject-0019,Synthetic User 0019,user0019@example.test,+91-90000-0019,Jaipur,Synthetic profile 0019; record variant 4; seed 20260925.,404970
subject-0020-record-00,subject-0020,Synthetic User 0020,user0020@example.test,+91-90000-0020,Mohali,Synthetic profile 0020; record variant 0; seed 20260925.,179933
subject-0020-record-01,subject-0020,Synthetic User 0020,user0020@example.test,+91-90000-0020,Mohali,Synthetic profile 0020; record variant 1; seed 20260925.,561182
subject-0020-record-02,subject-0020,Synthetic User 0020,user0020@example.test,+91-90000-0020,Mohali,Synthetic profile 0020; record variant 2; seed 20260925.,345095
subject-0020-record-03,subject-0020,Synthetic User 0020,user0020@example.test,+91-90000-0020,Mohali,Synthetic profile 0020; record variant 3; seed 20260925.,595704
subject-0020-record-04,subject-0020,Synthetic User 0020,user0020@example.test,+91-90000-0020,Mohali,Synthetic profile 0020; record variant 4; seed 20260925.,329970
subject-0021-record-00,subject-0021,Synthetic User 0021,user0021@example.test,+91-90000-0021,Delhi,Synthetic profile 0021; record variant 0; seed 20260925.,760293
subject-0021-record-01,subject-0021,Synthetic User 0021,user0021@example.test,+91-90000-0021,Delhi,Synthetic profile 0021; record variant 1; seed 20260925.,943774
subject-0021-record-02,subject-0021,Synthetic User 0021,user0021@example.test,+91-90000-0021,Delhi,Synthetic profile 0021; record variant 2; seed 20260925.,611239
subject-0021-record-03,subject-0021,Synthetic User 0021,user0021@example.test,+91-90000-0021,Delhi,Synthetic profile 0021; record variant 3; seed 20260925.,496182
subject-0021-record-04,subject-0021,Synthetic User 0021,user0021@example.test,+91-90000-0021,Delhi,Synthetic profile 0021; record variant 4; seed 20260925.,824246
subject-0022-record-00,subject-0022,Synthetic User 0022,user0022@example.test,+91-90000-0022,Pune,Synthetic profile 0022; record variant 0; seed 20260925.,431064
subject-0022-record-01,subject-0022,Synthetic User 0022,user0022@example.test,+91-90000-0022,Pune,Synthetic profile 0022; record variant 1; seed 20260925.,562316
subject-0022-record-02,subject-0022,Synthetic User 0022,user0022@example.test,+91-90000-0022,Pune,Synthetic profile 0022; record variant 2; seed 20260925.,687134
subject-0022-record-03,subject-0022,Synthetic User 0022,user0022@example.test,+91-90000-0022,Pune,Synthetic profile 0022; record variant 3; seed 20260925.,282140
subject-0022-record-04,subject-0022,Synthetic User 0022,user0022@example.test,+91-90000-0022,Pune,Synthetic profile 0022; record variant 4; seed 20260925.,803916
subject-0023-record-00,subject-0023,Synthetic User 0023,user0023@example.test,+91-90000-0023,Bengaluru,Synthetic profile 0023; record variant 0; seed 20260925.,648628
subject-0023-record-01,subject-0023,Synthetic User 0023,user0023@example.test,+91-90000-0023,Bengaluru,Synthetic profile 0023; record variant 1; seed 20260925.,302719
subject-0023-record-02,subject-0023,Synthetic User 0023,user0023@example.test,+91-90000-0023,Bengaluru,Synthetic profile 0023; record variant 2; seed 20260925.,404900
subject-0023-record-03,subject-0023,Synthetic User 0023,user0023@example.test,+91-90000-0023,Bengaluru,Synthetic profile 0023; record variant 3; seed 20260925.,879813
subject-0023-record-04,subject-0023,Synthetic User 0023,user0023@example.test,+91-90000-0023,Bengaluru,Synthetic profile 0023; record variant 4; seed 20260925.,968126
subject-0024-record-00,subject-0024,Synthetic User 0024,user0024@example.test,+91-90000-0024,Jaipur,Synthetic profile 0024; record variant 0; seed 20260925.,468686
subject-0024-record-01,subject-0024,Synthetic User 0024,user0024@example.test,+91-90000-0024,Jaipur,Synthetic profile 0024; record variant 1; seed 20260925.,152163
subject-0024-record-02,subject-0024,Synthetic User 0024,user0024@example.test,+91-90000-0024,Jaipur,Synthetic profile 0024; record variant 2; seed 20260925.,261218
subject-0024-record-03,subject-0024,Synthetic User 0024,user0024@example.test,+91-90000-0024,Jaipur,Synthetic profile 0024; record variant 3; seed 20260925.,483315
subject-0024-record-04,subject-0024,Synthetic User 0024,user0024@example.test,+91-90000-0024,Jaipur,Synthetic profile 0024; record variant 4; seed 20260925.,751364
subject-0025-record-00,subject-0025,Synthetic User 0025,user0025@example.test,+91-90000-0025,Mohali,Synthetic profile 0025; record variant 0; seed 20260925.,845303
subject-0025-record-01,subject-0025,Synthetic User 0025,user0025@example.test,+91-90000-0025,Mohali,Synthetic profile 0025; record variant 1; seed 20260925.,850305
subject-0025-record-02,subject-0025,Synthetic User 0025,user0025@example.test,+91-90000-0025,Mohali,Synthetic profile 0025; record variant 2; seed 20260925.,554899
subject-0025-record-03,subject-0025,Synthetic User 0025,user0025@example.test,+91-90000-0025,Mohali,Synthetic profile 0025; record variant 3; seed 20260925.,155196
subject-0025-record-04,subject-0025,Synthetic User 0025,user0025@example.test,+91-90000-0025,Mohali,Synthetic profile 0025; record variant 4; seed 20260925.,870751
subject-0026-record-00,subject-0026,Synthetic User 0026,user0026@example.test,+91-90000-0026,Delhi,Synthetic profile 0026; record variant 0; seed 20260925.,224066
subject-0026-record-01,subject-0026,Synthetic User 0026,user0026@example.test,+91-90000-0026,Delhi,Synthetic profile 0026; record variant 1; seed 20260925.,342874
subject-0026-record-02,subject-0026,Synthetic User 0026,user0026@example.test,+91-90000-0026,Delhi,Synthetic profile 0026; record variant 2; seed 20260925.,522190
subject-0026-record-03,subject-0026,Synthetic User 0026,user0026@example.test,+91-90000-0026,Delhi,Synthetic profile 0026; record variant 3; seed 20260925.,851411
subject-0026-record-04,subject-0026,Synthetic User 0026,user0026@example.test,+91-90000-0026,Delhi,Synthetic profile 0026; record variant 4; seed 20260925.,985316
subject-0027-record-00,subject-0027,Synthetic User 0027,user0027@example.test,+91-90000-0027,Pune,Synthetic profile 0027; record variant 0; seed 20260925.,831363
subject-0027-record-01,subject-0027,Synthetic User 0027,user0027@example.test,+91-90000-0027,Pune,Synthetic profile 0027; record variant 1; seed 20260925.,348977
subject-0027-record-02,subject-0027,Synthetic User 0027,user0027@example.test,+91-90000-0027,Pune,Synthetic profile 0027; record variant 2; seed 20260925.,319627
subject-0027-record-03,subject-0027,Synthetic User 0027,user0027@example.test,+91-90000-0027,Pune,Synthetic profile 0027; record variant 3; seed 20260925.,646942
subject-0027-record-04,subject-0027,Synthetic User 0027,user0027@example.test,+91-90000-0027,Pune,Synthetic profile 0027; record variant 4; seed 20260925.,234821
subject-0028-record-00,subject-0028,Synthetic User 0028,user0028@example.test,+91-90000-0028,Bengaluru,Synthetic profile 0028; record variant 0; seed 20260925.,541780
subject-0028-record-01,subject-0028,Synthetic User 0028,user0028@example.test,+91-90000-0028,Bengaluru,Synthetic profile 0028; record variant 1; seed 20260925.,740508
subject-0028-record-02,subject-0028,Synthetic User 0028,user0028@example.test,+91-90000-0028,Bengaluru,Synthetic profile 0028; record variant 2; seed 20260925.,629007
subject-0028-record-03,subject-0028,Synthetic User 0028,user0028@example.test,+91-90000-0028,Bengaluru,Synthetic profile 0028; record variant 3; seed 20260925.,654397
subject-0028-record-04,subject-0028,Synthetic User 0028,user0028@example.test,+91-90000-0028,Bengaluru,Synthetic profile 0028; record variant 4; seed 20260925.,217184
subject-0029-record-00,subject-0029,Synthetic User 0029,user0029@example.test,+91-90000-0029,Jaipur,Synthetic profile 0029; record variant 0; seed 20260925.,530107
subject-0029-record-01,subject-0029,Synthetic User 0029,user0029@example.test,+91-90000-0029,Jaipur,Synthetic profile 0029; record variant 1; seed 20260925.,827611
subject-0029-record-02,subject-0029,Synthetic User 0029,user0029@example.test,+91-90000-0029,Jaipur,Synthetic profile 0029; record variant 2; seed 20260925.,312600
subject-0029-record-03,subject-0029,Synthetic User 0029,user0029@example.test,+91-90000-0029,Jaipur,Synthetic profile 0029; record variant 3; seed 20260925.,228347
subject-0029-record-04,subject-0029,Synthetic User 0029,user0029@example.test,+91-90000-0029,Jaipur,Synthetic profile 0029; record variant 4; seed 20260925.,455687
subject-0030-record-00,subject-0030,Synthetic User 0030,user0030@example.test,+91-90000-0030,Mohali,Synthetic profile 0030; record variant 0; seed 20260925.,904759
subject-0030-record-01,subject-0030,Synthetic User 0030,user0030@example.test,+91-90000-0030,Mohali,Synthetic profile 0030; record variant 1; seed 20260925.,472604
subject-0030-record-02,subject-0030,Synthetic User 0030,user0030@example.test,+91-90000-0030,Mohali,Synthetic profile 0030; record variant 2; seed 20260925.,152119
subject-0030-record-03,subject-0030,Synthetic User 0030,user0030@example.test,+91-90000-0030,Mohali,Synthetic profile 0030; record variant 3; seed 20260925.,215623
subject-0030-record-04,subject-0030,Synthetic User 0030,user0030@example.test,+91-90000-0030,Mohali,Synthetic profile 0030; record variant 4; seed 20260925.,550212
subject-0031-record-00,subject-0031,Synthetic User 0031,user0031@example.test,+91-90000-0031,Delhi,Synthetic profile 0031; record variant 0; seed 20260925.,247998
subject-0031-record-01,subject-0031,Synthetic User 0031,user0031@example.test,+91-90000-0031,Delhi,Synthetic profile 0031; record variant 1; seed 20260925.,785733
subject-0031-record-02,subject-0031,Synthetic User 0031,user0031@example.test,+91-90000-0031,Delhi,Synthetic profile 0031; record variant 2; seed 20260925.,749394
subject-0031-record-03,subject-0031,Synthetic User 0031,user0031@example.test,+91-90000-0031,Delhi,Synthetic profile 0031; record variant 3; seed 20260925.,446075
subject-0031-record-04,subject-0031,Synthetic User 0031,user0031@example.test,+91-90000-0031,Delhi,Synthetic profile 0031; record variant 4; seed 20260925.,229309
subject-0032-record-00,subject-0032,Synthetic User 0032,user0032@example.test,+91-90000-0032,Pune,Synthetic profile 0032; record variant 0; seed 20260925.,780036
subject-0032-record-01,subject-0032,Synthetic User 0032,user0032@example.test,+91-90000-0032,Pune,Synthetic profile 0032; record variant 1; seed 20260925.,279236
subject-0032-record-02,subject-0032,Synthetic User 0032,user0032@example.test,+91-90000-0032,Pune,Synthetic profile 0032; record variant 2; seed 20260925.,306539
subject-0032-record-03,subject-0032,Synthetic User 0032,user0032@example.test,+91-90000-0032,Pune,Synthetic profile 0032; record variant 3; seed 20260925.,785119
subject-0032-record-04,subject-0032,Synthetic User 0032,user0032@example.test,+91-90000-0032,Pune,Synthetic profile 0032; record variant 4; seed 20260925.,334733
subject-0033-record-00,subject-0033,Synthetic User 0033,user0033@example.test,+91-90000-0033,Bengaluru,Synthetic profile 0033; record variant 0; seed 20260925.,801396
subject-0033-record-01,subject-0033,Synthetic User 0033,user0033@example.test,+91-90000-0033,Bengaluru,Synthetic profile 0033; record variant 1; seed 20260925.,339534
subject-0033-record-02,subject-0033,Synthetic User 0033,user0033@example.test,+91-90000-0033,Bengaluru,Synthetic profile 0033; record variant 2; seed 20260925.,537221
subject-0033-record-03,subject-0033,Synthetic User 0033,user0033@example.test,+91-90000-0033,Bengaluru,Synthetic profile 0033; record variant 3; seed 20260925.,727790
subject-0033-record-04,subject-0033,Synthetic User 0033,user0033@example.test,+91-90000-0033,Bengaluru,Synthetic profile 0033; record variant 4; seed 20260925.,132227
subject-0034-record-00,subject-0034,Synthetic User 0034,user0034@example.test,+91-90000-0034,Jaipur,Synthetic profile 0034; record variant 0; seed 20260925.,334093
subject-0034-record-01,subject-0034,Synthetic User 0034,user0034@example.test,+91-90000-0034,Jaipur,Synthetic profile 0034; record variant 1; seed 20260925.,357690
subject-0034-record-02,subject-0034,Synthetic User 0034,user0034@example.test,+91-90000-0034,Jaipur,Synthetic profile 0034; record variant 2; seed 20260925.,952511
subject-0034-record-03,subject-0034,Synthetic User 0034,user0034@example.test,+91-90000-0034,Jaipur,Synthetic profile 0034; record variant 3; seed 20260925.,268988
subject-0034-record-04,subject-0034,Synthetic User 0034,user0034@example.test,+91-90000-0034,Jaipur,Synthetic profile 0034; record variant 4; seed 20260925.,182447
subject-0035-record-00,subject-0035,Synthetic User 0035,user0035@example.test,+91-90000-0035,Mohali,Synthetic profile 0035; record variant 0; seed 20260925.,619245
subject-0035-record-01,subject-0035,Synthetic User 0035,user0035@example.test,+91-90000-0035,Mohali,Synthetic profile 0035; record variant 1; seed 20260925.,872159
subject-0035-record-02,subject-0035,Synthetic User 0035,user0035@example.test,+91-90000-0035,Mohali,Synthetic profile 0035; record variant 2; seed 20260925.,189829
subject-0035-record-03,subject-0035,Synthetic User 0035,user0035@example.test,+91-90000-0035,Mohali,Synthetic profile 0035; record variant 3; seed 20260925.,230969
subject-0035-record-04,subject-0035,Synthetic User 0035,user0035@example.test,+91-90000-0035,Mohali,Synthetic profile 0035; record variant 4; seed 20260925.,452303
subject-0036-record-00,subject-0036,Synthetic User 0036,user0036@example.test,+91-90000-0036,Delhi,Synthetic profile 0036; record variant 0; seed 20260925.,133010
subject-0036-record-01,subject-0036,Synthetic User 0036,user0036@example.test,+91-90000-0036,Delhi,Synthetic profile 0036; record variant 1; seed 20260925.,874898
subject-0036-record-02,subject-0036,Synthetic User 0036,user0036@example.test,+91-90000-0036,Delhi,Synthetic profile 0036; record variant 2; seed 20260925.,723577
subject-0036-record-03,subject-0036,Synthetic User 0036,user0036@example.test,+91-90000-0036,Delhi,Synthetic profile 0036; record variant 3; seed 20260925.,856062
subject-0036-record-04,subject-0036,Synthetic User 0036,user0036@example.test,+91-90000-0036,Delhi,Synthetic profile 0036; record variant 4; seed 20260925.,543812
subject-0037-record-00,subject-0037,Synthetic User 0037,user0037@example.test,+91-90000-0037,Pune,Synthetic profile 0037; record variant 0; seed 20260925.,478502
subject-0037-record-01,subject-0037,Synthetic User 0037,user0037@example.test,+91-90000-0037,Pune,Synthetic profile 0037; record variant 1; seed 20260925.,483272
subject-0037-record-02,subject-0037,Synthetic User 0037,user0037@example.test,+91-90000-0037,Pune,Synthetic profile 0037; record variant 2; seed 20260925.,390286
subject-0037-record-03,subject-0037,Synthetic User 0037,user0037@example.test,+91-90000-0037,Pune,Synthetic profile 0037; record variant 3; seed 20260925.,250461
subject-0037-record-04,subject-0037,Synthetic User 0037,user0037@example.test,+91-90000-0037,Pune,Synthetic profile 0037; record variant 4; seed 20260925.,580998
subject-0038-record-00,subject-0038,Synthetic User 0038,user0038@example.test,+91-90000-0038,Bengaluru,Synthetic profile 0038; record variant 0; seed 20260925.,909200
subject-0038-record-01,subject-0038,Synthetic User 0038,user0038@example.test,+91-90000-0038,Bengaluru,Synthetic profile 0038; record variant 1; seed 20260925.,600643
subject-0038-record-02,subject-0038,Synthetic User 0038,user0038@example.test,+91-90000-0038,Bengaluru,Synthetic profile 0038; record variant 2; seed 20260925.,287361
subject-0038-record-03,subject-0038,Synthetic User 0038,user0038@example.test,+91-90000-0038,Bengaluru,Synthetic profile 0038; record variant 3; seed 20260925.,213794
subject-0038-record-04,subject-0038,Synthetic User 0038,user0038@example.test,+91-90000-0038,Bengaluru,Synthetic profile 0038; record variant 4; seed 20260925.,199619
subject-0039-record-00,subject-0039,Synthetic User 0039,user0039@example.test,+91-90000-0039,Jaipur,Synthetic profile 0039; record variant 0; seed 20260925.,951840
subject-0039-record-01,subject-0039,Synthetic User 0039,user0039@example.test,+91-90000-0039,Jaipur,Synthetic profile 0039; record variant 1; seed 20260925.,435465
subject-0039-record-02,subject-0039,Synthetic User 0039,user0039@example.test,+91-90000-0039,Jaipur,Synthetic profile 0039; record variant 2; seed 20260925.,522370
subject-0039-record-03,subject-0039,Synthetic User 0039,user0039@example.test,+91-90000-0039,Jaipur,Synthetic profile 0039; record variant 3; seed 20260925.,941452
subject-0039-record-04,subject-0039,Synthetic User 0039,user0039@example.test,+91-90000-0039,Jaipur,Synthetic profile 0039; record variant 4; seed 20260925.,186678
subject-0040-record-00,subject-0040,Synthetic User 0040,user0040@example.test,+91-90000-0040,Mohali,Synthetic profile 0040; record variant 0; seed 20260925.,718863
subject-0040-record-01,subject-0040,Synthetic User 0040,user0040@example.test,+91-90000-0040,Mohali,Synthetic profile 0040; record variant 1; seed 20260925.,869428
subject-0040-record-02,subject-0040,Synthetic User 0040,user0040@example.test,+91-90000-0040,Mohali,Synthetic profile 0040; record variant 2; seed 20260925.,211176
subject-0040-record-03,subject-0040,Synthetic User 0040,user0040@example.test,+91-90000-0040,Mohali,Synthetic profile 0040; record variant 3; seed 20260925.,540812
subject-0040-record-04,subject-0040,Synthetic User 0040,user0040@example.test,+91-90000-0040,Mohali,Synthetic profile 0040; record variant 4; seed 20260925.,500133
subject-0041-record-00,subject-0041,Synthetic User 0041,user0041@example.test,+91-90000-0041,Delhi,Synthetic profile 0041; record variant 0; seed 20260925.,803266
subject-0041-record-01,subject-0041,Synthetic User 0041,user0041@example.test,+91-90000-0041,Delhi,Synthetic profile 0041; record variant 1; seed 20260925.,467754
subject-0041-record-02,subject-0041,Synthetic User 0041,user0041@example.test,+91-90000-0041,Delhi,Synthetic profile 0041; record variant 2; seed 20260925.,670138
subject-0041-record-03,subject-0041,Synthetic User 0041,user0041@example.test,+91-90000-0041,Delhi,Synthetic profile 0041; record variant 3; seed 20260925.,980800
subject-0041-record-04,subject-0041,Synthetic User 0041,user0041@example.test,+91-90000-0041,Delhi,Synthetic profile 0041; record variant 4; seed 20260925.,193679
subject-0042-record-00,subject-0042,Synthetic User 0042,user0042@example.test,+91-90000-0042,Pune,Synthetic profile 0042; record variant 0; seed 20260925.,711540
subject-0042-record-01,subject-0042,Synthetic User 0042,user0042@example.test,+91-90000-0042,Pune,Synthetic profile 0042; record variant 1; seed 20260925.,547260
subject-0042-record-02,subject-0042,Synthetic User 0042,user0042@example.test,+91-90000-0042,Pune,Synthetic profile 0042; record variant 2; seed 20260925.,593829
subject-0042-record-03,subject-0042,Synthetic User 0042,user0042@example.test,+91-90000-0042,Pune,Synthetic profile 0042; record variant 3; seed 20260925.,109269
subject-0042-record-04,subject-0042,Synthetic User 0042,user0042@example.test,+91-90000-0042,Pune,Synthetic profile 0042; record variant 4; seed 20260925.,375961
subject-0043-record-00,subject-0043,Synthetic User 0043,user0043@example.test,+91-90000-0043,Bengaluru,Synthetic profile 0043; record variant 0; seed 20260925.,407104
subject-0043-record-01,subject-0043,Synthetic User 0043,user0043@example.test,+91-90000-0043,Bengaluru,Synthetic profile 0043; record variant 1; seed 20260925.,269902
subject-0043-record-02,subject-0043,Synthetic User 0043,user0043@example.test,+91-90000-0043,Bengaluru,Synthetic profile 0043; record variant 2; seed 20260925.,128829
subject-0043-record-03,subject-0043,Synthetic User 0043,user0043@example.test,+91-90000-0043,Bengaluru,Synthetic profile 0043; record variant 3; seed 20260925.,717999
subject-0043-record-04,subject-0043,Synthetic User 0043,user0043@example.test,+91-90000-0043,Bengaluru,Synthetic profile 0043; record variant 4; seed 20260925.,379395
subject-0044-record-00,subject-0044,Synthetic User 0044,user0044@example.test,+91-90000-0044,Jaipur,Synthetic profile 0044; record variant 0; seed 20260925.,155108
subject-0044-record-01,subject-0044,Synthetic User 0044,user0044@example.test,+91-90000-0044,Jaipur,Synthetic profile 0044; record variant 1; seed 20260925.,734103
subject-0044-record-02,subject-0044,Synthetic User 0044,user0044@example.test,+91-90000-0044,Jaipur,Synthetic profile 0044; record variant 2; seed 20260925.,291941
subject-0044-record-03,subject-0044,Synthetic User 0044,user0044@example.test,+91-90000-0044,Jaipur,Synthetic profile 0044; record variant 3; seed 20260925.,996098
subject-0044-record-04,subject-0044,Synthetic User 0044,user0044@example.test,+91-90000-0044,Jaipur,Synthetic profile 0044; record variant 4; seed 20260925.,634203
subject-0045-record-00,subject-0045,Synthetic User 0045,user0045@example.test,+91-90000-0045,Mohali,Synthetic profile 0045; record variant 0; seed 20260925.,473413
subject-0045-record-01,subject-0045,Synthetic User 0045,user0045@example.test,+91-90000-0045,Mohali,Synthetic profile 0045; record variant 1; seed 20260925.,500507
subject-0045-record-02,subject-0045,Synthetic User 0045,user0045@example.test,+91-90000-0045,Mohali,Synthetic profile 0045; record variant 2; seed 20260925.,852296
subject-0045-record-03,subject-0045,Synthetic User 0045,user0045@example.test,+91-90000-0045,Mohali,Synthetic profile 0045; record variant 3; seed 20260925.,526924
subject-0045-record-04,subject-0045,Synthetic User 0045,user0045@example.test,+91-90000-0045,Mohali,Synthetic profile 0045; record variant 4; seed 20260925.,953602
subject-0046-record-00,subject-0046,Synthetic User 0046,user0046@example.test,+91-90000-0046,Delhi,Synthetic profile 0046; record variant 0; seed 20260925.,439705
subject-0046-record-01,subject-0046,Synthetic User 0046,user0046@example.test,+91-90000-0046,Delhi,Synthetic profile 0046; record variant 1; seed 20260925.,579092
subject-0046-record-02,subject-0046,Synthetic User 0046,user0046@example.test,+91-90000-0046,Delhi,Synthetic profile 0046; record variant 2; seed 20260925.,149488
subject-0046-record-03,subject-0046,Synthetic User 0046,user0046@example.test,+91-90000-0046,Delhi,Synthetic profile 0046; record variant 3; seed 20260925.,668336
subject-0046-record-04,subject-0046,Synthetic User 0046,user0046@example.test,+91-90000-0046,Delhi,Synthetic profile 0046; record variant 4; seed 20260925.,666106
subject-0047-record-00,subject-0047,Synthetic User 0047,user0047@example.test,+91-90000-0047,Pune,Synthetic profile 0047; record variant 0; seed 20260925.,319662
subject-0047-record-01,subject-0047,Synthetic User 0047,user0047@example.test,+91-90000-0047,Pune,Synthetic profile 0047; record variant 1; seed 20260925.,244726
subject-0047-record-02,subject-0047,Synthetic User 0047,user0047@example.test,+91-90000-0047,Pune,Synthetic profile 0047; record variant 2; seed 20260925.,836926
subject-0047-record-03,subject-0047,Synthetic User 0047,user0047@example.test,+91-90000-0047,Pune,Synthetic profile 0047; record variant 3; seed 20260925.,219405
subject-0047-record-04,subject-0047,Synthetic User 0047,user0047@example.test,+91-90000-0047,Pune,Synthetic profile 0047; record variant 4; seed 20260925.,618623
subject-0048-record-00,subject-0048,Synthetic User 0048,user0048@example.test,+91-90000-0048,Bengaluru,Synthetic profile 0048; record variant 0; seed 20260925.,943520
subject-0048-record-01,subject-0048,Synthetic User 0048,user0048@example.test,+91-90000-0048,Bengaluru,Synthetic profile 0048; record variant 1; seed 20260925.,735606
subject-0048-record-02,subject-0048,Synthetic User 0048,user0048@example.test,+91-90000-0048,Bengaluru,Synthetic profile 0048; record variant 2; seed 20260925.,513832
subject-0048-record-03,subject-0048,Synthetic User 0048,user0048@example.test,+91-90000-0048,Bengaluru,Synthetic profile 0048; record variant 3; seed 20260925.,964669
subject-0048-record-04,subject-0048,Synthetic User 0048,user0048@example.test,+91-90000-0048,Bengaluru,Synthetic profile 0048; record variant 4; seed 20260925.,174072
subject-0049-record-00,subject-0049,Synthetic User 0049,user0049@example.test,+91-90000-0049,Jaipur,Synthetic profile 0049; record variant 0; seed 20260925.,305555
subject-0049-record-01,subject-0049,Synthetic User 0049,user0049@example.test,+91-90000-0049,Jaipur,Synthetic profile 0049; record variant 1; seed 20260925.,529015
subject-0049-record-02,subject-0049,Synthetic User 0049,user0049@example.test,+91-90000-0049,Jaipur,Synthetic profile 0049; record variant 2; seed 20260925.,982316
subject-0049-record-03,subject-0049,Synthetic User 0049,user0049@example.test,+91-90000-0049,Jaipur,Synthetic profile 0049; record variant 3; seed 20260925.,787798
subject-0049-record-04,subject-0049,Synthetic User 0049,user0049@example.test,+91-90000-0049,Jaipur,Synthetic profile 0049; record variant 4; seed 20260925.,610543
subject-0050-record-00,subject-0050,Synthetic User 0050,user0050@example.test,+91-90000-0050,Mohali,Synthetic profile 0050; record variant 0; seed 20260925.,837182
subject-0050-record-01,subject-0050,Synthetic User 0050,user0050@example.test,+91-90000-0050,Mohali,Synthetic profile 0050; record variant 1; seed 20260925.,704177
subject-0050-record-02,subject-0050,Synthetic User 0050,user0050@example.test,+91-90000-0050,Mohali,Synthetic profile 0050; record variant 2; seed 20260925.,180915
subject-0050-record-03,subject-0050,Synthetic User 0050,user0050@example.test,+91-90000-0050,Mohali,Synthetic profile 0050; record variant 3; seed 20260925.,620742
subject-0050-record-04,subject-0050,Synthetic User 0050,user0050@example.test,+91-90000-0050,Mohali,Synthetic profile 0050; record variant 4; seed 20260925.,821975
subject-0051-record-00,subject-0051,Synthetic User 0051,user0051@example.test,+91-90000-0051,Delhi,Synthetic profile 0051; record variant 0; seed 20260925.,182031
subject-0051-record-01,subject-0051,Synthetic User 0051,user0051@example.test,+91-90000-0051,Delhi,Synthetic profile 0051; record variant 1; seed 20260925.,849514
subject-0051-record-02,subject-0051,Synthetic User 0051,user0051@example.test,+91-90000-0051,Delhi,Synthetic profile 0051; record variant 2; seed 20260925.,442394
subject-0051-record-03,subject-0051,Synthetic User 0051,user0051@example.test,+91-90000-0051,Delhi,Synthetic profile 0051; record variant 3; seed 20260925.,234802
subject-0051-record-04,subject-0051,Synthetic User 0051,user0051@example.test,+91-90000-0051,Delhi,Synthetic profile 0051; record variant 4; seed 20260925.,834474
subject-0052-record-00,subject-0052,Synthetic User 0052,user0052@example.test,+91-90000-0052,Pune,Synthetic profile 0052; record variant 0; seed 20260925.,517956
subject-0052-record-01,subject-0052,Synthetic User 0052,user0052@example.test,+91-90000-0052,Pune,Synthetic profile 0052; record variant 1; seed 20260925.,823660
subject-0052-record-02,subject-0052,Synthetic User 0052,user0052@example.test,+91-90000-0052,Pune,Synthetic profile 0052; record variant 2; seed 20260925.,591796
subject-0052-record-03,subject-0052,Synthetic User 0052,user0052@example.test,+91-90000-0052,Pune,Synthetic profile 0052; record variant 3; seed 20260925.,203499
subject-0052-record-04,subject-0052,Synthetic User 0052,user0052@example.test,+91-90000-0052,Pune,Synthetic profile 0052; record variant 4; seed 20260925.,980073
subject-0053-record-00,subject-0053,Synthetic User 0053,user0053@example.test,+91-90000-0053,Bengaluru,Synthetic profile 0053; record variant 0; seed 20260925.,427709
subject-0053-record-01,subject-0053,Synthetic User 0053,user0053@example.test,+91-90000-0053,Bengaluru,Synthetic profile 0053; record variant 1; seed 20260925.,520101
subject-0053-record-02,subject-0053,Synthetic User 0053,user0053@example.test,+91-90000-0053,Bengaluru,Synthetic profile 0053; record variant 2; seed 20260925.,644409
subject-0053-record-03,subject-0053,Synthetic User 0053,user0053@example.test,+91-90000-0053,Bengaluru,Synthetic profile 0053; record variant 3; seed 20260925.,534550
subject-0053-record-04,subject-0053,Synthetic User 0053,user0053@example.test,+91-90000-0053,Bengaluru,Synthetic profile 0053; record variant 4; seed 20260925.,137363
subject-0054-record-00,subject-0054,Synthetic User 0054,user0054@example.test,+91-90000-0054,Jaipur,Synthetic profile 0054; record variant 0; seed 20260925.,912825
subject-0054-record-01,subject-0054,Synthetic User 0054,user0054@example.test,+91-90000-0054,Jaipur,Synthetic profile 0054; record variant 1; seed 20260925.,617824
subject-0054-record-02,subject-0054,Synthetic User 0054,user0054@example.test,+91-90000-0054,Jaipur,Synthetic profile 0054; record variant 2; seed 20260925.,409239
subject-0054-record-03,subject-0054,Synthetic User 0054,user0054@example.test,+91-90000-0054,Jaipur,Synthetic profile 0054; record variant 3; seed 20260925.,358175
subject-0054-record-04,subject-0054,Synthetic User 0054,user0054@example.test,+91-90000-0054,Jaipur,Synthetic profile 0054; record variant 4; seed 20260925.,137532
subject-0055-record-00,subject-0055,Synthetic User 0055,user0055@example.test,+91-90000-0055,Mohali,Synthetic profile 0055; record variant 0; seed 20260925.,377332
subject-0055-record-01,subject-0055,Synthetic User 0055,user0055@example.test,+91-90000-0055,Mohali,Synthetic profile 0055; record variant 1; seed 20260925.,435879
subject-0055-record-02,subject-0055,Synthetic User 0055,user0055@example.test,+91-90000-0055,Mohali,Synthetic profile 0055; record variant 2; seed 20260925.,966620
subject-0055-record-03,subject-0055,Synthetic User 0055,user0055@example.test,+91-90000-0055,Mohali,Synthetic profile 0055; record variant 3; seed 20260925.,814255
subject-0055-record-04,subject-0055,Synthetic User 0055,user0055@example.test,+91-90000-0055,Mohali,Synthetic profile 0055; record variant 4; seed 20260925.,140058
subject-0056-record-00,subject-0056,Synthetic User 0056,user0056@example.test,+91-90000-0056,Delhi,Synthetic profile 0056; record variant 0; seed 20260925.,432311
subject-0056-record-01,subject-0056,Synthetic User 0056,user0056@example.test,+91-90000-0056,Delhi,Synthetic profile 0056; record variant 1; seed 20260925.,689414
subject-0056-record-02,subject-0056,Synthetic User 0056,user0056@example.test,+91-90000-0056,Delhi,Synthetic profile 0056; record variant 2; seed 20260925.,266635
subject-0056-record-03,subject-0056,Synthetic User 0056,user0056@example.test,+91-90000-0056,Delhi,Synthetic profile 0056; record variant 3; seed 20260925.,256962
subject-0056-record-04,subject-0056,Synthetic User 0056,user0056@example.test,+91-90000-0056,Delhi,Synthetic profile 0056; record variant 4; seed 20260925.,615605
subject-0057-record-00,subject-0057,Synthetic User 0057,user0057@example.test,+91-90000-0057,Pune,Synthetic profile 0057; record variant 0; seed 20260925.,447399
subject-0057-record-01,subject-0057,Synthetic User 0057,user0057@example.test,+91-90000-0057,Pune,Synthetic profile 0057; record variant 1; seed 20260925.,602817
subject-0057-record-02,subject-0057,Synthetic User 0057,user0057@example.test,+91-90000-0057,Pune,Synthetic profile 0057; record variant 2; seed 20260925.,676670
subject-0057-record-03,subject-0057,Synthetic User 0057,user0057@example.test,+91-90000-0057,Pune,Synthetic profile 0057; record variant 3; seed 20260925.,845747
subject-0057-record-04,subject-0057,Synthetic User 0057,user0057@example.test,+91-90000-0057,Pune,Synthetic profile 0057; record variant 4; seed 20260925.,208006
subject-0058-record-00,subject-0058,Synthetic User 0058,user0058@example.test,+91-90000-0058,Bengaluru,Synthetic profile 0058; record variant 0; seed 20260925.,964025
subject-0058-record-01,subject-0058,Synthetic User 0058,user0058@example.test,+91-90000-0058,Bengaluru,Synthetic profile 0058; record variant 1; seed 20260925.,908556
subject-0058-record-02,subject-0058,Synthetic User 0058,user0058@example.test,+91-90000-0058,Bengaluru,Synthetic profile 0058; record variant 2; seed 20260925.,441070
subject-0058-record-03,subject-0058,Synthetic User 0058,user0058@example.test,+91-90000-0058,Bengaluru,Synthetic profile 0058; record variant 3; seed 20260925.,178432
subject-0058-record-04,subject-0058,Synthetic User 0058,user0058@example.test,+91-90000-0058,Bengaluru,Synthetic profile 0058; record variant 4; seed 20260925.,727946
subject-0059-record-00,subject-0059,Synthetic User 0059,user0059@example.test,+91-90000-0059,Jaipur,Synthetic profile 0059; record variant 0; seed 20260925.,534135
subject-0059-record-01,subject-0059,Synthetic User 0059,user0059@example.test,+91-90000-0059,Jaipur,Synthetic profile 0059; record variant 1; seed 20260925.,752251
subject-0059-record-02,subject-0059,Synthetic User 0059,user0059@example.test,+91-90000-0059,Jaipur,Synthetic profile 0059; record variant 2; seed 20260925.,931190
subject-0059-record-03,subject-0059,Synthetic User 0059,user0059@example.test,+91-90000-0059,Jaipur,Synthetic profile 0059; record variant 3; seed 20260925.,321481
subject-0059-record-04,subject-0059,Synthetic User 0059,user0059@example.test,+91-90000-0059,Jaipur,Synthetic profile 0059; record variant 4; seed 20260925.,741073
subject-0060-record-00,subject-0060,Synthetic User 0060,user0060@example.test,+91-90000-0060,Mohali,Synthetic profile 0060; record variant 0; seed 20260925.,626470
subject-0060-record-01,subject-0060,Synthetic User 0060,user0060@example.test,+91-90000-0060,Mohali,Synthetic profile 0060; record variant 1; seed 20260925.,764594
subject-0060-record-02,subject-0060,Synthetic User 0060,user0060@example.test,+91-90000-0060,Mohali,Synthetic profile 0060; record variant 2; seed 20260925.,309288
subject-0060-record-03,subject-0060,Synthetic User 0060,user0060@example.test,+91-90000-0060,Mohali,Synthetic profile 0060; record variant 3; seed 20260925.,255733
subject-0060-record-04,subject-0060,Synthetic User 0060,user0060@example.test,+91-90000-0060,Mohali,Synthetic profile 0060; record variant 4; seed 20260925.,856863
subject-0061-record-00,subject-0061,Synthetic User 0061,user0061@example.test,+91-90000-0061,Delhi,Synthetic profile 0061; record variant 0; seed 20260925.,392676
subject-0061-record-01,subject-0061,Synthetic User 0061,user0061@example.test,+91-90000-0061,Delhi,Synthetic profile 0061; record variant 1; seed 20260925.,980573
subject-0061-record-02,subject-0061,Synthetic User 0061,user0061@example.test,+91-90000-0061,Delhi,Synthetic profile 0061; record variant 2; seed 20260925.,686755
subject-0061-record-03,subject-0061,Synthetic User 0061,user0061@example.test,+91-90000-0061,Delhi,Synthetic profile 0061; record variant 3; seed 20260925.,163526
subject-0061-record-04,subject-0061,Synthetic User 0061,user0061@example.test,+91-90000-0061,Delhi,Synthetic profile 0061; record variant 4; seed 20260925.,276321
subject-0062-record-00,subject-0062,Synthetic User 0062,user0062@example.test,+91-90000-0062,Pune,Synthetic profile 0062; record variant 0; seed 20260925.,914048
subject-0062-record-01,subject-0062,Synthetic User 0062,user0062@example.test,+91-90000-0062,Pune,Synthetic profile 0062; record variant 1; seed 20260925.,573092
subject-0062-record-02,subject-0062,Synthetic User 0062,user0062@example.test,+91-90000-0062,Pune,Synthetic profile 0062; record variant 2; seed 20260925.,731262
subject-0062-record-03,subject-0062,Synthetic User 0062,user0062@example.test,+91-90000-0062,Pune,Synthetic profile 0062; record variant 3; seed 20260925.,591092
subject-0062-record-04,subject-0062,Synthetic User 0062,user0062@example.test,+91-90000-0062,Pune,Synthetic profile 0062; record variant 4; seed 20260925.,214056
subject-0063-record-00,subject-0063,Synthetic User 0063,user0063@example.test,+91-90000-0063,Bengaluru,Synthetic profile 0063; record variant 0; seed 20260925.,970755
subject-0063-record-01,subject-0063,Synthetic User 0063,user0063@example.test,+91-90000-0063,Bengaluru,Synthetic profile 0063; record variant 1; seed 20260925.,426763
subject-0063-record-02,subject-0063,Synthetic User 0063,user0063@example.test,+91-90000-0063,Bengaluru,Synthetic profile 0063; record variant 2; seed 20260925.,463373
subject-0063-record-03,subject-0063,Synthetic User 0063,user0063@example.test,+91-90000-0063,Bengaluru,Synthetic profile 0063; record variant 3; seed 20260925.,435151
subject-0063-record-04,subject-0063,Synthetic User 0063,user0063@example.test,+91-90000-0063,Bengaluru,Synthetic profile 0063; record variant 4; seed 20260925.,832168
subject-0064-record-00,subject-0064,Synthetic User 0064,user0064@example.test,+91-90000-0064,Jaipur,Synthetic profile 0064; record variant 0; seed 20260925.,140648
subject-0064-record-01,subject-0064,Synthetic User 0064,user0064@example.test,+91-90000-0064,Jaipur,Synthetic profile 0064; record variant 1; seed 20260925.,706340
subject-0064-record-02,subject-0064,Synthetic User 0064,user0064@example.test,+91-90000-0064,Jaipur,Synthetic profile 0064; record variant 2; seed 20260925.,270494
subject-0064-record-03,subject-0064,Synthetic User 0064,user0064@example.test,+91-90000-0064,Jaipur,Synthetic profile 0064; record variant 3; seed 20260925.,480478
subject-0064-record-04,subject-0064,Synthetic User 0064,user0064@example.test,+91-90000-0064,Jaipur,Synthetic profile 0064; record variant 4; seed 20260925.,544824
subject-0065-record-00,subject-0065,Synthetic User 0065,user0065@example.test,+91-90000-0065,Mohali,Synthetic profile 0065; record variant 0; seed 20260925.,398828
subject-0065-record-01,subject-0065,Synthetic User 0065,user0065@example.test,+91-90000-0065,Mohali,Synthetic profile 0065; record variant 1; seed 20260925.,980588
subject-0065-record-02,subject-0065,Synthetic User 0065,user0065@example.test,+91-90000-0065,Mohali,Synthetic profile 0065; record variant 2; seed 20260925.,910973
subject-0065-record-03,subject-0065,Synthetic User 0065,user0065@example.test,+91-90000-0065,Mohali,Synthetic profile 0065; record variant 3; seed 20260925.,148017
subject-0065-record-04,subject-0065,Synthetic User 0065,user0065@example.test,+91-90000-0065,Mohali,Synthetic profile 0065; record variant 4; seed 20260925.,731727
subject-0066-record-00,subject-0066,Synthetic User 0066,user0066@example.test,+91-90000-0066,Delhi,Synthetic profile 0066; record variant 0; seed 20260925.,352128
subject-0066-record-01,subject-0066,Synthetic User 0066,user0066@example.test,+91-90000-0066,Delhi,Synthetic profile 0066; record variant 1; seed 20260925.,190978
subject-0066-record-02,subject-0066,Synthetic User 0066,user0066@example.test,+91-90000-0066,Delhi,Synthetic profile 0066; record variant 2; seed 20260925.,396800
subject-0066-record-03,subject-0066,Synthetic User 0066,user0066@example.test,+91-90000-0066,Delhi,Synthetic profile 0066; record variant 3; seed 20260925.,245376
subject-0066-record-04,subject-0066,Synthetic User 0066,user0066@example.test,+91-90000-0066,Delhi,Synthetic profile 0066; record variant 4; seed 20260925.,131122
subject-0067-record-00,subject-0067,Synthetic User 0067,user0067@example.test,+91-90000-0067,Pune,Synthetic profile 0067; record variant 0; seed 20260925.,101126
subject-0067-record-01,subject-0067,Synthetic User 0067,user0067@example.test,+91-90000-0067,Pune,Synthetic profile 0067; record variant 1; seed 20260925.,951631
subject-0067-record-02,subject-0067,Synthetic User 0067,user0067@example.test,+91-90000-0067,Pune,Synthetic profile 0067; record variant 2; seed 20260925.,929694
subject-0067-record-03,subject-0067,Synthetic User 0067,user0067@example.test,+91-90000-0067,Pune,Synthetic profile 0067; record variant 3; seed 20260925.,204255
subject-0067-record-04,subject-0067,Synthetic User 0067,user0067@example.test,+91-90000-0067,Pune,Synthetic profile 0067; record variant 4; seed 20260925.,498231
subject-0068-record-00,subject-0068,Synthetic User 0068,user0068@example.test,+91-90000-0068,Bengaluru,Synthetic profile 0068; record variant 0; seed 20260925.,824746
subject-0068-record-01,subject-0068,Synthetic User 0068,user0068@example.test,+91-90000-0068,Bengaluru,Synthetic profile 0068; record variant 1; seed 20260925.,366980
subject-0068-record-02,subject-0068,Synthetic User 0068,user0068@example.test,+91-90000-0068,Bengaluru,Synthetic profile 0068; record variant 2; seed 20260925.,692658
subject-0068-record-03,subject-0068,Synthetic User 0068,user0068@example.test,+91-90000-0068,Bengaluru,Synthetic profile 0068; record variant 3; seed 20260925.,451227
subject-0068-record-04,subject-0068,Synthetic User 0068,user0068@example.test,+91-90000-0068,Bengaluru,Synthetic profile 0068; record variant 4; seed 20260925.,173763
subject-0069-record-00,subject-0069,Synthetic User 0069,user0069@example.test,+91-90000-0069,Jaipur,Synthetic profile 0069; record variant 0; seed 20260925.,299789
subject-0069-record-01,subject-0069,Synthetic User 0069,user0069@example.test,+91-90000-0069,Jaipur,Synthetic profile 0069; record variant 1; seed 20260925.,195295
subject-0069-record-02,subject-0069,Synthetic User 0069,user0069@example.test,+91-90000-0069,Jaipur,Synthetic profile 0069; record variant 2; seed 20260925.,616389
subject-0069-record-03,subject-0069,Synthetic User 0069,user0069@example.test,+91-90000-0069,Jaipur,Synthetic profile 0069; record variant 3; seed 20260925.,581604
subject-0069-record-04,subject-0069,Synthetic User 0069,user0069@example.test,+91-90000-0069,Jaipur,Synthetic profile 0069; record variant 4; seed 20260925.,712646
subject-0070-record-00,subject-0070,Synthetic User 0070,user0070@example.test,+91-90000-0070,Mohali,Synthetic profile 0070; record variant 0; seed 20260925.,497819
subject-0070-record-01,subject-0070,Synthetic User 0070,user0070@example.test,+91-90000-0070,Mohali,Synthetic profile 0070; record variant 1; seed 20260925.,752353
subject-0070-record-02,subject-0070,Synthetic User 0070,user0070@example.test,+91-90000-0070,Mohali,Synthetic profile 0070; record variant 2; seed 20260925.,328328
subject-0070-record-03,subject-0070,Synthetic User 0070,user0070@example.test,+91-90000-0070,Mohali,Synthetic profile 0070; record variant 3; seed 20260925.,983227
subject-0070-record-04,subject-0070,Synthetic User 0070,user0070@example.test,+91-90000-0070,Mohali,Synthetic profile 0070; record variant 4; seed 20260925.,302429
subject-0071-record-00,subject-0071,Synthetic User 0071,user0071@example.test,+91-90000-0071,Delhi,Synthetic profile 0071; record variant 0; seed 20260925.,194638
subject-0071-record-01,subject-0071,Synthetic User 0071,user0071@example.test,+91-90000-0071,Delhi,Synthetic profile 0071; record variant 1; seed 20260925.,216159
subject-0071-record-02,subject-0071,Synthetic User 0071,user0071@example.test,+91-90000-0071,Delhi,Synthetic profile 0071; record variant 2; seed 20260925.,711205
subject-0071-record-03,subject-0071,Synthetic User 0071,user0071@example.test,+91-90000-0071,Delhi,Synthetic profile 0071; record variant 3; seed 20260925.,418506
subject-0071-record-04,subject-0071,Synthetic User 0071,user0071@example.test,+91-90000-0071,Delhi,Synthetic profile 0071; record variant 4; seed 20260925.,309994
subject-0072-record-00,subject-0072,Synthetic User 0072,user0072@example.test,+91-90000-0072,Pune,Synthetic profile 0072; record variant 0; seed 20260925.,614961
subject-0072-record-01,subject-0072,Synthetic User 0072,user0072@example.test,+91-90000-0072,Pune,Synthetic profile 0072; record variant 1; seed 20260925.,922725
subject-0072-record-02,subject-0072,Synthetic User 0072,user0072@example.test,+91-90000-0072,Pune,Synthetic profile 0072; record variant 2; seed 20260925.,198795
subject-0072-record-03,subject-0072,Synthetic User 0072,user0072@example.test,+91-90000-0072,Pune,Synthetic profile 0072; record variant 3; seed 20260925.,894105
subject-0072-record-04,subject-0072,Synthetic User 0072,user0072@example.test,+91-90000-0072,Pune,Synthetic profile 0072; record variant 4; seed 20260925.,163998
subject-0073-record-00,subject-0073,Synthetic User 0073,user0073@example.test,+91-90000-0073,Bengaluru,Synthetic profile 0073; record variant 0; seed 20260925.,428010
subject-0073-record-01,subject-0073,Synthetic User 0073,user0073@example.test,+91-90000-0073,Bengaluru,Synthetic profile 0073; record variant 1; seed 20260925.,709700
subject-0073-record-02,subject-0073,Synthetic User 0073,user0073@example.test,+91-90000-0073,Bengaluru,Synthetic profile 0073; record variant 2; seed 20260925.,880109
subject-0073-record-03,subject-0073,Synthetic User 0073,user0073@example.test,+91-90000-0073,Bengaluru,Synthetic profile 0073; record variant 3; seed 20260925.,458370
subject-0073-record-04,subject-0073,Synthetic User 0073,user0073@example.test,+91-90000-0073,Bengaluru,Synthetic profile 0073; record variant 4; seed 20260925.,146052
subject-0074-record-00,subject-0074,Synthetic User 0074,user0074@example.test,+91-90000-0074,Jaipur,Synthetic profile 0074; record variant 0; seed 20260925.,927921
subject-0074-record-01,subject-0074,Synthetic User 0074,user0074@example.test,+91-90000-0074,Jaipur,Synthetic profile 0074; record variant 1; seed 20260925.,236004
subject-0074-record-02,subject-0074,Synthetic User 0074,user0074@example.test,+91-90000-0074,Jaipur,Synthetic profile 0074; record variant 2; seed 20260925.,221436
subject-0074-record-03,subject-0074,Synthetic User 0074,user0074@example.test,+91-90000-0074,Jaipur,Synthetic profile 0074; record variant 3; seed 20260925.,963096
subject-0074-record-04,subject-0074,Synthetic User 0074,user0074@example.test,+91-90000-0074,Jaipur,Synthetic profile 0074; record variant 4; seed 20260925.,464994
subject-0075-record-00,subject-0075,Synthetic User 0075,user0075@example.test,+91-90000-0075,Mohali,Synthetic profile 0075; record variant 0; seed 20260925.,134302
subject-0075-record-01,subject-0075,Synthetic User 0075,user0075@example.test,+91-90000-0075,Mohali,Synthetic profile 0075; record variant 1; seed 20260925.,877587
subject-0075-record-02,subject-0075,Synthetic User 0075,user0075@example.test,+91-90000-0075,Mohali,Synthetic profile 0075; record variant 2; seed 20260925.,540786
subject-0075-record-03,subject-0075,Synthetic User 0075,user0075@example.test,+91-90000-0075,Mohali,Synthetic profile 0075; record variant 3; seed 20260925.,164231
subject-0075-record-04,subject-0075,Synthetic User 0075,user0075@example.test,+91-90000-0075,Mohali,Synthetic profile 0075; record variant 4; seed 20260925.,896985
subject-0076-record-00,subject-0076,Synthetic User 0076,user0076@example.test,+91-90000-0076,Delhi,Synthetic profile 0076; record variant 0; seed 20260925.,904442
subject-0076-record-01,subject-0076,Synthetic User 0076,user0076@example.test,+91-90000-0076,Delhi,Synthetic profile 0076; record variant 1; seed 20260925.,214458
subject-0076-record-02,subject-0076,Synthetic User 0076,user0076@example.test,+91-90000-0076,Delhi,Synthetic profile 0076; record variant 2; seed 20260925.,642850
subject-0076-record-03,subject-0076,Synthetic User 0076,user0076@example.test,+91-90000-0076,Delhi,Synthetic profile 0076; record variant 3; seed 20260925.,793351
subject-0076-record-04,subject-0076,Synthetic User 0076,user0076@example.test,+91-90000-0076,Delhi,Synthetic profile 0076; record variant 4; seed 20260925.,291265
subject-0077-record-00,subject-0077,Synthetic User 0077,user0077@example.test,+91-90000-0077,Pune,Synthetic profile 0077; record variant 0; seed 20260925.,744964
subject-0077-record-01,subject-0077,Synthetic User 0077,user0077@example.test,+91-90000-0077,Pune,Synthetic profile 0077; record variant 1; seed 20260925.,463983
subject-0077-record-02,subject-0077,Synthetic User 0077,user0077@example.test,+91-90000-0077,Pune,Synthetic profile 0077; record variant 2; seed 20260925.,145477
subject-0077-record-03,subject-0077,Synthetic User 0077,user0077@example.test,+91-90000-0077,Pune,Synthetic profile 0077; record variant 3; seed 20260925.,287599
subject-0077-record-04,subject-0077,Synthetic User 0077,user0077@example.test,+91-90000-0077,Pune,Synthetic profile 0077; record variant 4; seed 20260925.,588985
subject-0078-record-00,subject-0078,Synthetic User 0078,user0078@example.test,+91-90000-0078,Bengaluru,Synthetic profile 0078; record variant 0; seed 20260925.,212943
subject-0078-record-01,subject-0078,Synthetic User 0078,user0078@example.test,+91-90000-0078,Bengaluru,Synthetic profile 0078; record variant 1; seed 20260925.,559333
subject-0078-record-02,subject-0078,Synthetic User 0078,user0078@example.test,+91-90000-0078,Bengaluru,Synthetic profile 0078; record variant 2; seed 20260925.,643437
subject-0078-record-03,subject-0078,Synthetic User 0078,user0078@example.test,+91-90000-0078,Bengaluru,Synthetic profile 0078; record variant 3; seed 20260925.,511357
subject-0078-record-04,subject-0078,Synthetic User 0078,user0078@example.test,+91-90000-0078,Bengaluru,Synthetic profile 0078; record variant 4; seed 20260925.,119551
subject-0079-record-00,subject-0079,Synthetic User 0079,user0079@example.test,+91-90000-0079,Jaipur,Synthetic profile 0079; record variant 0; seed 20260925.,145339
subject-0079-record-01,subject-0079,Synthetic User 0079,user0079@example.test,+91-90000-0079,Jaipur,Synthetic profile 0079; record variant 1; seed 20260925.,919314
subject-0079-record-02,subject-0079,Synthetic User 0079,user0079@example.test,+91-90000-0079,Jaipur,Synthetic profile 0079; record variant 2; seed 20260925.,368441
subject-0079-record-03,subject-0079,Synthetic User 0079,user0079@example.test,+91-90000-0079,Jaipur,Synthetic profile 0079; record variant 3; seed 20260925.,941042
subject-0079-record-04,subject-0079,Synthetic User 0079,user0079@example.test,+91-90000-0079,Jaipur,Synthetic profile 0079; record variant 4; seed 20260925.,143525
subject-0080-record-00,subject-0080,Synthetic User 0080,user0080@example.test,+91-90000-0080,Mohali,Synthetic profile 0080; record variant 0; seed 20260925.,214430
subject-0080-record-01,subject-0080,Synthetic User 0080,user0080@example.test,+91-90000-0080,Mohali,Synthetic profile 0080; record variant 1; seed 20260925.,776305
subject-0080-record-02,subject-0080,Synthetic User 0080,user0080@example.test,+91-90000-0080,Mohali,Synthetic profile 0080; record variant 2; seed 20260925.,681895
subject-0080-record-03,subject-0080,Synthetic User 0080,user0080@example.test,+91-90000-0080,Mohali,Synthetic profile 0080; record variant 3; seed 20260925.,152406
subject-0080-record-04,subject-0080,Synthetic User 0080,user0080@example.test,+91-90000-0080,Mohali,Synthetic profile 0080; record variant 4; seed 20260925.,991953
subject-0081-record-00,subject-0081,Synthetic User 0081,user0081@example.test,+91-90000-0081,Delhi,Synthetic profile 0081; record variant 0; seed 20260925.,159687
subject-0081-record-01,subject-0081,Synthetic User 0081,user0081@example.test,+91-90000-0081,Delhi,Synthetic profile 0081; record variant 1; seed 20260925.,792423
subject-0081-record-02,subject-0081,Synthetic User 0081,user0081@example.test,+91-90000-0081,Delhi,Synthetic profile 0081; record variant 2; seed 20260925.,171447
subject-0081-record-03,subject-0081,Synthetic User 0081,user0081@example.test,+91-90000-0081,Delhi,Synthetic profile 0081; record variant 3; seed 20260925.,540738
subject-0081-record-04,subject-0081,Synthetic User 0081,user0081@example.test,+91-90000-0081,Delhi,Synthetic profile 0081; record variant 4; seed 20260925.,688687
subject-0082-record-00,subject-0082,Synthetic User 0082,user0082@example.test,+91-90000-0082,Pune,Synthetic profile 0082; record variant 0; seed 20260925.,248256
subject-0082-record-01,subject-0082,Synthetic User 0082,user0082@example.test,+91-90000-0082,Pune,Synthetic profile 0082; record variant 1; seed 20260925.,545846
subject-0082-record-02,subject-0082,Synthetic User 0082,user0082@example.test,+91-90000-0082,Pune,Synthetic profile 0082; record variant 2; seed 20260925.,571516
subject-0082-record-03,subject-0082,Synthetic User 0082,user0082@example.test,+91-90000-0082,Pune,Synthetic profile 0082; record variant 3; seed 20260925.,725299
subject-0082-record-04,subject-0082,Synthetic User 0082,user0082@example.test,+91-90000-0082,Pune,Synthetic profile 0082; record variant 4; seed 20260925.,766957
subject-0083-record-00,subject-0083,Synthetic User 0083,user0083@example.test,+91-90000-0083,Bengaluru,Synthetic profile 0083; record variant 0; seed 20260925.,663587
subject-0083-record-01,subject-0083,Synthetic User 0083,user0083@example.test,+91-90000-0083,Bengaluru,Synthetic profile 0083; record variant 1; seed 20260925.,478997
subject-0083-record-02,subject-0083,Synthetic User 0083,user0083@example.test,+91-90000-0083,Bengaluru,Synthetic profile 0083; record variant 2; seed 20260925.,467309
subject-0083-record-03,subject-0083,Synthetic User 0083,user0083@example.test,+91-90000-0083,Bengaluru,Synthetic profile 0083; record variant 3; seed 20260925.,398264
subject-0083-record-04,subject-0083,Synthetic User 0083,user0083@example.test,+91-90000-0083,Bengaluru,Synthetic profile 0083; record variant 4; seed 20260925.,337636
subject-0084-record-00,subject-0084,Synthetic User 0084,user0084@example.test,+91-90000-0084,Jaipur,Synthetic profile 0084; record variant 0; seed 20260925.,369649
subject-0084-record-01,subject-0084,Synthetic User 0084,user0084@example.test,+91-90000-0084,Jaipur,Synthetic profile 0084; record variant 1; seed 20260925.,965937
subject-0084-record-02,subject-0084,Synthetic User 0084,user0084@example.test,+91-90000-0084,Jaipur,Synthetic profile 0084; record variant 2; seed 20260925.,205565
subject-0084-record-03,subject-0084,Synthetic User 0084,user0084@example.test,+91-90000-0084,Jaipur,Synthetic profile 0084; record variant 3; seed 20260925.,360940
subject-0084-record-04,subject-0084,Synthetic User 0084,user0084@example.test,+91-90000-0084,Jaipur,Synthetic profile 0084; record variant 4; seed 20260925.,180546
subject-0085-record-00,subject-0085,Synthetic User 0085,user0085@example.test,+91-90000-0085,Mohali,Synthetic profile 0085; record variant 0; seed 20260925.,804125
subject-0085-record-01,subject-0085,Synthetic User 0085,user0085@example.test,+91-90000-0085,Mohali,Synthetic profile 0085; record variant 1; seed 20260925.,292393
subject-0085-record-02,subject-0085,Synthetic User 0085,user0085@example.test,+91-90000-0085,Mohali,Synthetic profile 0085; record variant 2; seed 20260925.,986146
subject-0085-record-03,subject-0085,Synthetic User 0085,user0085@example.test,+91-90000-0085,Mohali,Synthetic profile 0085; record variant 3; seed 20260925.,917895
subject-0085-record-04,subject-0085,Synthetic User 0085,user0085@example.test,+91-90000-0085,Mohali,Synthetic profile 0085; record variant 4; seed 20260925.,706654
subject-0086-record-00,subject-0086,Synthetic User 0086,user0086@example.test,+91-90000-0086,Delhi,Synthetic profile 0086; record variant 0; seed 20260925.,588027
subject-0086-record-01,subject-0086,Synthetic User 0086,user0086@example.test,+91-90000-0086,Delhi,Synthetic profile 0086; record variant 1; seed 20260925.,824436
subject-0086-record-02,subject-0086,Synthetic User 0086,user0086@example.test,+91-90000-0086,Delhi,Synthetic profile 0086; record variant 2; seed 20260925.,226819
subject-0086-record-03,subject-0086,Synthetic User 0086,user0086@example.test,+91-90000-0086,Delhi,Synthetic profile 0086; record variant 3; seed 20260925.,697216
subject-0086-record-04,subject-0086,Synthetic User 0086,user0086@example.test,+91-90000-0086,Delhi,Synthetic profile 0086; record variant 4; seed 20260925.,592361
subject-0087-record-00,subject-0087,Synthetic User 0087,user0087@example.test,+91-90000-0087,Pune,Synthetic profile 0087; record variant 0; seed 20260925.,222286
subject-0087-record-01,subject-0087,Synthetic User 0087,user0087@example.test,+91-90000-0087,Pune,Synthetic profile 0087; record variant 1; seed 20260925.,306314
subject-0087-record-02,subject-0087,Synthetic User 0087,user0087@example.test,+91-90000-0087,Pune,Synthetic profile 0087; record variant 2; seed 20260925.,539351
subject-0087-record-03,subject-0087,Synthetic User 0087,user0087@example.test,+91-90000-0087,Pune,Synthetic profile 0087; record variant 3; seed 20260925.,779299
subject-0087-record-04,subject-0087,Synthetic User 0087,user0087@example.test,+91-90000-0087,Pune,Synthetic profile 0087; record variant 4; seed 20260925.,895617
subject-0088-record-00,subject-0088,Synthetic User 0088,user0088@example.test,+91-90000-0088,Bengaluru,Synthetic profile 0088; record variant 0; seed 20260925.,626356
subject-0088-record-01,subject-0088,Synthetic User 0088,user0088@example.test,+91-90000-0088,Bengaluru,Synthetic profile 0088; record variant 1; seed 20260925.,481695
subject-0088-record-02,subject-0088,Synthetic User 0088,user0088@example.test,+91-90000-0088,Bengaluru,Synthetic profile 0088; record variant 2; seed 20260925.,954156
subject-0088-record-03,subject-0088,Synthetic User 0088,user0088@example.test,+91-90000-0088,Bengaluru,Synthetic profile 0088; record variant 3; seed 20260925.,601673
subject-0088-record-04,subject-0088,Synthetic User 0088,user0088@example.test,+91-90000-0088,Bengaluru,Synthetic profile 0088; record variant 4; seed 20260925.,730137
subject-0089-record-00,subject-0089,Synthetic User 0089,user0089@example.test,+91-90000-0089,Jaipur,Synthetic profile 0089; record variant 0; seed 20260925.,208056
subject-0089-record-01,subject-0089,Synthetic User 0089,user0089@example.test,+91-90000-0089,Jaipur,Synthetic profile 0089; record variant 1; seed 20260925.,201708
subject-0089-record-02,subject-0089,Synthetic User 0089,user0089@example.test,+91-90000-0089,Jaipur,Synthetic profile 0089; record variant 2; seed 20260925.,150823
subject-0089-record-03,subject-0089,Synthetic User 0089,user0089@example.test,+91-90000-0089,Jaipur,Synthetic profile 0089; record variant 3; seed 20260925.,861538
subject-0089-record-04,subject-0089,Synthetic User 0089,user0089@example.test,+91-90000-0089,Jaipur,Synthetic profile 0089; record variant 4; seed 20260925.,819553
subject-0090-record-00,subject-0090,Synthetic User 0090,user0090@example.test,+91-90000-0090,Mohali,Synthetic profile 0090; record variant 0; seed 20260925.,386035
subject-0090-record-01,subject-0090,Synthetic User 0090,user0090@example.test,+91-90000-0090,Mohali,Synthetic profile 0090; record variant 1; seed 20260925.,273060
subject-0090-record-02,subject-0090,Synthetic User 0090,user0090@example.test,+91-90000-0090,Mohali,Synthetic profile 0090; record variant 2; seed 20260925.,371299
subject-0090-record-03,subject-0090,Synthetic User 0090,user0090@example.test,+91-90000-0090,Mohali,Synthetic profile 0090; record variant 3; seed 20260925.,861257
subject-0090-record-04,subject-0090,Synthetic User 0090,user0090@example.test,+91-90000-0090,Mohali,Synthetic profile 0090; record variant 4; seed 20260925.,308946
subject-0091-record-00,subject-0091,Synthetic User 0091,user0091@example.test,+91-90000-0091,Delhi,Synthetic profile 0091; record variant 0; seed 20260925.,857378
subject-0091-record-01,subject-0091,Synthetic User 0091,user0091@example.test,+91-90000-0091,Delhi,Synthetic profile 0091; record variant 1; seed 20260925.,811825
subject-0091-record-02,subject-0091,Synthetic User 0091,user0091@example.test,+91-90000-0091,Delhi,Synthetic profile 0091; record variant 2; seed 20260925.,791577
subject-0091-record-03,subject-0091,Synthetic User 0091,user0091@example.test,+91-90000-0091,Delhi,Synthetic profile 0091; record variant 3; seed 20260925.,262190
subject-0091-record-04,subject-0091,Synthetic User 0091,user0091@example.test,+91-90000-0091,Delhi,Synthetic profile 0091; record variant 4; seed 20260925.,387180
subject-0092-record-00,subject-0092,Synthetic User 0092,user0092@example.test,+91-90000-0092,Pune,Synthetic profile 0092; record variant 0; seed 20260925.,702391
subject-0092-record-01,subject-0092,Synthetic User 0092,user0092@example.test,+91-90000-0092,Pune,Synthetic profile 0092; record variant 1; seed 20260925.,111524
subject-0092-record-02,subject-0092,Synthetic User 0092,user0092@example.test,+91-90000-0092,Pune,Synthetic profile 0092; record variant 2; seed 20260925.,481960
subject-0092-record-03,subject-0092,Synthetic User 0092,user0092@example.test,+91-90000-0092,Pune,Synthetic profile 0092; record variant 3; seed 20260925.,939822
subject-0092-record-04,subject-0092,Synthetic User 0092,user0092@example.test,+91-90000-0092,Pune,Synthetic profile 0092; record variant 4; seed 20260925.,141814
subject-0093-record-00,subject-0093,Synthetic User 0093,user0093@example.test,+91-90000-0093,Bengaluru,Synthetic profile 0093; record variant 0; seed 20260925.,142466
subject-0093-record-01,subject-0093,Synthetic User 0093,user0093@example.test,+91-90000-0093,Bengaluru,Synthetic profile 0093; record variant 1; seed 20260925.,506831
subject-0093-record-02,subject-0093,Synthetic User 0093,user0093@example.test,+91-90000-0093,Bengaluru,Synthetic profile 0093; record variant 2; seed 20260925.,998831
subject-0093-record-03,subject-0093,Synthetic User 0093,user0093@example.test,+91-90000-0093,Bengaluru,Synthetic profile 0093; record variant 3; seed 20260925.,556688
subject-0093-record-04,subject-0093,Synthetic User 0093,user0093@example.test,+91-90000-0093,Bengaluru,Synthetic profile 0093; record variant 4; seed 20260925.,236427
subject-0094-record-00,subject-0094,Synthetic User 0094,user0094@example.test,+91-90000-0094,Jaipur,Synthetic profile 0094; record variant 0; seed 20260925.,274516
subject-0094-record-01,subject-0094,Synthetic User 0094,user0094@example.test,+91-90000-0094,Jaipur,Synthetic profile 0094; record variant 1; seed 20260925.,481439
subject-0094-record-02,subject-0094,Synthetic User 0094,user0094@example.test,+91-90000-0094,Jaipur,Synthetic profile 0094; record variant 2; seed 20260925.,101929
subject-0094-record-03,subject-0094,Synthetic User 0094,user0094@example.test,+91-90000-0094,Jaipur,Synthetic profile 0094; record variant 3; seed 20260925.,399069
subject-0094-record-04,subject-0094,Synthetic User 0094,user0094@example.test,+91-90000-0094,Jaipur,Synthetic profile 0094; record variant 4; seed 20260925.,774072
subject-0095-record-00,subject-0095,Synthetic User 0095,user0095@example.test,+91-90000-0095,Mohali,Synthetic profile 0095; record variant 0; seed 20260925.,692285
subject-0095-record-01,subject-0095,Synthetic User 0095,user0095@example.test,+91-90000-0095,Mohali,Synthetic profile 0095; record variant 1; seed 20260925.,186835
subject-0095-record-02,subject-0095,Synthetic User 0095,user0095@example.test,+91-90000-0095,Mohali,Synthetic profile 0095; record variant 2; seed 20260925.,989334
subject-0095-record-03,subject-0095,Synthetic User 0095,user0095@example.test,+91-90000-0095,Mohali,Synthetic profile 0095; record variant 3; seed 20260925.,289993
subject-0095-record-04,subject-0095,Synthetic User 0095,user0095@example.test,+91-90000-0095,Mohali,Synthetic profile 0095; record variant 4; seed 20260925.,432550
subject-0096-record-00,subject-0096,Synthetic User 0096,user0096@example.test,+91-90000-0096,Delhi,Synthetic profile 0096; record variant 0; seed 20260925.,852387
subject-0096-record-01,subject-0096,Synthetic User 0096,user0096@example.test,+91-90000-0096,Delhi,Synthetic profile 0096; record variant 1; seed 20260925.,632452
subject-0096-record-02,subject-0096,Synthetic User 0096,user0096@example.test,+91-90000-0096,Delhi,Synthetic profile 0096; record variant 2; seed 20260925.,913489
subject-0096-record-03,subject-0096,Synthetic User 0096,user0096@example.test,+91-90000-0096,Delhi,Synthetic profile 0096; record variant 3; seed 20260925.,696511
subject-0096-record-04,subject-0096,Synthetic User 0096,user0096@example.test,+91-90000-0096,Delhi,Synthetic profile 0096; record variant 4; seed 20260925.,508301
subject-0097-record-00,subject-0097,Synthetic User 0097,user0097@example.test,+91-90000-0097,Pune,Synthetic profile 0097; record variant 0; seed 20260925.,427137
subject-0097-record-01,subject-0097,Synthetic User 0097,user0097@example.test,+91-90000-0097,Pune,Synthetic profile 0097; record variant 1; seed 20260925.,349300
subject-0097-record-02,subject-0097,Synthetic User 0097,user0097@example.test,+91-90000-0097,Pune,Synthetic profile 0097; record variant 2; seed 20260925.,100907
subject-0097-record-03,subject-0097,Synthetic User 0097,user0097@example.test,+91-90000-0097,Pune,Synthetic profile 0097; record variant 3; seed 20260925.,617764
subject-0097-record-04,subject-0097,Synthetic User 0097,user0097@example.test,+91-90000-0097,Pune,Synthetic profile 0097; record variant 4; seed 20260925.,269109
subject-0098-record-00,subject-0098,Synthetic User 0098,user0098@example.test,+91-90000-0098,Bengaluru,Synthetic profile 0098; record variant 0; seed 20260925.,185646
subject-0098-record-01,subject-0098,Synthetic User 0098,user0098@example.test,+91-90000-0098,Bengaluru,Synthetic profile 0098; record variant 1; seed 20260925.,998016
subject-0098-record-02,subject-0098,Synthetic User 0098,user0098@example.test,+91-90000-0098,Bengaluru,Synthetic profile 0098; record variant 2; seed 20260925.,425908
subject-0098-record-03,subject-0098,Synthetic User 0098,user0098@example.test,+91-90000-0098,Bengaluru,Synthetic profile 0098; record variant 3; seed 20260925.,671182
subject-0098-record-04,subject-0098,Synthetic User 0098,user0098@example.test,+91-90000-0098,Bengaluru,Synthetic profile 0098; record variant 4; seed 20260925.,802933
subject-0099-record-00,subject-0099,Synthetic User 0099,user0099@example.test,+91-90000-0099,Jaipur,Synthetic profile 0099; record variant 0; seed 20260925.,326647
subject-0099-record-01,subject-0099,Synthetic User 0099,user0099@example.test,+91-90000-0099,Jaipur,Synthetic profile 0099; record variant 1; seed 20260925.,341696
subject-0099-record-02,subject-0099,Synthetic User 0099,user0099@example.test,+91-90000-0099,Jaipur,Synthetic profile 0099; record variant 2; seed 20260925.,386424
subject-0099-record-03,subject-0099,Synthetic User 0099,user0099@example.test,+91-90000-0099,Jaipur,Synthetic profile 0099; record variant 3; seed 20260925.,588795
subject-0099-record-04,subject-0099,Synthetic User 0099,user0099@example.test,+91-90000-0099,Jaipur,Synthetic profile 0099; record variant 4; seed 20260925.,695782
subject-0100-record-00,subject-0100,Synthetic User 0100,user0100@example.test,+91-90000-0100,Mohali,Synthetic profile 0100; record variant 0; seed 20260925.,106312
subject-0100-record-01,subject-0100,Synthetic User 0100,user0100@example.test,+91-90000-0100,Mohali,Synthetic profile 0100; record variant 1; seed 20260925.,986209
subject-0100-record-02,subject-0100,Synthetic User 0100,user0100@example.test,+91-90000-0100,Mohali,Synthetic profile 0100; record variant 2; seed 20260925.,129195
subject-0100-record-03,subject-0100,Synthetic User 0100,user0100@example.test,+91-90000-0100,Mohali,Synthetic profile 0100; record variant 3; seed 20260925.,769379
subject-0100-record-04,subject-0100,Synthetic User 0100,user0100@example.test,+91-90000-0100,Mohali,Synthetic profile 0100; record variant 4; seed 20260925.,797126
subject-0101-record-00,subject-0101,Synthetic User 0101,user0101@example.test,+91-90000-0101,Delhi,Synthetic profile 0101; record variant 0; seed 20260925.,645787
subject-0101-record-01,subject-0101,Synthetic User 0101,user0101@example.test,+91-90000-0101,Delhi,Synthetic profile 0101; record variant 1; seed 20260925.,929078
subject-0101-record-02,subject-0101,Synthetic User 0101,user0101@example.test,+91-90000-0101,Delhi,Synthetic profile 0101; record variant 2; seed 20260925.,468639
subject-0101-record-03,subject-0101,Synthetic User 0101,user0101@example.test,+91-90000-0101,Delhi,Synthetic profile 0101; record variant 3; seed 20260925.,320542
subject-0101-record-04,subject-0101,Synthetic User 0101,user0101@example.test,+91-90000-0101,Delhi,Synthetic profile 0101; record variant 4; seed 20260925.,220593
subject-0102-record-00,subject-0102,Synthetic User 0102,user0102@example.test,+91-90000-0102,Pune,Synthetic profile 0102; record variant 0; seed 20260925.,125210
subject-0102-record-01,subject-0102,Synthetic User 0102,user0102@example.test,+91-90000-0102,Pune,Synthetic profile 0102; record variant 1; seed 20260925.,425887
subject-0102-record-02,subject-0102,Synthetic User 0102,user0102@example.test,+91-90000-0102,Pune,Synthetic profile 0102; record variant 2; seed 20260925.,840450
subject-0102-record-03,subject-0102,Synthetic User 0102,user0102@example.test,+91-90000-0102,Pune,Synthetic profile 0102; record variant 3; seed 20260925.,605715
subject-0102-record-04,subject-0102,Synthetic User 0102,user0102@example.test,+91-90000-0102,Pune,Synthetic profile 0102; record variant 4; seed 20260925.,981505
subject-0103-record-00,subject-0103,Synthetic User 0103,user0103@example.test,+91-90000-0103,Bengaluru,Synthetic profile 0103; record variant 0; seed 20260925.,255585
subject-0103-record-01,subject-0103,Synthetic User 0103,user0103@example.test,+91-90000-0103,Bengaluru,Synthetic profile 0103; record variant 1; seed 20260925.,438562
subject-0103-record-02,subject-0103,Synthetic User 0103,user0103@example.test,+91-90000-0103,Bengaluru,Synthetic profile 0103; record variant 2; seed 20260925.,314323
subject-0103-record-03,subject-0103,Synthetic User 0103,user0103@example.test,+91-90000-0103,Bengaluru,Synthetic profile 0103; record variant 3; seed 20260925.,885714
subject-0103-record-04,subject-0103,Synthetic User 0103,user0103@example.test,+91-90000-0103,Bengaluru,Synthetic profile 0103; record variant 4; seed 20260925.,594267
subject-0104-record-00,subject-0104,Synthetic User 0104,user0104@example.test,+91-90000-0104,Jaipur,Synthetic profile 0104; record variant 0; seed 20260925.,584687
subject-0104-record-01,subject-0104,Synthetic User 0104,user0104@example.test,+91-90000-0104,Jaipur,Synthetic profile 0104; record variant 1; seed 20260925.,401786
subject-0104-record-02,subject-0104,Synthetic User 0104,user0104@example.test,+91-90000-0104,Jaipur,Synthetic profile 0104; record variant 2; seed 20260925.,889352
subject-0104-record-03,subject-0104,Synthetic User 0104,user0104@example.test,+91-90000-0104,Jaipur,Synthetic profile 0104; record variant 3; seed 20260925.,920415
subject-0104-record-04,subject-0104,Synthetic User 0104,user0104@example.test,+91-90000-0104,Jaipur,Synthetic profile 0104; record variant 4; seed 20260925.,885232
subject-0105-record-00,subject-0105,Synthetic User 0105,user0105@example.test,+91-90000-0105,Mohali,Synthetic profile 0105; record variant 0; seed 20260925.,629061
subject-0105-record-01,subject-0105,Synthetic User 0105,user0105@example.test,+91-90000-0105,Mohali,Synthetic profile 0105; record variant 1; seed 20260925.,948929
subject-0105-record-02,subject-0105,Synthetic User 0105,user0105@example.test,+91-90000-0105,Mohali,Synthetic profile 0105; record variant 2; seed 20260925.,468615
subject-0105-record-03,subject-0105,Synthetic User 0105,user0105@example.test,+91-90000-0105,Mohali,Synthetic profile 0105; record variant 3; seed 20260925.,626451
subject-0105-record-04,subject-0105,Synthetic User 0105,user0105@example.test,+91-90000-0105,Mohali,Synthetic profile 0105; record variant 4; seed 20260925.,286228
subject-0106-record-00,subject-0106,Synthetic User 0106,user0106@example.test,+91-90000-0106,Delhi,Synthetic profile 0106; record variant 0; seed 20260925.,331572
subject-0106-record-01,subject-0106,Synthetic User 0106,user0106@example.test,+91-90000-0106,Delhi,Synthetic profile 0106; record variant 1; seed 20260925.,772210
subject-0106-record-02,subject-0106,Synthetic User 0106,user0106@example.test,+91-90000-0106,Delhi,Synthetic profile 0106; record variant 2; seed 20260925.,331302
subject-0106-record-03,subject-0106,Synthetic User 0106,user0106@example.test,+91-90000-0106,Delhi,Synthetic profile 0106; record variant 3; seed 20260925.,566964
subject-0106-record-04,subject-0106,Synthetic User 0106,user0106@example.test,+91-90000-0106,Delhi,Synthetic profile 0106; record variant 4; seed 20260925.,290908
subject-0107-record-00,subject-0107,Synthetic User 0107,user0107@example.test,+91-90000-0107,Pune,Synthetic profile 0107; record variant 0; seed 20260925.,394795
subject-0107-record-01,subject-0107,Synthetic User 0107,user0107@example.test,+91-90000-0107,Pune,Synthetic profile 0107; record variant 1; seed 20260925.,631077
subject-0107-record-02,subject-0107,Synthetic User 0107,user0107@example.test,+91-90000-0107,Pune,Synthetic profile 0107; record variant 2; seed 20260925.,982512
subject-0107-record-03,subject-0107,Synthetic User 0107,user0107@example.test,+91-90000-0107,Pune,Synthetic profile 0107; record variant 3; seed 20260925.,865297
subject-0107-record-04,subject-0107,Synthetic User 0107,user0107@example.test,+91-90000-0107,Pune,Synthetic profile 0107; record variant 4; seed 20260925.,650359
subject-0108-record-00,subject-0108,Synthetic User 0108,user0108@example.test,+91-90000-0108,Bengaluru,Synthetic profile 0108; record variant 0; seed 20260925.,735785
subject-0108-record-01,subject-0108,Synthetic User 0108,user0108@example.test,+91-90000-0108,Bengaluru,Synthetic profile 0108; record variant 1; seed 20260925.,422919
subject-0108-record-02,subject-0108,Synthetic User 0108,user0108@example.test,+91-90000-0108,Bengaluru,Synthetic profile 0108; record variant 2; seed 20260925.,161631
subject-0108-record-03,subject-0108,Synthetic User 0108,user0108@example.test,+91-90000-0108,Bengaluru,Synthetic profile 0108; record variant 3; seed 20260925.,157952
subject-0108-record-04,subject-0108,Synthetic User 0108,user0108@example.test,+91-90000-0108,Bengaluru,Synthetic profile 0108; record variant 4; seed 20260925.,729434
subject-0109-record-00,subject-0109,Synthetic User 0109,user0109@example.test,+91-90000-0109,Jaipur,Synthetic profile 0109; record variant 0; seed 20260925.,971702
subject-0109-record-01,subject-0109,Synthetic User 0109,user0109@example.test,+91-90000-0109,Jaipur,Synthetic profile 0109; record variant 1; seed 20260925.,331234
subject-0109-record-02,subject-0109,Synthetic User 0109,user0109@example.test,+91-90000-0109,Jaipur,Synthetic profile 0109; record variant 2; seed 20260925.,722654
subject-0109-record-03,subject-0109,Synthetic User 0109,user0109@example.test,+91-90000-0109,Jaipur,Synthetic profile 0109; record variant 3; seed 20260925.,913310
subject-0109-record-04,subject-0109,Synthetic User 0109,user0109@example.test,+91-90000-0109,Jaipur,Synthetic profile 0109; record variant 4; seed 20260925.,939341
subject-0110-record-00,subject-0110,Synthetic User 0110,user0110@example.test,+91-90000-0110,Mohali,Synthetic profile 0110; record variant 0; seed 20260925.,237659
subject-0110-record-01,subject-0110,Synthetic User 0110,user0110@example.test,+91-90000-0110,Mohali,Synthetic profile 0110; record variant 1; seed 20260925.,106485
subject-0110-record-02,subject-0110,Synthetic User 0110,user0110@example.test,+91-90000-0110,Mohali,Synthetic profile 0110; record variant 2; seed 20260925.,491430
subject-0110-record-03,subject-0110,Synthetic User 0110,user0110@example.test,+91-90000-0110,Mohali,Synthetic profile 0110; record variant 3; seed 20260925.,518933
subject-0110-record-04,subject-0110,Synthetic User 0110,user0110@example.test,+91-90000-0110,Mohali,Synthetic profile 0110; record variant 4; seed 20260925.,132641
subject-0111-record-00,subject-0111,Synthetic User 0111,user0111@example.test,+91-90000-0111,Delhi,Synthetic profile 0111; record variant 0; seed 20260925.,998124
subject-0111-record-01,subject-0111,Synthetic User 0111,user0111@example.test,+91-90000-0111,Delhi,Synthetic profile 0111; record variant 1; seed 20260925.,156874
subject-0111-record-02,subject-0111,Synthetic User 0111,user0111@example.test,+91-90000-0111,Delhi,Synthetic profile 0111; record variant 2; seed 20260925.,244219
subject-0111-record-03,subject-0111,Synthetic User 0111,user0111@example.test,+91-90000-0111,Delhi,Synthetic profile 0111; record variant 3; seed 20260925.,549457
subject-0111-record-04,subject-0111,Synthetic User 0111,user0111@example.test,+91-90000-0111,Delhi,Synthetic profile 0111; record variant 4; seed 20260925.,893456
subject-0112-record-00,subject-0112,Synthetic User 0112,user0112@example.test,+91-90000-0112,Pune,Synthetic profile 0112; record variant 0; seed 20260925.,535592
subject-0112-record-01,subject-0112,Synthetic User 0112,user0112@example.test,+91-90000-0112,Pune,Synthetic profile 0112; record variant 1; seed 20260925.,420655
subject-0112-record-02,subject-0112,Synthetic User 0112,user0112@example.test,+91-90000-0112,Pune,Synthetic profile 0112; record variant 2; seed 20260925.,247907
subject-0112-record-03,subject-0112,Synthetic User 0112,user0112@example.test,+91-90000-0112,Pune,Synthetic profile 0112; record variant 3; seed 20260925.,525362
subject-0112-record-04,subject-0112,Synthetic User 0112,user0112@example.test,+91-90000-0112,Pune,Synthetic profile 0112; record variant 4; seed 20260925.,181784
subject-0113-record-00,subject-0113,Synthetic User 0113,user0113@example.test,+91-90000-0113,Bengaluru,Synthetic profile 0113; record variant 0; seed 20260925.,249891
subject-0113-record-01,subject-0113,Synthetic User 0113,user0113@example.test,+91-90000-0113,Bengaluru,Synthetic profile 0113; record variant 1; seed 20260925.,243222
subject-0113-record-02,subject-0113,Synthetic User 0113,user0113@example.test,+91-90000-0113,Bengaluru,Synthetic profile 0113; record variant 2; seed 20260925.,667700
subject-0113-record-03,subject-0113,Synthetic User 0113,user0113@example.test,+91-90000-0113,Bengaluru,Synthetic profile 0113; record variant 3; seed 20260925.,943343
subject-0113-record-04,subject-0113,Synthetic User 0113,user0113@example.test,+91-90000-0113,Bengaluru,Synthetic profile 0113; record variant 4; seed 20260925.,409094
subject-0114-record-00,subject-0114,Synthetic User 0114,user0114@example.test,+91-90000-0114,Jaipur,Synthetic profile 0114; record variant 0; seed 20260925.,112820
subject-0114-record-01,subject-0114,Synthetic User 0114,user0114@example.test,+91-90000-0114,Jaipur,Synthetic profile 0114; record variant 1; seed 20260925.,432427
subject-0114-record-02,subject-0114,Synthetic User 0114,user0114@example.test,+91-90000-0114,Jaipur,Synthetic profile 0114; record variant 2; seed 20260925.,975635
subject-0114-record-03,subject-0114,Synthetic User 0114,user0114@example.test,+91-90000-0114,Jaipur,Synthetic profile 0114; record variant 3; seed 20260925.,985515
subject-0114-record-04,subject-0114,Synthetic User 0114,user0114@example.test,+91-90000-0114,Jaipur,Synthetic profile 0114; record variant 4; seed 20260925.,157460
subject-0115-record-00,subject-0115,Synthetic User 0115,user0115@example.test,+91-90000-0115,Mohali,Synthetic profile 0115; record variant 0; seed 20260925.,109408
subject-0115-record-01,subject-0115,Synthetic User 0115,user0115@example.test,+91-90000-0115,Mohali,Synthetic profile 0115; record variant 1; seed 20260925.,603026
subject-0115-record-02,subject-0115,Synthetic User 0115,user0115@example.test,+91-90000-0115,Mohali,Synthetic profile 0115; record variant 2; seed 20260925.,330886
subject-0115-record-03,subject-0115,Synthetic User 0115,user0115@example.test,+91-90000-0115,Mohali,Synthetic profile 0115; record variant 3; seed 20260925.,435309
subject-0115-record-04,subject-0115,Synthetic User 0115,user0115@example.test,+91-90000-0115,Mohali,Synthetic profile 0115; record variant 4; seed 20260925.,356095
subject-0116-record-00,subject-0116,Synthetic User 0116,user0116@example.test,+91-90000-0116,Delhi,Synthetic profile 0116; record variant 0; seed 20260925.,220021
subject-0116-record-01,subject-0116,Synthetic User 0116,user0116@example.test,+91-90000-0116,Delhi,Synthetic profile 0116; record variant 1; seed 20260925.,482503
subject-0116-record-02,subject-0116,Synthetic User 0116,user0116@example.test,+91-90000-0116,Delhi,Synthetic profile 0116; record variant 2; seed 20260925.,804000
subject-0116-record-03,subject-0116,Synthetic User 0116,user0116@example.test,+91-90000-0116,Delhi,Synthetic profile 0116; record variant 3; seed 20260925.,463184
subject-0116-record-04,subject-0116,Synthetic User 0116,user0116@example.test,+91-90000-0116,Delhi,Synthetic profile 0116; record variant 4; seed 20260925.,968557
subject-0117-record-00,subject-0117,Synthetic User 0117,user0117@example.test,+91-90000-0117,Pune,Synthetic profile 0117; record variant 0; seed 20260925.,202686
subject-0117-record-01,subject-0117,Synthetic User 0117,user0117@example.test,+91-90000-0117,Pune,Synthetic profile 0117; record variant 1; seed 20260925.,896806
subject-0117-record-02,subject-0117,Synthetic User 0117,user0117@example.test,+91-90000-0117,Pune,Synthetic profile 0117; record variant 2; seed 20260925.,827767
subject-0117-record-03,subject-0117,Synthetic User 0117,user0117@example.test,+91-90000-0117,Pune,Synthetic profile 0117; record variant 3; seed 20260925.,142211
subject-0117-record-04,subject-0117,Synthetic User 0117,user0117@example.test,+91-90000-0117,Pune,Synthetic profile 0117; record variant 4; seed 20260925.,641500
subject-0118-record-00,subject-0118,Synthetic User 0118,user0118@example.test,+91-90000-0118,Bengaluru,Synthetic profile 0118; record variant 0; seed 20260925.,818855
subject-0118-record-01,subject-0118,Synthetic User 0118,user0118@example.test,+91-90000-0118,Bengaluru,Synthetic profile 0118; record variant 1; seed 20260925.,415090
subject-0118-record-02,subject-0118,Synthetic User 0118,user0118@example.test,+91-90000-0118,Bengaluru,Synthetic profile 0118; record variant 2; seed 20260925.,547824
subject-0118-record-03,subject-0118,Synthetic User 0118,user0118@example.test,+91-90000-0118,Bengaluru,Synthetic profile 0118; record variant 3; seed 20260925.,610734
subject-0118-record-04,subject-0118,Synthetic User 0118,user0118@example.test,+91-90000-0118,Bengaluru,Synthetic profile 0118; record variant 4; seed 20260925.,186696
subject-0119-record-00,subject-0119,Synthetic User 0119,user0119@example.test,+91-90000-0119,Jaipur,Synthetic profile 0119; record variant 0; seed 20260925.,306232
subject-0119-record-01,subject-0119,Synthetic User 0119,user0119@example.test,+91-90000-0119,Jaipur,Synthetic profile 0119; record variant 1; seed 20260925.,932494
subject-0119-record-02,subject-0119,Synthetic User 0119,user0119@example.test,+91-90000-0119,Jaipur,Synthetic profile 0119; record variant 2; seed 20260925.,601358
subject-0119-record-03,subject-0119,Synthetic User 0119,user0119@example.test,+91-90000-0119,Jaipur,Synthetic profile 0119; record variant 3; seed 20260925.,359418
subject-0119-record-04,subject-0119,Synthetic User 0119,user0119@example.test,+91-90000-0119,Jaipur,Synthetic profile 0119; record variant 4; seed 20260925.,342861
subject-0120-record-00,subject-0120,Synthetic User 0120,user0120@example.test,+91-90000-0120,Mohali,Synthetic profile 0120; record variant 0; seed 20260925.,262372
subject-0120-record-01,subject-0120,Synthetic User 0120,user0120@example.test,+91-90000-0120,Mohali,Synthetic profile 0120; record variant 1; seed 20260925.,971794
subject-0120-record-02,subject-0120,Synthetic User 0120,user0120@example.test,+91-90000-0120,Mohali,Synthetic profile 0120; record variant 2; seed 20260925.,487327
subject-0120-record-03,subject-0120,Synthetic User 0120,user0120@example.test,+91-90000-0120,Mohali,Synthetic profile 0120; record variant 3; seed 20260925.,349867
subject-0120-record-04,subject-0120,Synthetic User 0120,user0120@example.test,+91-90000-0120,Mohali,Synthetic profile 0120; record variant 4; seed 20260925.,351444
subject-0121-record-00,subject-0121,Synthetic User 0121,user0121@example.test,+91-90000-0121,Delhi,Synthetic profile 0121; record variant 0; seed 20260925.,781189
subject-0121-record-01,subject-0121,Synthetic User 0121,user0121@example.test,+91-90000-0121,Delhi,Synthetic profile 0121; record variant 1; seed 20260925.,355566
subject-0121-record-02,subject-0121,Synthetic User 0121,user0121@example.test,+91-90000-0121,Delhi,Synthetic profile 0121; record variant 2; seed 20260925.,118705
subject-0121-record-03,subject-0121,Synthetic User 0121,user0121@example.test,+91-90000-0121,Delhi,Synthetic profile 0121; record variant 3; seed 20260925.,762946
subject-0121-record-04,subject-0121,Synthetic User 0121,user0121@example.test,+91-90000-0121,Delhi,Synthetic profile 0121; record variant 4; seed 20260925.,681814
subject-0122-record-00,subject-0122,Synthetic User 0122,user0122@example.test,+91-90000-0122,Pune,Synthetic profile 0122; record variant 0; seed 20260925.,830073
subject-0122-record-01,subject-0122,Synthetic User 0122,user0122@example.test,+91-90000-0122,Pune,Synthetic profile 0122; record variant 1; seed 20260925.,600705
subject-0122-record-02,subject-0122,Synthetic User 0122,user0122@example.test,+91-90000-0122,Pune,Synthetic profile 0122; record variant 2; seed 20260925.,692095
subject-0122-record-03,subject-0122,Synthetic User 0122,user0122@example.test,+91-90000-0122,Pune,Synthetic profile 0122; record variant 3; seed 20260925.,589738
subject-0122-record-04,subject-0122,Synthetic User 0122,user0122@example.test,+91-90000-0122,Pune,Synthetic profile 0122; record variant 4; seed 20260925.,146060
subject-0123-record-00,subject-0123,Synthetic User 0123,user0123@example.test,+91-90000-0123,Bengaluru,Synthetic profile 0123; record variant 0; seed 20260925.,409496
subject-0123-record-01,subject-0123,Synthetic User 0123,user0123@example.test,+91-90000-0123,Bengaluru,Synthetic profile 0123; record variant 1; seed 20260925.,101947
subject-0123-record-02,subject-0123,Synthetic User 0123,user0123@example.test,+91-90000-0123,Bengaluru,Synthetic profile 0123; record variant 2; seed 20260925.,346328
subject-0123-record-03,subject-0123,Synthetic User 0123,user0123@example.test,+91-90000-0123,Bengaluru,Synthetic profile 0123; record variant 3; seed 20260925.,166783
subject-0123-record-04,subject-0123,Synthetic User 0123,user0123@example.test,+91-90000-0123,Bengaluru,Synthetic profile 0123; record variant 4; seed 20260925.,630616
subject-0124-record-00,subject-0124,Synthetic User 0124,user0124@example.test,+91-90000-0124,Jaipur,Synthetic profile 0124; record variant 0; seed 20260925.,414905
subject-0124-record-01,subject-0124,Synthetic User 0124,user0124@example.test,+91-90000-0124,Jaipur,Synthetic profile 0124; record variant 1; seed 20260925.,328563
subject-0124-record-02,subject-0124,Synthetic User 0124,user0124@example.test,+91-90000-0124,Jaipur,Synthetic profile 0124; record variant 2; seed 20260925.,484199
subject-0124-record-03,subject-0124,Synthetic User 0124,user0124@example.test,+91-90000-0124,Jaipur,Synthetic profile 0124; record variant 3; seed 20260925.,473461
subject-0124-record-04,subject-0124,Synthetic User 0124,user0124@example.test,+91-90000-0124,Jaipur,Synthetic profile 0124; record variant 4; seed 20260925.,421608
subject-0125-record-00,subject-0125,Synthetic User 0125,user0125@example.test,+91-90000-0125,Mohali,Synthetic profile 0125; record variant 0; seed 20260925.,526700
subject-0125-record-01,subject-0125,Synthetic User 0125,user0125@example.test,+91-90000-0125,Mohali,Synthetic profile 0125; record variant 1; seed 20260925.,545386
subject-0125-record-02,subject-0125,Synthetic User 0125,user0125@example.test,+91-90000-0125,Mohali,Synthetic profile 0125; record variant 2; seed 20260925.,896234
subject-0125-record-03,subject-0125,Synthetic User 0125,user0125@example.test,+91-90000-0125,Mohali,Synthetic profile 0125; record variant 3; seed 20260925.,590880
subject-0125-record-04,subject-0125,Synthetic User 0125,user0125@example.test,+91-90000-0125,Mohali,Synthetic profile 0125; record variant 4; seed 20260925.,134983
subject-0126-record-00,subject-0126,Synthetic User 0126,user0126@example.test,+91-90000-0126,Delhi,Synthetic profile 0126; record variant 0; seed 20260925.,216946
subject-0126-record-01,subject-0126,Synthetic User 0126,user0126@example.test,+91-90000-0126,Delhi,Synthetic profile 0126; record variant 1; seed 20260925.,968332
subject-0126-record-02,subject-0126,Synthetic User 0126,user0126@example.test,+91-90000-0126,Delhi,Synthetic profile 0126; record variant 2; seed 20260925.,961991
subject-0126-record-03,subject-0126,Synthetic User 0126,user0126@example.test,+91-90000-0126,Delhi,Synthetic profile 0126; record variant 3; seed 20260925.,989400
subject-0126-record-04,subject-0126,Synthetic User 0126,user0126@example.test,+91-90000-0126,Delhi,Synthetic profile 0126; record variant 4; seed 20260925.,171924
subject-0127-record-00,subject-0127,Synthetic User 0127,user0127@example.test,+91-90000-0127,Pune,Synthetic profile 0127; record variant 0; seed 20260925.,800473
subject-0127-record-01,subject-0127,Synthetic User 0127,user0127@example.test,+91-90000-0127,Pune,Synthetic profile 0127; record variant 1; seed 20260925.,971927
subject-0127-record-02,subject-0127,Synthetic User 0127,user0127@example.test,+91-90000-0127,Pune,Synthetic profile 0127; record variant 2; seed 20260925.,966229
subject-0127-record-03,subject-0127,Synthetic User 0127,user0127@example.test,+91-90000-0127,Pune,Synthetic profile 0127; record variant 3; seed 20260925.,714903
subject-0127-record-04,subject-0127,Synthetic User 0127,user0127@example.test,+91-90000-0127,Pune,Synthetic profile 0127; record variant 4; seed 20260925.,833974
subject-0128-record-00,subject-0128,Synthetic User 0128,user0128@example.test,+91-90000-0128,Bengaluru,Synthetic profile 0128; record variant 0; seed 20260925.,419433
subject-0128-record-01,subject-0128,Synthetic User 0128,user0128@example.test,+91-90000-0128,Bengaluru,Synthetic profile 0128; record variant 1; seed 20260925.,513921
subject-0128-record-02,subject-0128,Synthetic User 0128,user0128@example.test,+91-90000-0128,Bengaluru,Synthetic profile 0128; record variant 2; seed 20260925.,348939
subject-0128-record-03,subject-0128,Synthetic User 0128,user0128@example.test,+91-90000-0128,Bengaluru,Synthetic profile 0128; record variant 3; seed 20260925.,841603
subject-0128-record-04,subject-0128,Synthetic User 0128,user0128@example.test,+91-90000-0128,Bengaluru,Synthetic profile 0128; record variant 4; seed 20260925.,663007
subject-0129-record-00,subject-0129,Synthetic User 0129,user0129@example.test,+91-90000-0129,Jaipur,Synthetic profile 0129; record variant 0; seed 20260925.,849353
subject-0129-record-01,subject-0129,Synthetic User 0129,user0129@example.test,+91-90000-0129,Jaipur,Synthetic profile 0129; record variant 1; seed 20260925.,316288
subject-0129-record-02,subject-0129,Synthetic User 0129,user0129@example.test,+91-90000-0129,Jaipur,Synthetic profile 0129; record variant 2; seed 20260925.,386096
subject-0129-record-03,subject-0129,Synthetic User 0129,user0129@example.test,+91-90000-0129,Jaipur,Synthetic profile 0129; record variant 3; seed 20260925.,394387
subject-0129-record-04,subject-0129,Synthetic User 0129,user0129@example.test,+91-90000-0129,Jaipur,Synthetic profile 0129; record variant 4; seed 20260925.,994605
subject-0130-record-00,subject-0130,Synthetic User 0130,user0130@example.test,+91-90000-0130,Mohali,Synthetic profile 0130; record variant 0; seed 20260925.,124273
subject-0130-record-01,subject-0130,Synthetic User 0130,user0130@example.test,+91-90000-0130,Mohali,Synthetic profile 0130; record variant 1; seed 20260925.,860079
subject-0130-record-02,subject-0130,Synthetic User 0130,user0130@example.test,+91-90000-0130,Mohali,Synthetic profile 0130; record variant 2; seed 20260925.,230982
subject-0130-record-03,subject-0130,Synthetic User 0130,user0130@example.test,+91-90000-0130,Mohali,Synthetic profile 0130; record variant 3; seed 20260925.,238683
subject-0130-record-04,subject-0130,Synthetic User 0130,user0130@example.test,+91-90000-0130,Mohali,Synthetic profile 0130; record variant 4; seed 20260925.,146619
subject-0131-record-00,subject-0131,Synthetic User 0131,user0131@example.test,+91-90000-0131,Delhi,Synthetic profile 0131; record variant 0; seed 20260925.,967855
subject-0131-record-01,subject-0131,Synthetic User 0131,user0131@example.test,+91-90000-0131,Delhi,Synthetic profile 0131; record variant 1; seed 20260925.,315211
subject-0131-record-02,subject-0131,Synthetic User 0131,user0131@example.test,+91-90000-0131,Delhi,Synthetic profile 0131; record variant 2; seed 20260925.,527243
subject-0131-record-03,subject-0131,Synthetic User 0131,user0131@example.test,+91-90000-0131,Delhi,Synthetic profile 0131; record variant 3; seed 20260925.,321254
subject-0131-record-04,subject-0131,Synthetic User 0131,user0131@example.test,+91-90000-0131,Delhi,Synthetic profile 0131; record variant 4; seed 20260925.,267893
subject-0132-record-00,subject-0132,Synthetic User 0132,user0132@example.test,+91-90000-0132,Pune,Synthetic profile 0132; record variant 0; seed 20260925.,973311
subject-0132-record-01,subject-0132,Synthetic User 0132,user0132@example.test,+91-90000-0132,Pune,Synthetic profile 0132; record variant 1; seed 20260925.,945749
subject-0132-record-02,subject-0132,Synthetic User 0132,user0132@example.test,+91-90000-0132,Pune,Synthetic profile 0132; record variant 2; seed 20260925.,418396
subject-0132-record-03,subject-0132,Synthetic User 0132,user0132@example.test,+91-90000-0132,Pune,Synthetic profile 0132; record variant 3; seed 20260925.,454056
subject-0132-record-04,subject-0132,Synthetic User 0132,user0132@example.test,+91-90000-0132,Pune,Synthetic profile 0132; record variant 4; seed 20260925.,867462
subject-0133-record-00,subject-0133,Synthetic User 0133,user0133@example.test,+91-90000-0133,Bengaluru,Synthetic profile 0133; record variant 0; seed 20260925.,242338
subject-0133-record-01,subject-0133,Synthetic User 0133,user0133@example.test,+91-90000-0133,Bengaluru,Synthetic profile 0133; record variant 1; seed 20260925.,788767
subject-0133-record-02,subject-0133,Synthetic User 0133,user0133@example.test,+91-90000-0133,Bengaluru,Synthetic profile 0133; record variant 2; seed 20260925.,223675
subject-0133-record-03,subject-0133,Synthetic User 0133,user0133@example.test,+91-90000-0133,Bengaluru,Synthetic profile 0133; record variant 3; seed 20260925.,871033
subject-0133-record-04,subject-0133,Synthetic User 0133,user0133@example.test,+91-90000-0133,Bengaluru,Synthetic profile 0133; record variant 4; seed 20260925.,501253
subject-0134-record-00,subject-0134,Synthetic User 0134,user0134@example.test,+91-90000-0134,Jaipur,Synthetic profile 0134; record variant 0; seed 20260925.,406569
subject-0134-record-01,subject-0134,Synthetic User 0134,user0134@example.test,+91-90000-0134,Jaipur,Synthetic profile 0134; record variant 1; seed 20260925.,493431
subject-0134-record-02,subject-0134,Synthetic User 0134,user0134@example.test,+91-90000-0134,Jaipur,Synthetic profile 0134; record variant 2; seed 20260925.,498583
subject-0134-record-03,subject-0134,Synthetic User 0134,user0134@example.test,+91-90000-0134,Jaipur,Synthetic profile 0134; record variant 3; seed 20260925.,575437
subject-0134-record-04,subject-0134,Synthetic User 0134,user0134@example.test,+91-90000-0134,Jaipur,Synthetic profile 0134; record variant 4; seed 20260925.,126705
subject-0135-record-00,subject-0135,Synthetic User 0135,user0135@example.test,+91-90000-0135,Mohali,Synthetic profile 0135; record variant 0; seed 20260925.,494457
subject-0135-record-01,subject-0135,Synthetic User 0135,user0135@example.test,+91-90000-0135,Mohali,Synthetic profile 0135; record variant 1; seed 20260925.,663023
subject-0135-record-02,subject-0135,Synthetic User 0135,user0135@example.test,+91-90000-0135,Mohali,Synthetic profile 0135; record variant 2; seed 20260925.,978739
subject-0135-record-03,subject-0135,Synthetic User 0135,user0135@example.test,+91-90000-0135,Mohali,Synthetic profile 0135; record variant 3; seed 20260925.,395319
subject-0135-record-04,subject-0135,Synthetic User 0135,user0135@example.test,+91-90000-0135,Mohali,Synthetic profile 0135; record variant 4; seed 20260925.,554607
subject-0136-record-00,subject-0136,Synthetic User 0136,user0136@example.test,+91-90000-0136,Delhi,Synthetic profile 0136; record variant 0; seed 20260925.,963867
subject-0136-record-01,subject-0136,Synthetic User 0136,user0136@example.test,+91-90000-0136,Delhi,Synthetic profile 0136; record variant 1; seed 20260925.,550880
subject-0136-record-02,subject-0136,Synthetic User 0136,user0136@example.test,+91-90000-0136,Delhi,Synthetic profile 0136; record variant 2; seed 20260925.,237155
subject-0136-record-03,subject-0136,Synthetic User 0136,user0136@example.test,+91-90000-0136,Delhi,Synthetic profile 0136; record variant 3; seed 20260925.,428896
subject-0136-record-04,subject-0136,Synthetic User 0136,user0136@example.test,+91-90000-0136,Delhi,Synthetic profile 0136; record variant 4; seed 20260925.,291890
subject-0137-record-00,subject-0137,Synthetic User 0137,user0137@example.test,+91-90000-0137,Pune,Synthetic profile 0137; record variant 0; seed 20260925.,699996
subject-0137-record-01,subject-0137,Synthetic User 0137,user0137@example.test,+91-90000-0137,Pune,Synthetic profile 0137; record variant 1; seed 20260925.,949413
subject-0137-record-02,subject-0137,Synthetic User 0137,user0137@example.test,+91-90000-0137,Pune,Synthetic profile 0137; record variant 2; seed 20260925.,274351
subject-0137-record-03,subject-0137,Synthetic User 0137,user0137@example.test,+91-90000-0137,Pune,Synthetic profile 0137; record variant 3; seed 20260925.,154149
subject-0137-record-04,subject-0137,Synthetic User 0137,user0137@example.test,+91-90000-0137,Pune,Synthetic profile 0137; record variant 4; seed 20260925.,107255
subject-0138-record-00,subject-0138,Synthetic User 0138,user0138@example.test,+91-90000-0138,Bengaluru,Synthetic profile 0138; record variant 0; seed 20260925.,375056
subject-0138-record-01,subject-0138,Synthetic User 0138,user0138@example.test,+91-90000-0138,Bengaluru,Synthetic profile 0138; record variant 1; seed 20260925.,677443
subject-0138-record-02,subject-0138,Synthetic User 0138,user0138@example.test,+91-90000-0138,Bengaluru,Synthetic profile 0138; record variant 2; seed 20260925.,792761
subject-0138-record-03,subject-0138,Synthetic User 0138,user0138@example.test,+91-90000-0138,Bengaluru,Synthetic profile 0138; record variant 3; seed 20260925.,841596
subject-0138-record-04,subject-0138,Synthetic User 0138,user0138@example.test,+91-90000-0138,Bengaluru,Synthetic profile 0138; record variant 4; seed 20260925.,297328
subject-0139-record-00,subject-0139,Synthetic User 0139,user0139@example.test,+91-90000-0139,Jaipur,Synthetic profile 0139; record variant 0; seed 20260925.,296933
subject-0139-record-01,subject-0139,Synthetic User 0139,user0139@example.test,+91-90000-0139,Jaipur,Synthetic profile 0139; record variant 1; seed 20260925.,895625
subject-0139-record-02,subject-0139,Synthetic User 0139,user0139@example.test,+91-90000-0139,Jaipur,Synthetic profile 0139; record variant 2; seed 20260925.,147428
subject-0139-record-03,subject-0139,Synthetic User 0139,user0139@example.test,+91-90000-0139,Jaipur,Synthetic profile 0139; record variant 3; seed 20260925.,472688
subject-0139-record-04,subject-0139,Synthetic User 0139,user0139@example.test,+91-90000-0139,Jaipur,Synthetic profile 0139; record variant 4; seed 20260925.,252539
subject-0140-record-00,subject-0140,Synthetic User 0140,user0140@example.test,+91-90000-0140,Mohali,Synthetic profile 0140; record variant 0; seed 20260925.,910816
subject-0140-record-01,subject-0140,Synthetic User 0140,user0140@example.test,+91-90000-0140,Mohali,Synthetic profile 0140; record variant 1; seed 20260925.,743066
subject-0140-record-02,subject-0140,Synthetic User 0140,user0140@example.test,+91-90000-0140,Mohali,Synthetic profile 0140; record variant 2; seed 20260925.,440649
subject-0140-record-03,subject-0140,Synthetic User 0140,user0140@example.test,+91-90000-0140,Mohali,Synthetic profile 0140; record variant 3; seed 20260925.,542548
subject-0140-record-04,subject-0140,Synthetic User 0140,user0140@example.test,+91-90000-0140,Mohali,Synthetic profile 0140; record variant 4; seed 20260925.,368609
subject-0141-record-00,subject-0141,Synthetic User 0141,user0141@example.test,+91-90000-0141,Delhi,Synthetic profile 0141; record variant 0; seed 20260925.,943808
subject-0141-record-01,subject-0141,Synthetic User 0141,user0141@example.test,+91-90000-0141,Delhi,Synthetic profile 0141; record variant 1; seed 20260925.,161328
subject-0141-record-02,subject-0141,Synthetic User 0141,user0141@example.test,+91-90000-0141,Delhi,Synthetic profile 0141; record variant 2; seed 20260925.,147936
subject-0141-record-03,subject-0141,Synthetic User 0141,user0141@example.test,+91-90000-0141,Delhi,Synthetic profile 0141; record variant 3; seed 20260925.,117045
subject-0141-record-04,subject-0141,Synthetic User 0141,user0141@example.test,+91-90000-0141,Delhi,Synthetic profile 0141; record variant 4; seed 20260925.,823727
subject-0142-record-00,subject-0142,Synthetic User 0142,user0142@example.test,+91-90000-0142,Pune,Synthetic profile 0142; record variant 0; seed 20260925.,997552
subject-0142-record-01,subject-0142,Synthetic User 0142,user0142@example.test,+91-90000-0142,Pune,Synthetic profile 0142; record variant 1; seed 20260925.,457121
subject-0142-record-02,subject-0142,Synthetic User 0142,user0142@example.test,+91-90000-0142,Pune,Synthetic profile 0142; record variant 2; seed 20260925.,548521
subject-0142-record-03,subject-0142,Synthetic User 0142,user0142@example.test,+91-90000-0142,Pune,Synthetic profile 0142; record variant 3; seed 20260925.,686354
subject-0142-record-04,subject-0142,Synthetic User 0142,user0142@example.test,+91-90000-0142,Pune,Synthetic profile 0142; record variant 4; seed 20260925.,605899
subject-0143-record-00,subject-0143,Synthetic User 0143,user0143@example.test,+91-90000-0143,Bengaluru,Synthetic profile 0143; record variant 0; seed 20260925.,750609
subject-0143-record-01,subject-0143,Synthetic User 0143,user0143@example.test,+91-90000-0143,Bengaluru,Synthetic profile 0143; record variant 1; seed 20260925.,596600
subject-0143-record-02,subject-0143,Synthetic User 0143,user0143@example.test,+91-90000-0143,Bengaluru,Synthetic profile 0143; record variant 2; seed 20260925.,425216
subject-0143-record-03,subject-0143,Synthetic User 0143,user0143@example.test,+91-90000-0143,Bengaluru,Synthetic profile 0143; record variant 3; seed 20260925.,742777
subject-0143-record-04,subject-0143,Synthetic User 0143,user0143@example.test,+91-90000-0143,Bengaluru,Synthetic profile 0143; record variant 4; seed 20260925.,136036
subject-0144-record-00,subject-0144,Synthetic User 0144,user0144@example.test,+91-90000-0144,Jaipur,Synthetic profile 0144; record variant 0; seed 20260925.,992178
subject-0144-record-01,subject-0144,Synthetic User 0144,user0144@example.test,+91-90000-0144,Jaipur,Synthetic profile 0144; record variant 1; seed 20260925.,449240
subject-0144-record-02,subject-0144,Synthetic User 0144,user0144@example.test,+91-90000-0144,Jaipur,Synthetic profile 0144; record variant 2; seed 20260925.,722388
subject-0144-record-03,subject-0144,Synthetic User 0144,user0144@example.test,+91-90000-0144,Jaipur,Synthetic profile 0144; record variant 3; seed 20260925.,555034
subject-0144-record-04,subject-0144,Synthetic User 0144,user0144@example.test,+91-90000-0144,Jaipur,Synthetic profile 0144; record variant 4; seed 20260925.,343279
subject-0145-record-00,subject-0145,Synthetic User 0145,user0145@example.test,+91-90000-0145,Mohali,Synthetic profile 0145; record variant 0; seed 20260925.,929483
subject-0145-record-01,subject-0145,Synthetic User 0145,user0145@example.test,+91-90000-0145,Mohali,Synthetic profile 0145; record variant 1; seed 20260925.,630247
subject-0145-record-02,subject-0145,Synthetic User 0145,user0145@example.test,+91-90000-0145,Mohali,Synthetic profile 0145; record variant 2; seed 20260925.,238085
subject-0145-record-03,subject-0145,Synthetic User 0145,user0145@example.test,+91-90000-0145,Mohali,Synthetic profile 0145; record variant 3; seed 20260925.,628537
subject-0145-record-04,subject-0145,Synthetic User 0145,user0145@example.test,+91-90000-0145,Mohali,Synthetic profile 0145; record variant 4; seed 20260925.,165388
subject-0146-record-00,subject-0146,Synthetic User 0146,user0146@example.test,+91-90000-0146,Delhi,Synthetic profile 0146; record variant 0; seed 20260925.,522952
subject-0146-record-01,subject-0146,Synthetic User 0146,user0146@example.test,+91-90000-0146,Delhi,Synthetic profile 0146; record variant 1; seed 20260925.,490698
subject-0146-record-02,subject-0146,Synthetic User 0146,user0146@example.test,+91-90000-0146,Delhi,Synthetic profile 0146; record variant 2; seed 20260925.,792362
subject-0146-record-03,subject-0146,Synthetic User 0146,user0146@example.test,+91-90000-0146,Delhi,Synthetic profile 0146; record variant 3; seed 20260925.,486753
subject-0146-record-04,subject-0146,Synthetic User 0146,user0146@example.test,+91-90000-0146,Delhi,Synthetic profile 0146; record variant 4; seed 20260925.,151599
subject-0147-record-00,subject-0147,Synthetic User 0147,user0147@example.test,+91-90000-0147,Pune,Synthetic profile 0147; record variant 0; seed 20260925.,466241
subject-0147-record-01,subject-0147,Synthetic User 0147,user0147@example.test,+91-90000-0147,Pune,Synthetic profile 0147; record variant 1; seed 20260925.,636102
subject-0147-record-02,subject-0147,Synthetic User 0147,user0147@example.test,+91-90000-0147,Pune,Synthetic profile 0147; record variant 2; seed 20260925.,863465
subject-0147-record-03,subject-0147,Synthetic User 0147,user0147@example.test,+91-90000-0147,Pune,Synthetic profile 0147; record variant 3; seed 20260925.,637287
subject-0147-record-04,subject-0147,Synthetic User 0147,user0147@example.test,+91-90000-0147,Pune,Synthetic profile 0147; record variant 4; seed 20260925.,584065
subject-0148-record-00,subject-0148,Synthetic User 0148,user0148@example.test,+91-90000-0148,Bengaluru,Synthetic profile 0148; record variant 0; seed 20260925.,509787
subject-0148-record-01,subject-0148,Synthetic User 0148,user0148@example.test,+91-90000-0148,Bengaluru,Synthetic profile 0148; record variant 1; seed 20260925.,636801
subject-0148-record-02,subject-0148,Synthetic User 0148,user0148@example.test,+91-90000-0148,Bengaluru,Synthetic profile 0148; record variant 2; seed 20260925.,903665
subject-0148-record-03,subject-0148,Synthetic User 0148,user0148@example.test,+91-90000-0148,Bengaluru,Synthetic profile 0148; record variant 3; seed 20260925.,559218
subject-0148-record-04,subject-0148,Synthetic User 0148,user0148@example.test,+91-90000-0148,Bengaluru,Synthetic profile 0148; record variant 4; seed 20260925.,703195
subject-0149-record-00,subject-0149,Synthetic User 0149,user0149@example.test,+91-90000-0149,Jaipur,Synthetic profile 0149; record variant 0; seed 20260925.,892257
subject-0149-record-01,subject-0149,Synthetic User 0149,user0149@example.test,+91-90000-0149,Jaipur,Synthetic profile 0149; record variant 1; seed 20260925.,295967
subject-0149-record-02,subject-0149,Synthetic User 0149,user0149@example.test,+91-90000-0149,Jaipur,Synthetic profile 0149; record variant 2; seed 20260925.,484357
subject-0149-record-03,subject-0149,Synthetic User 0149,user0149@example.test,+91-90000-0149,Jaipur,Synthetic profile 0149; record variant 3; seed 20260925.,581472
subject-0149-record-04,subject-0149,Synthetic User 0149,user0149@example.test,+91-90000-0149,Jaipur,Synthetic profile 0149; record variant 4; seed 20260925.,748851
subject-0150-record-00,subject-0150,Synthetic User 0150,user0150@example.test,+91-90000-0150,Mohali,Synthetic profile 0150; record variant 0; seed 20260925.,526537
subject-0150-record-01,subject-0150,Synthetic User 0150,user0150@example.test,+91-90000-0150,Mohali,Synthetic profile 0150; record variant 1; seed 20260925.,261093
subject-0150-record-02,subject-0150,Synthetic User 0150,user0150@example.test,+91-90000-0150,Mohali,Synthetic profile 0150; record variant 2; seed 20260925.,612378
subject-0150-record-03,subject-0150,Synthetic User 0150,user0150@example.test,+91-90000-0150,Mohali,Synthetic profile 0150; record variant 3; seed 20260925.,694370
subject-0150-record-04,subject-0150,Synthetic User 0150,user0150@example.test,+91-90000-0150,Mohali,Synthetic profile 0150; record variant 4; seed 20260925.,337541
subject-0151-record-00,subject-0151,Synthetic User 0151,user0151@example.test,+91-90000-0151,Delhi,Synthetic profile 0151; record variant 0; seed 20260925.,828771
subject-0151-record-01,subject-0151,Synthetic User 0151,user0151@example.test,+91-90000-0151,Delhi,Synthetic profile 0151; record variant 1; seed 20260925.,924477
subject-0151-record-02,subject-0151,Synthetic User 0151,user0151@example.test,+91-90000-0151,Delhi,Synthetic profile 0151; record variant 2; seed 20260925.,850848
subject-0151-record-03,subject-0151,Synthetic User 0151,user0151@example.test,+91-90000-0151,Delhi,Synthetic profile 0151; record variant 3; seed 20260925.,568892
subject-0151-record-04,subject-0151,Synthetic User 0151,user0151@example.test,+91-90000-0151,Delhi,Synthetic profile 0151; record variant 4; seed 20260925.,983927
subject-0152-record-00,subject-0152,Synthetic User 0152,user0152@example.test,+91-90000-0152,Pune,Synthetic profile 0152; record variant 0; seed 20260925.,886035
subject-0152-record-01,subject-0152,Synthetic User 0152,user0152@example.test,+91-90000-0152,Pune,Synthetic profile 0152; record variant 1; seed 20260925.,505625
subject-0152-record-02,subject-0152,Synthetic User 0152,user0152@example.test,+91-90000-0152,Pune,Synthetic profile 0152; record variant 2; seed 20260925.,524572
subject-0152-record-03,subject-0152,Synthetic User 0152,user0152@example.test,+91-90000-0152,Pune,Synthetic profile 0152; record variant 3; seed 20260925.,340541
subject-0152-record-04,subject-0152,Synthetic User 0152,user0152@example.test,+91-90000-0152,Pune,Synthetic profile 0152; record variant 4; seed 20260925.,288224
subject-0153-record-00,subject-0153,Synthetic User 0153,user0153@example.test,+91-90000-0153,Bengaluru,Synthetic profile 0153; record variant 0; seed 20260925.,280563
subject-0153-record-01,subject-0153,Synthetic User 0153,user0153@example.test,+91-90000-0153,Bengaluru,Synthetic profile 0153; record variant 1; seed 20260925.,181618
subject-0153-record-02,subject-0153,Synthetic User 0153,user0153@example.test,+91-90000-0153,Bengaluru,Synthetic profile 0153; record variant 2; seed 20260925.,739804
subject-0153-record-03,subject-0153,Synthetic User 0153,user0153@example.test,+91-90000-0153,Bengaluru,Synthetic profile 0153; record variant 3; seed 20260925.,196590
subject-0153-record-04,subject-0153,Synthetic User 0153,user0153@example.test,+91-90000-0153,Bengaluru,Synthetic profile 0153; record variant 4; seed 20260925.,961721
subject-0154-record-00,subject-0154,Synthetic User 0154,user0154@example.test,+91-90000-0154,Jaipur,Synthetic profile 0154; record variant 0; seed 20260925.,892201
subject-0154-record-01,subject-0154,Synthetic User 0154,user0154@example.test,+91-90000-0154,Jaipur,Synthetic profile 0154; record variant 1; seed 20260925.,238106
subject-0154-record-02,subject-0154,Synthetic User 0154,user0154@example.test,+91-90000-0154,Jaipur,Synthetic profile 0154; record variant 2; seed 20260925.,162759
subject-0154-record-03,subject-0154,Synthetic User 0154,user0154@example.test,+91-90000-0154,Jaipur,Synthetic profile 0154; record variant 3; seed 20260925.,856766
subject-0154-record-04,subject-0154,Synthetic User 0154,user0154@example.test,+91-90000-0154,Jaipur,Synthetic profile 0154; record variant 4; seed 20260925.,536106
subject-0155-record-00,subject-0155,Synthetic User 0155,user0155@example.test,+91-90000-0155,Mohali,Synthetic profile 0155; record variant 0; seed 20260925.,856840
subject-0155-record-01,subject-0155,Synthetic User 0155,user0155@example.test,+91-90000-0155,Mohali,Synthetic profile 0155; record variant 1; seed 20260925.,289485
subject-0155-record-02,subject-0155,Synthetic User 0155,user0155@example.test,+91-90000-0155,Mohali,Synthetic profile 0155; record variant 2; seed 20260925.,505009
subject-0155-record-03,subject-0155,Synthetic User 0155,user0155@example.test,+91-90000-0155,Mohali,Synthetic profile 0155; record variant 3; seed 20260925.,462195
subject-0155-record-04,subject-0155,Synthetic User 0155,user0155@example.test,+91-90000-0155,Mohali,Synthetic profile 0155; record variant 4; seed 20260925.,608022
subject-0156-record-00,subject-0156,Synthetic User 0156,user0156@example.test,+91-90000-0156,Delhi,Synthetic profile 0156; record variant 0; seed 20260925.,794034
subject-0156-record-01,subject-0156,Synthetic User 0156,user0156@example.test,+91-90000-0156,Delhi,Synthetic profile 0156; record variant 1; seed 20260925.,579558
subject-0156-record-02,subject-0156,Synthetic User 0156,user0156@example.test,+91-90000-0156,Delhi,Synthetic profile 0156; record variant 2; seed 20260925.,958567
subject-0156-record-03,subject-0156,Synthetic User 0156,user0156@example.test,+91-90000-0156,Delhi,Synthetic profile 0156; record variant 3; seed 20260925.,284172
subject-0156-record-04,subject-0156,Synthetic User 0156,user0156@example.test,+91-90000-0156,Delhi,Synthetic profile 0156; record variant 4; seed 20260925.,640494
subject-0157-record-00,subject-0157,Synthetic User 0157,user0157@example.test,+91-90000-0157,Pune,Synthetic profile 0157; record variant 0; seed 20260925.,601085
subject-0157-record-01,subject-0157,Synthetic User 0157,user0157@example.test,+91-90000-0157,Pune,Synthetic profile 0157; record variant 1; seed 20260925.,681870
subject-0157-record-02,subject-0157,Synthetic User 0157,user0157@example.test,+91-90000-0157,Pune,Synthetic profile 0157; record variant 2; seed 20260925.,486443
subject-0157-record-03,subject-0157,Synthetic User 0157,user0157@example.test,+91-90000-0157,Pune,Synthetic profile 0157; record variant 3; seed 20260925.,145819
subject-0157-record-04,subject-0157,Synthetic User 0157,user0157@example.test,+91-90000-0157,Pune,Synthetic profile 0157; record variant 4; seed 20260925.,384736
subject-0158-record-00,subject-0158,Synthetic User 0158,user0158@example.test,+91-90000-0158,Bengaluru,Synthetic profile 0158; record variant 0; seed 20260925.,848931
subject-0158-record-01,subject-0158,Synthetic User 0158,user0158@example.test,+91-90000-0158,Bengaluru,Synthetic profile 0158; record variant 1; seed 20260925.,348830
subject-0158-record-02,subject-0158,Synthetic User 0158,user0158@example.test,+91-90000-0158,Bengaluru,Synthetic profile 0158; record variant 2; seed 20260925.,977931
subject-0158-record-03,subject-0158,Synthetic User 0158,user0158@example.test,+91-90000-0158,Bengaluru,Synthetic profile 0158; record variant 3; seed 20260925.,173117
subject-0158-record-04,subject-0158,Synthetic User 0158,user0158@example.test,+91-90000-0158,Bengaluru,Synthetic profile 0158; record variant 4; seed 20260925.,576282
subject-0159-record-00,subject-0159,Synthetic User 0159,user0159@example.test,+91-90000-0159,Jaipur,Synthetic profile 0159; record variant 0; seed 20260925.,715558
subject-0159-record-01,subject-0159,Synthetic User 0159,user0159@example.test,+91-90000-0159,Jaipur,Synthetic profile 0159; record variant 1; seed 20260925.,359537
subject-0159-record-02,subject-0159,Synthetic User 0159,user0159@example.test,+91-90000-0159,Jaipur,Synthetic profile 0159; record variant 2; seed 20260925.,287312
subject-0159-record-03,subject-0159,Synthetic User 0159,user0159@example.test,+91-90000-0159,Jaipur,Synthetic profile 0159; record variant 3; seed 20260925.,997758
subject-0159-record-04,subject-0159,Synthetic User 0159,user0159@example.test,+91-90000-0159,Jaipur,Synthetic profile 0159; record variant 4; seed 20260925.,351902
subject-0160-record-00,subject-0160,Synthetic User 0160,user0160@example.test,+91-90000-0160,Mohali,Synthetic profile 0160; record variant 0; seed 20260925.,903704
subject-0160-record-01,subject-0160,Synthetic User 0160,user0160@example.test,+91-90000-0160,Mohali,Synthetic profile 0160; record variant 1; seed 20260925.,788854
subject-0160-record-02,subject-0160,Synthetic User 0160,user0160@example.test,+91-90000-0160,Mohali,Synthetic profile 0160; record variant 2; seed 20260925.,227900
subject-0160-record-03,subject-0160,Synthetic User 0160,user0160@example.test,+91-90000-0160,Mohali,Synthetic profile 0160; record variant 3; seed 20260925.,774763
subject-0160-record-04,subject-0160,Synthetic User 0160,user0160@example.test,+91-90000-0160,Mohali,Synthetic profile 0160; record variant 4; seed 20260925.,781281
subject-0161-record-00,subject-0161,Synthetic User 0161,user0161@example.test,+91-90000-0161,Delhi,Synthetic profile 0161; record variant 0; seed 20260925.,645111
subject-0161-record-01,subject-0161,Synthetic User 0161,user0161@example.test,+91-90000-0161,Delhi,Synthetic profile 0161; record variant 1; seed 20260925.,772510
subject-0161-record-02,subject-0161,Synthetic User 0161,user0161@example.test,+91-90000-0161,Delhi,Synthetic profile 0161; record variant 2; seed 20260925.,155013
subject-0161-record-03,subject-0161,Synthetic User 0161,user0161@example.test,+91-90000-0161,Delhi,Synthetic profile 0161; record variant 3; seed 20260925.,265100
subject-0161-record-04,subject-0161,Synthetic User 0161,user0161@example.test,+91-90000-0161,Delhi,Synthetic profile 0161; record variant 4; seed 20260925.,486873
subject-0162-record-00,subject-0162,Synthetic User 0162,user0162@example.test,+91-90000-0162,Pune,Synthetic profile 0162; record variant 0; seed 20260925.,807513
subject-0162-record-01,subject-0162,Synthetic User 0162,user0162@example.test,+91-90000-0162,Pune,Synthetic profile 0162; record variant 1; seed 20260925.,820194
subject-0162-record-02,subject-0162,Synthetic User 0162,user0162@example.test,+91-90000-0162,Pune,Synthetic profile 0162; record variant 2; seed 20260925.,627851
subject-0162-record-03,subject-0162,Synthetic User 0162,user0162@example.test,+91-90000-0162,Pune,Synthetic profile 0162; record variant 3; seed 20260925.,890177
subject-0162-record-04,subject-0162,Synthetic User 0162,user0162@example.test,+91-90000-0162,Pune,Synthetic profile 0162; record variant 4; seed 20260925.,397005
subject-0163-record-00,subject-0163,Synthetic User 0163,user0163@example.test,+91-90000-0163,Bengaluru,Synthetic profile 0163; record variant 0; seed 20260925.,131396
subject-0163-record-01,subject-0163,Synthetic User 0163,user0163@example.test,+91-90000-0163,Bengaluru,Synthetic profile 0163; record variant 1; seed 20260925.,780950
subject-0163-record-02,subject-0163,Synthetic User 0163,user0163@example.test,+91-90000-0163,Bengaluru,Synthetic profile 0163; record variant 2; seed 20260925.,604569
subject-0163-record-03,subject-0163,Synthetic User 0163,user0163@example.test,+91-90000-0163,Bengaluru,Synthetic profile 0163; record variant 3; seed 20260925.,465656
subject-0163-record-04,subject-0163,Synthetic User 0163,user0163@example.test,+91-90000-0163,Bengaluru,Synthetic profile 0163; record variant 4; seed 20260925.,862293
subject-0164-record-00,subject-0164,Synthetic User 0164,user0164@example.test,+91-90000-0164,Jaipur,Synthetic profile 0164; record variant 0; seed 20260925.,272789
subject-0164-record-01,subject-0164,Synthetic User 0164,user0164@example.test,+91-90000-0164,Jaipur,Synthetic profile 0164; record variant 1; seed 20260925.,175166
subject-0164-record-02,subject-0164,Synthetic User 0164,user0164@example.test,+91-90000-0164,Jaipur,Synthetic profile 0164; record variant 2; seed 20260925.,406032
subject-0164-record-03,subject-0164,Synthetic User 0164,user0164@example.test,+91-90000-0164,Jaipur,Synthetic profile 0164; record variant 3; seed 20260925.,723092
subject-0164-record-04,subject-0164,Synthetic User 0164,user0164@example.test,+91-90000-0164,Jaipur,Synthetic profile 0164; record variant 4; seed 20260925.,414785
subject-0165-record-00,subject-0165,Synthetic User 0165,user0165@example.test,+91-90000-0165,Mohali,Synthetic profile 0165; record variant 0; seed 20260925.,592580
subject-0165-record-01,subject-0165,Synthetic User 0165,user0165@example.test,+91-90000-0165,Mohali,Synthetic profile 0165; record variant 1; seed 20260925.,240042
subject-0165-record-02,subject-0165,Synthetic User 0165,user0165@example.test,+91-90000-0165,Mohali,Synthetic profile 0165; record variant 2; seed 20260925.,170910
subject-0165-record-03,subject-0165,Synthetic User 0165,user0165@example.test,+91-90000-0165,Mohali,Synthetic profile 0165; record variant 3; seed 20260925.,169519
subject-0165-record-04,subject-0165,Synthetic User 0165,user0165@example.test,+91-90000-0165,Mohali,Synthetic profile 0165; record variant 4; seed 20260925.,586107
subject-0166-record-00,subject-0166,Synthetic User 0166,user0166@example.test,+91-90000-0166,Delhi,Synthetic profile 0166; record variant 0; seed 20260925.,226997
subject-0166-record-01,subject-0166,Synthetic User 0166,user0166@example.test,+91-90000-0166,Delhi,Synthetic profile 0166; record variant 1; seed 20260925.,490100
subject-0166-record-02,subject-0166,Synthetic User 0166,user0166@example.test,+91-90000-0166,Delhi,Synthetic profile 0166; record variant 2; seed 20260925.,563062
subject-0166-record-03,subject-0166,Synthetic User 0166,user0166@example.test,+91-90000-0166,Delhi,Synthetic profile 0166; record variant 3; seed 20260925.,902729
subject-0166-record-04,subject-0166,Synthetic User 0166,user0166@example.test,+91-90000-0166,Delhi,Synthetic profile 0166; record variant 4; seed 20260925.,961845
subject-0167-record-00,subject-0167,Synthetic User 0167,user0167@example.test,+91-90000-0167,Pune,Synthetic profile 0167; record variant 0; seed 20260925.,229773
subject-0167-record-01,subject-0167,Synthetic User 0167,user0167@example.test,+91-90000-0167,Pune,Synthetic profile 0167; record variant 1; seed 20260925.,654798
subject-0167-record-02,subject-0167,Synthetic User 0167,user0167@example.test,+91-90000-0167,Pune,Synthetic profile 0167; record variant 2; seed 20260925.,236983
subject-0167-record-03,subject-0167,Synthetic User 0167,user0167@example.test,+91-90000-0167,Pune,Synthetic profile 0167; record variant 3; seed 20260925.,683219
subject-0167-record-04,subject-0167,Synthetic User 0167,user0167@example.test,+91-90000-0167,Pune,Synthetic profile 0167; record variant 4; seed 20260925.,206774
subject-0168-record-00,subject-0168,Synthetic User 0168,user0168@example.test,+91-90000-0168,Bengaluru,Synthetic profile 0168; record variant 0; seed 20260925.,872333
subject-0168-record-01,subject-0168,Synthetic User 0168,user0168@example.test,+91-90000-0168,Bengaluru,Synthetic profile 0168; record variant 1; seed 20260925.,997335
subject-0168-record-02,subject-0168,Synthetic User 0168,user0168@example.test,+91-90000-0168,Bengaluru,Synthetic profile 0168; record variant 2; seed 20260925.,687116
subject-0168-record-03,subject-0168,Synthetic User 0168,user0168@example.test,+91-90000-0168,Bengaluru,Synthetic profile 0168; record variant 3; seed 20260925.,827024
subject-0168-record-04,subject-0168,Synthetic User 0168,user0168@example.test,+91-90000-0168,Bengaluru,Synthetic profile 0168; record variant 4; seed 20260925.,346351
subject-0169-record-00,subject-0169,Synthetic User 0169,user0169@example.test,+91-90000-0169,Jaipur,Synthetic profile 0169; record variant 0; seed 20260925.,629232
subject-0169-record-01,subject-0169,Synthetic User 0169,user0169@example.test,+91-90000-0169,Jaipur,Synthetic profile 0169; record variant 1; seed 20260925.,174833
subject-0169-record-02,subject-0169,Synthetic User 0169,user0169@example.test,+91-90000-0169,Jaipur,Synthetic profile 0169; record variant 2; seed 20260925.,894796
subject-0169-record-03,subject-0169,Synthetic User 0169,user0169@example.test,+91-90000-0169,Jaipur,Synthetic profile 0169; record variant 3; seed 20260925.,293871
subject-0169-record-04,subject-0169,Synthetic User 0169,user0169@example.test,+91-90000-0169,Jaipur,Synthetic profile 0169; record variant 4; seed 20260925.,925322
subject-0170-record-00,subject-0170,Synthetic User 0170,user0170@example.test,+91-90000-0170,Mohali,Synthetic profile 0170; record variant 0; seed 20260925.,601323
subject-0170-record-01,subject-0170,Synthetic User 0170,user0170@example.test,+91-90000-0170,Mohali,Synthetic profile 0170; record variant 1; seed 20260925.,181964
subject-0170-record-02,subject-0170,Synthetic User 0170,user0170@example.test,+91-90000-0170,Mohali,Synthetic profile 0170; record variant 2; seed 20260925.,737645
subject-0170-record-03,subject-0170,Synthetic User 0170,user0170@example.test,+91-90000-0170,Mohali,Synthetic profile 0170; record variant 3; seed 20260925.,602779
subject-0170-record-04,subject-0170,Synthetic User 0170,user0170@example.test,+91-90000-0170,Mohali,Synthetic profile 0170; record variant 4; seed 20260925.,839083
subject-0171-record-00,subject-0171,Synthetic User 0171,user0171@example.test,+91-90000-0171,Delhi,Synthetic profile 0171; record variant 0; seed 20260925.,417370
subject-0171-record-01,subject-0171,Synthetic User 0171,user0171@example.test,+91-90000-0171,Delhi,Synthetic profile 0171; record variant 1; seed 20260925.,719757
subject-0171-record-02,subject-0171,Synthetic User 0171,user0171@example.test,+91-90000-0171,Delhi,Synthetic profile 0171; record variant 2; seed 20260925.,317509
subject-0171-record-03,subject-0171,Synthetic User 0171,user0171@example.test,+91-90000-0171,Delhi,Synthetic profile 0171; record variant 3; seed 20260925.,985571
subject-0171-record-04,subject-0171,Synthetic User 0171,user0171@example.test,+91-90000-0171,Delhi,Synthetic profile 0171; record variant 4; seed 20260925.,120287
subject-0172-record-00,subject-0172,Synthetic User 0172,user0172@example.test,+91-90000-0172,Pune,Synthetic profile 0172; record variant 0; seed 20260925.,332829
subject-0172-record-01,subject-0172,Synthetic User 0172,user0172@example.test,+91-90000-0172,Pune,Synthetic profile 0172; record variant 1; seed 20260925.,332922
subject-0172-record-02,subject-0172,Synthetic User 0172,user0172@example.test,+91-90000-0172,Pune,Synthetic profile 0172; record variant 2; seed 20260925.,372394
subject-0172-record-03,subject-0172,Synthetic User 0172,user0172@example.test,+91-90000-0172,Pune,Synthetic profile 0172; record variant 3; seed 20260925.,199742
subject-0172-record-04,subject-0172,Synthetic User 0172,user0172@example.test,+91-90000-0172,Pune,Synthetic profile 0172; record variant 4; seed 20260925.,290879
subject-0173-record-00,subject-0173,Synthetic User 0173,user0173@example.test,+91-90000-0173,Bengaluru,Synthetic profile 0173; record variant 0; seed 20260925.,460064
subject-0173-record-01,subject-0173,Synthetic User 0173,user0173@example.test,+91-90000-0173,Bengaluru,Synthetic profile 0173; record variant 1; seed 20260925.,697491
subject-0173-record-02,subject-0173,Synthetic User 0173,user0173@example.test,+91-90000-0173,Bengaluru,Synthetic profile 0173; record variant 2; seed 20260925.,782350
subject-0173-record-03,subject-0173,Synthetic User 0173,user0173@example.test,+91-90000-0173,Bengaluru,Synthetic profile 0173; record variant 3; seed 20260925.,474046
subject-0173-record-04,subject-0173,Synthetic User 0173,user0173@example.test,+91-90000-0173,Bengaluru,Synthetic profile 0173; record variant 4; seed 20260925.,538085
subject-0174-record-00,subject-0174,Synthetic User 0174,user0174@example.test,+91-90000-0174,Jaipur,Synthetic profile 0174; record variant 0; seed 20260925.,700899
subject-0174-record-01,subject-0174,Synthetic User 0174,user0174@example.test,+91-90000-0174,Jaipur,Synthetic profile 0174; record variant 1; seed 20260925.,448871
subject-0174-record-02,subject-0174,Synthetic User 0174,user0174@example.test,+91-90000-0174,Jaipur,Synthetic profile 0174; record variant 2; seed 20260925.,580649
subject-0174-record-03,subject-0174,Synthetic User 0174,user0174@example.test,+91-90000-0174,Jaipur,Synthetic profile 0174; record variant 3; seed 20260925.,818288
subject-0174-record-04,subject-0174,Synthetic User 0174,user0174@example.test,+91-90000-0174,Jaipur,Synthetic profile 0174; record variant 4; seed 20260925.,902586
subject-0175-record-00,subject-0175,Synthetic User 0175,user0175@example.test,+91-90000-0175,Mohali,Synthetic profile 0175; record variant 0; seed 20260925.,998807
subject-0175-record-01,subject-0175,Synthetic User 0175,user0175@example.test,+91-90000-0175,Mohali,Synthetic profile 0175; record variant 1; seed 20260925.,388308
subject-0175-record-02,subject-0175,Synthetic User 0175,user0175@example.test,+91-90000-0175,Mohali,Synthetic profile 0175; record variant 2; seed 20260925.,846589
subject-0175-record-03,subject-0175,Synthetic User 0175,user0175@example.test,+91-90000-0175,Mohali,Synthetic profile 0175; record variant 3; seed 20260925.,407585
subject-0175-record-04,subject-0175,Synthetic User 0175,user0175@example.test,+91-90000-0175,Mohali,Synthetic profile 0175; record variant 4; seed 20260925.,710128
subject-0176-record-00,subject-0176,Synthetic User 0176,user0176@example.test,+91-90000-0176,Delhi,Synthetic profile 0176; record variant 0; seed 20260925.,495246
subject-0176-record-01,subject-0176,Synthetic User 0176,user0176@example.test,+91-90000-0176,Delhi,Synthetic profile 0176; record variant 1; seed 20260925.,516317
subject-0176-record-02,subject-0176,Synthetic User 0176,user0176@example.test,+91-90000-0176,Delhi,Synthetic profile 0176; record variant 2; seed 20260925.,182844
subject-0176-record-03,subject-0176,Synthetic User 0176,user0176@example.test,+91-90000-0176,Delhi,Synthetic profile 0176; record variant 3; seed 20260925.,950606
subject-0176-record-04,subject-0176,Synthetic User 0176,user0176@example.test,+91-90000-0176,Delhi,Synthetic profile 0176; record variant 4; seed 20260925.,404129
subject-0177-record-00,subject-0177,Synthetic User 0177,user0177@example.test,+91-90000-0177,Pune,Synthetic profile 0177; record variant 0; seed 20260925.,691079
subject-0177-record-01,subject-0177,Synthetic User 0177,user0177@example.test,+91-90000-0177,Pune,Synthetic profile 0177; record variant 1; seed 20260925.,108848
subject-0177-record-02,subject-0177,Synthetic User 0177,user0177@example.test,+91-90000-0177,Pune,Synthetic profile 0177; record variant 2; seed 20260925.,908262
subject-0177-record-03,subject-0177,Synthetic User 0177,user0177@example.test,+91-90000-0177,Pune,Synthetic profile 0177; record variant 3; seed 20260925.,255921
subject-0177-record-04,subject-0177,Synthetic User 0177,user0177@example.test,+91-90000-0177,Pune,Synthetic profile 0177; record variant 4; seed 20260925.,482585
subject-0178-record-00,subject-0178,Synthetic User 0178,user0178@example.test,+91-90000-0178,Bengaluru,Synthetic profile 0178; record variant 0; seed 20260925.,321821
subject-0178-record-01,subject-0178,Synthetic User 0178,user0178@example.test,+91-90000-0178,Bengaluru,Synthetic profile 0178; record variant 1; seed 20260925.,324440
subject-0178-record-02,subject-0178,Synthetic User 0178,user0178@example.test,+91-90000-0178,Bengaluru,Synthetic profile 0178; record variant 2; seed 20260925.,601479
subject-0178-record-03,subject-0178,Synthetic User 0178,user0178@example.test,+91-90000-0178,Bengaluru,Synthetic profile 0178; record variant 3; seed 20260925.,638267
subject-0178-record-04,subject-0178,Synthetic User 0178,user0178@example.test,+91-90000-0178,Bengaluru,Synthetic profile 0178; record variant 4; seed 20260925.,916895
subject-0179-record-00,subject-0179,Synthetic User 0179,user0179@example.test,+91-90000-0179,Jaipur,Synthetic profile 0179; record variant 0; seed 20260925.,960810
subject-0179-record-01,subject-0179,Synthetic User 0179,user0179@example.test,+91-90000-0179,Jaipur,Synthetic profile 0179; record variant 1; seed 20260925.,386950
subject-0179-record-02,subject-0179,Synthetic User 0179,user0179@example.test,+91-90000-0179,Jaipur,Synthetic profile 0179; record variant 2; seed 20260925.,309763
subject-0179-record-03,subject-0179,Synthetic User 0179,user0179@example.test,+91-90000-0179,Jaipur,Synthetic profile 0179; record variant 3; seed 20260925.,300607
subject-0179-record-04,subject-0179,Synthetic User 0179,user0179@example.test,+91-90000-0179,Jaipur,Synthetic profile 0179; record variant 4; seed 20260925.,422343
subject-0180-record-00,subject-0180,Synthetic User 0180,user0180@example.test,+91-90000-0180,Mohali,Synthetic profile 0180; record variant 0; seed 20260925.,352500
subject-0180-record-01,subject-0180,Synthetic User 0180,user0180@example.test,+91-90000-0180,Mohali,Synthetic profile 0180; record variant 1; seed 20260925.,350052
subject-0180-record-02,subject-0180,Synthetic User 0180,user0180@example.test,+91-90000-0180,Mohali,Synthetic profile 0180; record variant 2; seed 20260925.,557699
subject-0180-record-03,subject-0180,Synthetic User 0180,user0180@example.test,+91-90000-0180,Mohali,Synthetic profile 0180; record variant 3; seed 20260925.,717652
subject-0180-record-04,subject-0180,Synthetic User 0180,user0180@example.test,+91-90000-0180,Mohali,Synthetic profile 0180; record variant 4; seed 20260925.,879075
subject-0181-record-00,subject-0181,Synthetic User 0181,user0181@example.test,+91-90000-0181,Delhi,Synthetic profile 0181; record variant 0; seed 20260925.,922148
subject-0181-record-01,subject-0181,Synthetic User 0181,user0181@example.test,+91-90000-0181,Delhi,Synthetic profile 0181; record variant 1; seed 20260925.,525716
subject-0181-record-02,subject-0181,Synthetic User 0181,user0181@example.test,+91-90000-0181,Delhi,Synthetic profile 0181; record variant 2; seed 20260925.,289962
subject-0181-record-03,subject-0181,Synthetic User 0181,user0181@example.test,+91-90000-0181,Delhi,Synthetic profile 0181; record variant 3; seed 20260925.,269331
subject-0181-record-04,subject-0181,Synthetic User 0181,user0181@example.test,+91-90000-0181,Delhi,Synthetic profile 0181; record variant 4; seed 20260925.,824165
subject-0182-record-00,subject-0182,Synthetic User 0182,user0182@example.test,+91-90000-0182,Pune,Synthetic profile 0182; record variant 0; seed 20260925.,304115
subject-0182-record-01,subject-0182,Synthetic User 0182,user0182@example.test,+91-90000-0182,Pune,Synthetic profile 0182; record variant 1; seed 20260925.,586218
subject-0182-record-02,subject-0182,Synthetic User 0182,user0182@example.test,+91-90000-0182,Pune,Synthetic profile 0182; record variant 2; seed 20260925.,177337
subject-0182-record-03,subject-0182,Synthetic User 0182,user0182@example.test,+91-90000-0182,Pune,Synthetic profile 0182; record variant 3; seed 20260925.,537731
subject-0182-record-04,subject-0182,Synthetic User 0182,user0182@example.test,+91-90000-0182,Pune,Synthetic profile 0182; record variant 4; seed 20260925.,997236
subject-0183-record-00,subject-0183,Synthetic User 0183,user0183@example.test,+91-90000-0183,Bengaluru,Synthetic profile 0183; record variant 0; seed 20260925.,307697
subject-0183-record-01,subject-0183,Synthetic User 0183,user0183@example.test,+91-90000-0183,Bengaluru,Synthetic profile 0183; record variant 1; seed 20260925.,413856
subject-0183-record-02,subject-0183,Synthetic User 0183,user0183@example.test,+91-90000-0183,Bengaluru,Synthetic profile 0183; record variant 2; seed 20260925.,182133
subject-0183-record-03,subject-0183,Synthetic User 0183,user0183@example.test,+91-90000-0183,Bengaluru,Synthetic profile 0183; record variant 3; seed 20260925.,394116
subject-0183-record-04,subject-0183,Synthetic User 0183,user0183@example.test,+91-90000-0183,Bengaluru,Synthetic profile 0183; record variant 4; seed 20260925.,447680
subject-0184-record-00,subject-0184,Synthetic User 0184,user0184@example.test,+91-90000-0184,Jaipur,Synthetic profile 0184; record variant 0; seed 20260925.,691260
subject-0184-record-01,subject-0184,Synthetic User 0184,user0184@example.test,+91-90000-0184,Jaipur,Synthetic profile 0184; record variant 1; seed 20260925.,689695
subject-0184-record-02,subject-0184,Synthetic User 0184,user0184@example.test,+91-90000-0184,Jaipur,Synthetic profile 0184; record variant 2; seed 20260925.,214946
subject-0184-record-03,subject-0184,Synthetic User 0184,user0184@example.test,+91-90000-0184,Jaipur,Synthetic profile 0184; record variant 3; seed 20260925.,466295
subject-0184-record-04,subject-0184,Synthetic User 0184,user0184@example.test,+91-90000-0184,Jaipur,Synthetic profile 0184; record variant 4; seed 20260925.,555248
subject-0185-record-00,subject-0185,Synthetic User 0185,user0185@example.test,+91-90000-0185,Mohali,Synthetic profile 0185; record variant 0; seed 20260925.,730410
subject-0185-record-01,subject-0185,Synthetic User 0185,user0185@example.test,+91-90000-0185,Mohali,Synthetic profile 0185; record variant 1; seed 20260925.,711568
subject-0185-record-02,subject-0185,Synthetic User 0185,user0185@example.test,+91-90000-0185,Mohali,Synthetic profile 0185; record variant 2; seed 20260925.,834640
subject-0185-record-03,subject-0185,Synthetic User 0185,user0185@example.test,+91-90000-0185,Mohali,Synthetic profile 0185; record variant 3; seed 20260925.,863595
subject-0185-record-04,subject-0185,Synthetic User 0185,user0185@example.test,+91-90000-0185,Mohali,Synthetic profile 0185; record variant 4; seed 20260925.,558332
subject-0186-record-00,subject-0186,Synthetic User 0186,user0186@example.test,+91-90000-0186,Delhi,Synthetic profile 0186; record variant 0; seed 20260925.,361479
subject-0186-record-01,subject-0186,Synthetic User 0186,user0186@example.test,+91-90000-0186,Delhi,Synthetic profile 0186; record variant 1; seed 20260925.,586782
subject-0186-record-02,subject-0186,Synthetic User 0186,user0186@example.test,+91-90000-0186,Delhi,Synthetic profile 0186; record variant 2; seed 20260925.,125736
subject-0186-record-03,subject-0186,Synthetic User 0186,user0186@example.test,+91-90000-0186,Delhi,Synthetic profile 0186; record variant 3; seed 20260925.,207032
subject-0186-record-04,subject-0186,Synthetic User 0186,user0186@example.test,+91-90000-0186,Delhi,Synthetic profile 0186; record variant 4; seed 20260925.,257220
subject-0187-record-00,subject-0187,Synthetic User 0187,user0187@example.test,+91-90000-0187,Pune,Synthetic profile 0187; record variant 0; seed 20260925.,241779
subject-0187-record-01,subject-0187,Synthetic User 0187,user0187@example.test,+91-90000-0187,Pune,Synthetic profile 0187; record variant 1; seed 20260925.,706410
subject-0187-record-02,subject-0187,Synthetic User 0187,user0187@example.test,+91-90000-0187,Pune,Synthetic profile 0187; record variant 2; seed 20260925.,435958
subject-0187-record-03,subject-0187,Synthetic User 0187,user0187@example.test,+91-90000-0187,Pune,Synthetic profile 0187; record variant 3; seed 20260925.,710924
subject-0187-record-04,subject-0187,Synthetic User 0187,user0187@example.test,+91-90000-0187,Pune,Synthetic profile 0187; record variant 4; seed 20260925.,498179
subject-0188-record-00,subject-0188,Synthetic User 0188,user0188@example.test,+91-90000-0188,Bengaluru,Synthetic profile 0188; record variant 0; seed 20260925.,371409
subject-0188-record-01,subject-0188,Synthetic User 0188,user0188@example.test,+91-90000-0188,Bengaluru,Synthetic profile 0188; record variant 1; seed 20260925.,195628
subject-0188-record-02,subject-0188,Synthetic User 0188,user0188@example.test,+91-90000-0188,Bengaluru,Synthetic profile 0188; record variant 2; seed 20260925.,260529
subject-0188-record-03,subject-0188,Synthetic User 0188,user0188@example.test,+91-90000-0188,Bengaluru,Synthetic profile 0188; record variant 3; seed 20260925.,100352
subject-0188-record-04,subject-0188,Synthetic User 0188,user0188@example.test,+91-90000-0188,Bengaluru,Synthetic profile 0188; record variant 4; seed 20260925.,597134
subject-0189-record-00,subject-0189,Synthetic User 0189,user0189@example.test,+91-90000-0189,Jaipur,Synthetic profile 0189; record variant 0; seed 20260925.,277683
subject-0189-record-01,subject-0189,Synthetic User 0189,user0189@example.test,+91-90000-0189,Jaipur,Synthetic profile 0189; record variant 1; seed 20260925.,890730
subject-0189-record-02,subject-0189,Synthetic User 0189,user0189@example.test,+91-90000-0189,Jaipur,Synthetic profile 0189; record variant 2; seed 20260925.,236083
subject-0189-record-03,subject-0189,Synthetic User 0189,user0189@example.test,+91-90000-0189,Jaipur,Synthetic profile 0189; record variant 3; seed 20260925.,663130
subject-0189-record-04,subject-0189,Synthetic User 0189,user0189@example.test,+91-90000-0189,Jaipur,Synthetic profile 0189; record variant 4; seed 20260925.,609506
subject-0190-record-00,subject-0190,Synthetic User 0190,user0190@example.test,+91-90000-0190,Mohali,Synthetic profile 0190; record variant 0; seed 20260925.,480587
subject-0190-record-01,subject-0190,Synthetic User 0190,user0190@example.test,+91-90000-0190,Mohali,Synthetic profile 0190; record variant 1; seed 20260925.,518262
subject-0190-record-02,subject-0190,Synthetic User 0190,user0190@example.test,+91-90000-0190,Mohali,Synthetic profile 0190; record variant 2; seed 20260925.,687585
subject-0190-record-03,subject-0190,Synthetic User 0190,user0190@example.test,+91-90000-0190,Mohali,Synthetic profile 0190; record variant 3; seed 20260925.,871531
subject-0190-record-04,subject-0190,Synthetic User 0190,user0190@example.test,+91-90000-0190,Mohali,Synthetic profile 0190; record variant 4; seed 20260925.,899572
subject-0191-record-00,subject-0191,Synthetic User 0191,user0191@example.test,+91-90000-0191,Delhi,Synthetic profile 0191; record variant 0; seed 20260925.,160480
subject-0191-record-01,subject-0191,Synthetic User 0191,user0191@example.test,+91-90000-0191,Delhi,Synthetic profile 0191; record variant 1; seed 20260925.,207776
subject-0191-record-02,subject-0191,Synthetic User 0191,user0191@example.test,+91-90000-0191,Delhi,Synthetic profile 0191; record variant 2; seed 20260925.,825183
subject-0191-record-03,subject-0191,Synthetic User 0191,user0191@example.test,+91-90000-0191,Delhi,Synthetic profile 0191; record variant 3; seed 20260925.,886412
subject-0191-record-04,subject-0191,Synthetic User 0191,user0191@example.test,+91-90000-0191,Delhi,Synthetic profile 0191; record variant 4; seed 20260925.,218669
subject-0192-record-00,subject-0192,Synthetic User 0192,user0192@example.test,+91-90000-0192,Pune,Synthetic profile 0192; record variant 0; seed 20260925.,174741
subject-0192-record-01,subject-0192,Synthetic User 0192,user0192@example.test,+91-90000-0192,Pune,Synthetic profile 0192; record variant 1; seed 20260925.,776889
subject-0192-record-02,subject-0192,Synthetic User 0192,user0192@example.test,+91-90000-0192,Pune,Synthetic profile 0192; record variant 2; seed 20260925.,361194
subject-0192-record-03,subject-0192,Synthetic User 0192,user0192@example.test,+91-90000-0192,Pune,Synthetic profile 0192; record variant 3; seed 20260925.,234738
subject-0192-record-04,subject-0192,Synthetic User 0192,user0192@example.test,+91-90000-0192,Pune,Synthetic profile 0192; record variant 4; seed 20260925.,124726
subject-0193-record-00,subject-0193,Synthetic User 0193,user0193@example.test,+91-90000-0193,Bengaluru,Synthetic profile 0193; record variant 0; seed 20260925.,290248
subject-0193-record-01,subject-0193,Synthetic User 0193,user0193@example.test,+91-90000-0193,Bengaluru,Synthetic profile 0193; record variant 1; seed 20260925.,500137
subject-0193-record-02,subject-0193,Synthetic User 0193,user0193@example.test,+91-90000-0193,Bengaluru,Synthetic profile 0193; record variant 2; seed 20260925.,610032
subject-0193-record-03,subject-0193,Synthetic User 0193,user0193@example.test,+91-90000-0193,Bengaluru,Synthetic profile 0193; record variant 3; seed 20260925.,404571
subject-0193-record-04,subject-0193,Synthetic User 0193,user0193@example.test,+91-90000-0193,Bengaluru,Synthetic profile 0193; record variant 4; seed 20260925.,914364
subject-0194-record-00,subject-0194,Synthetic User 0194,user0194@example.test,+91-90000-0194,Jaipur,Synthetic profile 0194; record variant 0; seed 20260925.,946164
subject-0194-record-01,subject-0194,Synthetic User 0194,user0194@example.test,+91-90000-0194,Jaipur,Synthetic profile 0194; record variant 1; seed 20260925.,546731
subject-0194-record-02,subject-0194,Synthetic User 0194,user0194@example.test,+91-90000-0194,Jaipur,Synthetic profile 0194; record variant 2; seed 20260925.,925314
subject-0194-record-03,subject-0194,Synthetic User 0194,user0194@example.test,+91-90000-0194,Jaipur,Synthetic profile 0194; record variant 3; seed 20260925.,811764
subject-0194-record-04,subject-0194,Synthetic User 0194,user0194@example.test,+91-90000-0194,Jaipur,Synthetic profile 0194; record variant 4; seed 20260925.,198653
subject-0195-record-00,subject-0195,Synthetic User 0195,user0195@example.test,+91-90000-0195,Mohali,Synthetic profile 0195; record variant 0; seed 20260925.,146313
subject-0195-record-01,subject-0195,Synthetic User 0195,user0195@example.test,+91-90000-0195,Mohali,Synthetic profile 0195; record variant 1; seed 20260925.,916383
subject-0195-record-02,subject-0195,Synthetic User 0195,user0195@example.test,+91-90000-0195,Mohali,Synthetic profile 0195; record variant 2; seed 20260925.,963476
subject-0195-record-03,subject-0195,Synthetic User 0195,user0195@example.test,+91-90000-0195,Mohali,Synthetic profile 0195; record variant 3; seed 20260925.,398503
subject-0195-record-04,subject-0195,Synthetic User 0195,user0195@example.test,+91-90000-0195,Mohali,Synthetic profile 0195; record variant 4; seed 20260925.,723788
subject-0196-record-00,subject-0196,Synthetic User 0196,user0196@example.test,+91-90000-0196,Delhi,Synthetic profile 0196; record variant 0; seed 20260925.,238515
subject-0196-record-01,subject-0196,Synthetic User 0196,user0196@example.test,+91-90000-0196,Delhi,Synthetic profile 0196; record variant 1; seed 20260925.,993190
subject-0196-record-02,subject-0196,Synthetic User 0196,user0196@example.test,+91-90000-0196,Delhi,Synthetic profile 0196; record variant 2; seed 20260925.,172543
subject-0196-record-03,subject-0196,Synthetic User 0196,user0196@example.test,+91-90000-0196,Delhi,Synthetic profile 0196; record variant 3; seed 20260925.,710518
subject-0196-record-04,subject-0196,Synthetic User 0196,user0196@example.test,+91-90000-0196,Delhi,Synthetic profile 0196; record variant 4; seed 20260925.,959305
subject-0197-record-00,subject-0197,Synthetic User 0197,user0197@example.test,+91-90000-0197,Pune,Synthetic profile 0197; record variant 0; seed 20260925.,207986
subject-0197-record-01,subject-0197,Synthetic User 0197,user0197@example.test,+91-90000-0197,Pune,Synthetic profile 0197; record variant 1; seed 20260925.,639332
subject-0197-record-02,subject-0197,Synthetic User 0197,user0197@example.test,+91-90000-0197,Pune,Synthetic profile 0197; record variant 2; seed 20260925.,482539
subject-0197-record-03,subject-0197,Synthetic User 0197,user0197@example.test,+91-90000-0197,Pune,Synthetic profile 0197; record variant 3; seed 20260925.,681475
subject-0197-record-04,subject-0197,Synthetic User 0197,user0197@example.test,+91-90000-0197,Pune,Synthetic profile 0197; record variant 4; seed 20260925.,449466
subject-0198-record-00,subject-0198,Synthetic User 0198,user0198@example.test,+91-90000-0198,Bengaluru,Synthetic profile 0198; record variant 0; seed 20260925.,392181
subject-0198-record-01,subject-0198,Synthetic User 0198,user0198@example.test,+91-90000-0198,Bengaluru,Synthetic profile 0198; record variant 1; seed 20260925.,333858
subject-0198-record-02,subject-0198,Synthetic User 0198,user0198@example.test,+91-90000-0198,Bengaluru,Synthetic profile 0198; record variant 2; seed 20260925.,257417
subject-0198-record-03,subject-0198,Synthetic User 0198,user0198@example.test,+91-90000-0198,Bengaluru,Synthetic profile 0198; record variant 3; seed 20260925.,797650
subject-0198-record-04,subject-0198,Synthetic User 0198,user0198@example.test,+91-90000-0198,Bengaluru,Synthetic profile 0198; record variant 4; seed 20260925.,664128
subject-0199-record-00,subject-0199,Synthetic User 0199,user0199@example.test,+91-90000-0199,Jaipur,Synthetic profile 0199; record variant 0; seed 20260925.,757001
subject-0199-record-01,subject-0199,Synthetic User 0199,user0199@example.test,+91-90000-0199,Jaipur,Synthetic profile 0199; record variant 1; seed 20260925.,696742
subject-0199-record-02,subject-0199,Synthetic User 0199,user0199@example.test,+91-90000-0199,Jaipur,Synthetic profile 0199; record variant 2; seed 20260925.,430498
subject-0199-record-03,subject-0199,Synthetic User 0199,user0199@example.test,+91-90000-0199,Jaipur,Synthetic profile 0199; record variant 3; seed 20260925.,846247
subject-0199-record-04,subject-0199,Synthetic User 0199,user0199@example.test,+91-90000-0199,Jaipur,Synthetic profile 0199; record variant 4; seed 20260925.,477672
subject-0200-record-00,subject-0200,Synthetic User 0200,user0200@example.test,+91-90000-0200,Mohali,Synthetic profile 0200; record variant 0; seed 20260925.,630317
subject-0200-record-01,subject-0200,Synthetic User 0200,user0200@example.test,+91-90000-0200,Mohali,Synthetic profile 0200; record variant 1; seed 20260925.,506122
subject-0200-record-02,subject-0200,Synthetic User 0200,user0200@example.test,+91-90000-0200,Mohali,Synthetic profile 0200; record variant 2; seed 20260925.,211457
subject-0200-record-03,subject-0200,Synthetic User 0200,user0200@example.test,+91-90000-0200,Mohali,Synthetic profile 0200; record variant 3; seed 20260925.,965078
subject-0200-record-04,subject-0200,Synthetic User 0200,user0200@example.test,+91-90000-0200,Mohali,Synthetic profile 0200; record variant 4; seed 20260925.,873113
subject-0201-record-00,subject-0201,Synthetic User 0201,user0201@example.test,+91-90000-0201,Delhi,Synthetic profile 0201; record variant 0; seed 20260925.,117806
subject-0201-record-01,subject-0201,Synthetic User 0201,user0201@example.test,+91-90000-0201,Delhi,Synthetic profile 0201; record variant 1; seed 20260925.,935070
subject-0201-record-02,subject-0201,Synthetic User 0201,user0201@example.test,+91-90000-0201,Delhi,Synthetic profile 0201; record variant 2; seed 20260925.,413424
subject-0201-record-03,subject-0201,Synthetic User 0201,user0201@example.test,+91-90000-0201,Delhi,Synthetic profile 0201; record variant 3; seed 20260925.,620707
subject-0201-record-04,subject-0201,Synthetic User 0201,user0201@example.test,+91-90000-0201,Delhi,Synthetic profile 0201; record variant 4; seed 20260925.,502855
subject-0202-record-00,subject-0202,Synthetic User 0202,user0202@example.test,+91-90000-0202,Pune,Synthetic profile 0202; record variant 0; seed 20260925.,749726
subject-0202-record-01,subject-0202,Synthetic User 0202,user0202@example.test,+91-90000-0202,Pune,Synthetic profile 0202; record variant 1; seed 20260925.,761372
subject-0202-record-02,subject-0202,Synthetic User 0202,user0202@example.test,+91-90000-0202,Pune,Synthetic profile 0202; record variant 2; seed 20260925.,593246
subject-0202-record-03,subject-0202,Synthetic User 0202,user0202@example.test,+91-90000-0202,Pune,Synthetic profile 0202; record variant 3; seed 20260925.,242556
subject-0202-record-04,subject-0202,Synthetic User 0202,user0202@example.test,+91-90000-0202,Pune,Synthetic profile 0202; record variant 4; seed 20260925.,985947
subject-0203-record-00,subject-0203,Synthetic User 0203,user0203@example.test,+91-90000-0203,Bengaluru,Synthetic profile 0203; record variant 0; seed 20260925.,931926
subject-0203-record-01,subject-0203,Synthetic User 0203,user0203@example.test,+91-90000-0203,Bengaluru,Synthetic profile 0203; record variant 1; seed 20260925.,507340
subject-0203-record-02,subject-0203,Synthetic User 0203,user0203@example.test,+91-90000-0203,Bengaluru,Synthetic profile 0203; record variant 2; seed 20260925.,931677
subject-0203-record-03,subject-0203,Synthetic User 0203,user0203@example.test,+91-90000-0203,Bengaluru,Synthetic profile 0203; record variant 3; seed 20260925.,677364
subject-0203-record-04,subject-0203,Synthetic User 0203,user0203@example.test,+91-90000-0203,Bengaluru,Synthetic profile 0203; record variant 4; seed 20260925.,365808
subject-0204-record-00,subject-0204,Synthetic User 0204,user0204@example.test,+91-90000-0204,Jaipur,Synthetic profile 0204; record variant 0; seed 20260925.,794498
subject-0204-record-01,subject-0204,Synthetic User 0204,user0204@example.test,+91-90000-0204,Jaipur,Synthetic profile 0204; record variant 1; seed 20260925.,644457
subject-0204-record-02,subject-0204,Synthetic User 0204,user0204@example.test,+91-90000-0204,Jaipur,Synthetic profile 0204; record variant 2; seed 20260925.,181397
subject-0204-record-03,subject-0204,Synthetic User 0204,user0204@example.test,+91-90000-0204,Jaipur,Synthetic profile 0204; record variant 3; seed 20260925.,537312
subject-0204-record-04,subject-0204,Synthetic User 0204,user0204@example.test,+91-90000-0204,Jaipur,Synthetic profile 0204; record variant 4; seed 20260925.,248169
subject-0205-record-00,subject-0205,Synthetic User 0205,user0205@example.test,+91-90000-0205,Mohali,Synthetic profile 0205; record variant 0; seed 20260925.,244806
subject-0205-record-01,subject-0205,Synthetic User 0205,user0205@example.test,+91-90000-0205,Mohali,Synthetic profile 0205; record variant 1; seed 20260925.,741974
subject-0205-record-02,subject-0205,Synthetic User 0205,user0205@example.test,+91-90000-0205,Mohali,Synthetic profile 0205; record variant 2; seed 20260925.,698212
subject-0205-record-03,subject-0205,Synthetic User 0205,user0205@example.test,+91-90000-0205,Mohali,Synthetic profile 0205; record variant 3; seed 20260925.,637852
subject-0205-record-04,subject-0205,Synthetic User 0205,user0205@example.test,+91-90000-0205,Mohali,Synthetic profile 0205; record variant 4; seed 20260925.,931252
subject-0206-record-00,subject-0206,Synthetic User 0206,user0206@example.test,+91-90000-0206,Delhi,Synthetic profile 0206; record variant 0; seed 20260925.,792095
subject-0206-record-01,subject-0206,Synthetic User 0206,user0206@example.test,+91-90000-0206,Delhi,Synthetic profile 0206; record variant 1; seed 20260925.,106626
subject-0206-record-02,subject-0206,Synthetic User 0206,user0206@example.test,+91-90000-0206,Delhi,Synthetic profile 0206; record variant 2; seed 20260925.,366180
subject-0206-record-03,subject-0206,Synthetic User 0206,user0206@example.test,+91-90000-0206,Delhi,Synthetic profile 0206; record variant 3; seed 20260925.,292513
subject-0206-record-04,subject-0206,Synthetic User 0206,user0206@example.test,+91-90000-0206,Delhi,Synthetic profile 0206; record variant 4; seed 20260925.,907470
subject-0207-record-00,subject-0207,Synthetic User 0207,user0207@example.test,+91-90000-0207,Pune,Synthetic profile 0207; record variant 0; seed 20260925.,487749
subject-0207-record-01,subject-0207,Synthetic User 0207,user0207@example.test,+91-90000-0207,Pune,Synthetic profile 0207; record variant 1; seed 20260925.,311322
subject-0207-record-02,subject-0207,Synthetic User 0207,user0207@example.test,+91-90000-0207,Pune,Synthetic profile 0207; record variant 2; seed 20260925.,737792
subject-0207-record-03,subject-0207,Synthetic User 0207,user0207@example.test,+91-90000-0207,Pune,Synthetic profile 0207; record variant 3; seed 20260925.,291218
subject-0207-record-04,subject-0207,Synthetic User 0207,user0207@example.test,+91-90000-0207,Pune,Synthetic profile 0207; record variant 4; seed 20260925.,253686
subject-0208-record-00,subject-0208,Synthetic User 0208,user0208@example.test,+91-90000-0208,Bengaluru,Synthetic profile 0208; record variant 0; seed 20260925.,750396
subject-0208-record-01,subject-0208,Synthetic User 0208,user0208@example.test,+91-90000-0208,Bengaluru,Synthetic profile 0208; record variant 1; seed 20260925.,500847
subject-0208-record-02,subject-0208,Synthetic User 0208,user0208@example.test,+91-90000-0208,Bengaluru,Synthetic profile 0208; record variant 2; seed 20260925.,961205
subject-0208-record-03,subject-0208,Synthetic User 0208,user0208@example.test,+91-90000-0208,Bengaluru,Synthetic profile 0208; record variant 3; seed 20260925.,580804
subject-0208-record-04,subject-0208,Synthetic User 0208,user0208@example.test,+91-90000-0208,Bengaluru,Synthetic profile 0208; record variant 4; seed 20260925.,642649
subject-0209-record-00,subject-0209,Synthetic User 0209,user0209@example.test,+91-90000-0209,Jaipur,Synthetic profile 0209; record variant 0; seed 20260925.,859706
subject-0209-record-01,subject-0209,Synthetic User 0209,user0209@example.test,+91-90000-0209,Jaipur,Synthetic profile 0209; record variant 1; seed 20260925.,355411
subject-0209-record-02,subject-0209,Synthetic User 0209,user0209@example.test,+91-90000-0209,Jaipur,Synthetic profile 0209; record variant 2; seed 20260925.,131340
subject-0209-record-03,subject-0209,Synthetic User 0209,user0209@example.test,+91-90000-0209,Jaipur,Synthetic profile 0209; record variant 3; seed 20260925.,795531
subject-0209-record-04,subject-0209,Synthetic User 0209,user0209@example.test,+91-90000-0209,Jaipur,Synthetic profile 0209; record variant 4; seed 20260925.,175825
subject-0210-record-00,subject-0210,Synthetic User 0210,user0210@example.test,+91-90000-0210,Mohali,Synthetic profile 0210; record variant 0; seed 20260925.,180279
subject-0210-record-01,subject-0210,Synthetic User 0210,user0210@example.test,+91-90000-0210,Mohali,Synthetic profile 0210; record variant 1; seed 20260925.,133410
subject-0210-record-02,subject-0210,Synthetic User 0210,user0210@example.test,+91-90000-0210,Mohali,Synthetic profile 0210; record variant 2; seed 20260925.,562824
subject-0210-record-03,subject-0210,Synthetic User 0210,user0210@example.test,+91-90000-0210,Mohali,Synthetic profile 0210; record variant 3; seed 20260925.,620540
subject-0210-record-04,subject-0210,Synthetic User 0210,user0210@example.test,+91-90000-0210,Mohali,Synthetic profile 0210; record variant 4; seed 20260925.,436090
subject-0211-record-00,subject-0211,Synthetic User 0211,user0211@example.test,+91-90000-0211,Delhi,Synthetic profile 0211; record variant 0; seed 20260925.,140981
subject-0211-record-01,subject-0211,Synthetic User 0211,user0211@example.test,+91-90000-0211,Delhi,Synthetic profile 0211; record variant 1; seed 20260925.,278654
subject-0211-record-02,subject-0211,Synthetic User 0211,user0211@example.test,+91-90000-0211,Delhi,Synthetic profile 0211; record variant 2; seed 20260925.,167496
subject-0211-record-03,subject-0211,Synthetic User 0211,user0211@example.test,+91-90000-0211,Delhi,Synthetic profile 0211; record variant 3; seed 20260925.,924407
subject-0211-record-04,subject-0211,Synthetic User 0211,user0211@example.test,+91-90000-0211,Delhi,Synthetic profile 0211; record variant 4; seed 20260925.,827329
subject-0212-record-00,subject-0212,Synthetic User 0212,user0212@example.test,+91-90000-0212,Pune,Synthetic profile 0212; record variant 0; seed 20260925.,648243
subject-0212-record-01,subject-0212,Synthetic User 0212,user0212@example.test,+91-90000-0212,Pune,Synthetic profile 0212; record variant 1; seed 20260925.,273407
subject-0212-record-02,subject-0212,Synthetic User 0212,user0212@example.test,+91-90000-0212,Pune,Synthetic profile 0212; record variant 2; seed 20260925.,491899
subject-0212-record-03,subject-0212,Synthetic User 0212,user0212@example.test,+91-90000-0212,Pune,Synthetic profile 0212; record variant 3; seed 20260925.,525950
subject-0212-record-04,subject-0212,Synthetic User 0212,user0212@example.test,+91-90000-0212,Pune,Synthetic profile 0212; record variant 4; seed 20260925.,163826
subject-0213-record-00,subject-0213,Synthetic User 0213,user0213@example.test,+91-90000-0213,Bengaluru,Synthetic profile 0213; record variant 0; seed 20260925.,558761
subject-0213-record-01,subject-0213,Synthetic User 0213,user0213@example.test,+91-90000-0213,Bengaluru,Synthetic profile 0213; record variant 1; seed 20260925.,463676
subject-0213-record-02,subject-0213,Synthetic User 0213,user0213@example.test,+91-90000-0213,Bengaluru,Synthetic profile 0213; record variant 2; seed 20260925.,842847
subject-0213-record-03,subject-0213,Synthetic User 0213,user0213@example.test,+91-90000-0213,Bengaluru,Synthetic profile 0213; record variant 3; seed 20260925.,946791
subject-0213-record-04,subject-0213,Synthetic User 0213,user0213@example.test,+91-90000-0213,Bengaluru,Synthetic profile 0213; record variant 4; seed 20260925.,259977
subject-0214-record-00,subject-0214,Synthetic User 0214,user0214@example.test,+91-90000-0214,Jaipur,Synthetic profile 0214; record variant 0; seed 20260925.,907572
subject-0214-record-01,subject-0214,Synthetic User 0214,user0214@example.test,+91-90000-0214,Jaipur,Synthetic profile 0214; record variant 1; seed 20260925.,418281
subject-0214-record-02,subject-0214,Synthetic User 0214,user0214@example.test,+91-90000-0214,Jaipur,Synthetic profile 0214; record variant 2; seed 20260925.,746721
subject-0214-record-03,subject-0214,Synthetic User 0214,user0214@example.test,+91-90000-0214,Jaipur,Synthetic profile 0214; record variant 3; seed 20260925.,401814
subject-0214-record-04,subject-0214,Synthetic User 0214,user0214@example.test,+91-90000-0214,Jaipur,Synthetic profile 0214; record variant 4; seed 20260925.,333284
subject-0215-record-00,subject-0215,Synthetic User 0215,user0215@example.test,+91-90000-0215,Mohali,Synthetic profile 0215; record variant 0; seed 20260925.,757910
subject-0215-record-01,subject-0215,Synthetic User 0215,user0215@example.test,+91-90000-0215,Mohali,Synthetic profile 0215; record variant 1; seed 20260925.,381899
subject-0215-record-02,subject-0215,Synthetic User 0215,user0215@example.test,+91-90000-0215,Mohali,Synthetic profile 0215; record variant 2; seed 20260925.,165154
subject-0215-record-03,subject-0215,Synthetic User 0215,user0215@example.test,+91-90000-0215,Mohali,Synthetic profile 0215; record variant 3; seed 20260925.,454152
subject-0215-record-04,subject-0215,Synthetic User 0215,user0215@example.test,+91-90000-0215,Mohali,Synthetic profile 0215; record variant 4; seed 20260925.,195077
subject-0216-record-00,subject-0216,Synthetic User 0216,user0216@example.test,+91-90000-0216,Delhi,Synthetic profile 0216; record variant 0; seed 20260925.,938239
subject-0216-record-01,subject-0216,Synthetic User 0216,user0216@example.test,+91-90000-0216,Delhi,Synthetic profile 0216; record variant 1; seed 20260925.,231903
subject-0216-record-02,subject-0216,Synthetic User 0216,user0216@example.test,+91-90000-0216,Delhi,Synthetic profile 0216; record variant 2; seed 20260925.,514842
subject-0216-record-03,subject-0216,Synthetic User 0216,user0216@example.test,+91-90000-0216,Delhi,Synthetic profile 0216; record variant 3; seed 20260925.,650913
subject-0216-record-04,subject-0216,Synthetic User 0216,user0216@example.test,+91-90000-0216,Delhi,Synthetic profile 0216; record variant 4; seed 20260925.,956926
subject-0217-record-00,subject-0217,Synthetic User 0217,user0217@example.test,+91-90000-0217,Pune,Synthetic profile 0217; record variant 0; seed 20260925.,697462
subject-0217-record-01,subject-0217,Synthetic User 0217,user0217@example.test,+91-90000-0217,Pune,Synthetic profile 0217; record variant 1; seed 20260925.,609806
subject-0217-record-02,subject-0217,Synthetic User 0217,user0217@example.test,+91-90000-0217,Pune,Synthetic profile 0217; record variant 2; seed 20260925.,329289
subject-0217-record-03,subject-0217,Synthetic User 0217,user0217@example.test,+91-90000-0217,Pune,Synthetic profile 0217; record variant 3; seed 20260925.,424477
subject-0217-record-04,subject-0217,Synthetic User 0217,user0217@example.test,+91-90000-0217,Pune,Synthetic profile 0217; record variant 4; seed 20260925.,497549
subject-0218-record-00,subject-0218,Synthetic User 0218,user0218@example.test,+91-90000-0218,Bengaluru,Synthetic profile 0218; record variant 0; seed 20260925.,470033
subject-0218-record-01,subject-0218,Synthetic User 0218,user0218@example.test,+91-90000-0218,Bengaluru,Synthetic profile 0218; record variant 1; seed 20260925.,456227
subject-0218-record-02,subject-0218,Synthetic User 0218,user0218@example.test,+91-90000-0218,Bengaluru,Synthetic profile 0218; record variant 2; seed 20260925.,620340
subject-0218-record-03,subject-0218,Synthetic User 0218,user0218@example.test,+91-90000-0218,Bengaluru,Synthetic profile 0218; record variant 3; seed 20260925.,841948
subject-0218-record-04,subject-0218,Synthetic User 0218,user0218@example.test,+91-90000-0218,Bengaluru,Synthetic profile 0218; record variant 4; seed 20260925.,117025
subject-0219-record-00,subject-0219,Synthetic User 0219,user0219@example.test,+91-90000-0219,Jaipur,Synthetic profile 0219; record variant 0; seed 20260925.,998682
subject-0219-record-01,subject-0219,Synthetic User 0219,user0219@example.test,+91-90000-0219,Jaipur,Synthetic profile 0219; record variant 1; seed 20260925.,570643
subject-0219-record-02,subject-0219,Synthetic User 0219,user0219@example.test,+91-90000-0219,Jaipur,Synthetic profile 0219; record variant 2; seed 20260925.,613992
subject-0219-record-03,subject-0219,Synthetic User 0219,user0219@example.test,+91-90000-0219,Jaipur,Synthetic profile 0219; record variant 3; seed 20260925.,637862
subject-0219-record-04,subject-0219,Synthetic User 0219,user0219@example.test,+91-90000-0219,Jaipur,Synthetic profile 0219; record variant 4; seed 20260925.,368882
subject-0220-record-00,subject-0220,Synthetic User 0220,user0220@example.test,+91-90000-0220,Mohali,Synthetic profile 0220; record variant 0; seed 20260925.,534982
subject-0220-record-01,subject-0220,Synthetic User 0220,user0220@example.test,+91-90000-0220,Mohali,Synthetic profile 0220; record variant 1; seed 20260925.,511690
subject-0220-record-02,subject-0220,Synthetic User 0220,user0220@example.test,+91-90000-0220,Mohali,Synthetic profile 0220; record variant 2; seed 20260925.,526559
subject-0220-record-03,subject-0220,Synthetic User 0220,user0220@example.test,+91-90000-0220,Mohali,Synthetic profile 0220; record variant 3; seed 20260925.,448625
subject-0220-record-04,subject-0220,Synthetic User 0220,user0220@example.test,+91-90000-0220,Mohali,Synthetic profile 0220; record variant 4; seed 20260925.,528430
subject-0221-record-00,subject-0221,Synthetic User 0221,user0221@example.test,+91-90000-0221,Delhi,Synthetic profile 0221; record variant 0; seed 20260925.,707366
subject-0221-record-01,subject-0221,Synthetic User 0221,user0221@example.test,+91-90000-0221,Delhi,Synthetic profile 0221; record variant 1; seed 20260925.,153269
subject-0221-record-02,subject-0221,Synthetic User 0221,user0221@example.test,+91-90000-0221,Delhi,Synthetic profile 0221; record variant 2; seed 20260925.,572274
subject-0221-record-03,subject-0221,Synthetic User 0221,user0221@example.test,+91-90000-0221,Delhi,Synthetic profile 0221; record variant 3; seed 20260925.,880531
subject-0221-record-04,subject-0221,Synthetic User 0221,user0221@example.test,+91-90000-0221,Delhi,Synthetic profile 0221; record variant 4; seed 20260925.,943599
subject-0222-record-00,subject-0222,Synthetic User 0222,user0222@example.test,+91-90000-0222,Pune,Synthetic profile 0222; record variant 0; seed 20260925.,659588
subject-0222-record-01,subject-0222,Synthetic User 0222,user0222@example.test,+91-90000-0222,Pune,Synthetic profile 0222; record variant 1; seed 20260925.,658419
subject-0222-record-02,subject-0222,Synthetic User 0222,user0222@example.test,+91-90000-0222,Pune,Synthetic profile 0222; record variant 2; seed 20260925.,293693
subject-0222-record-03,subject-0222,Synthetic User 0222,user0222@example.test,+91-90000-0222,Pune,Synthetic profile 0222; record variant 3; seed 20260925.,292840
subject-0222-record-04,subject-0222,Synthetic User 0222,user0222@example.test,+91-90000-0222,Pune,Synthetic profile 0222; record variant 4; seed 20260925.,113373
subject-0223-record-00,subject-0223,Synthetic User 0223,user0223@example.test,+91-90000-0223,Bengaluru,Synthetic profile 0223; record variant 0; seed 20260925.,699753
subject-0223-record-01,subject-0223,Synthetic User 0223,user0223@example.test,+91-90000-0223,Bengaluru,Synthetic profile 0223; record variant 1; seed 20260925.,249333
subject-0223-record-02,subject-0223,Synthetic User 0223,user0223@example.test,+91-90000-0223,Bengaluru,Synthetic profile 0223; record variant 2; seed 20260925.,335083
subject-0223-record-03,subject-0223,Synthetic User 0223,user0223@example.test,+91-90000-0223,Bengaluru,Synthetic profile 0223; record variant 3; seed 20260925.,304048
subject-0223-record-04,subject-0223,Synthetic User 0223,user0223@example.test,+91-90000-0223,Bengaluru,Synthetic profile 0223; record variant 4; seed 20260925.,356984
subject-0224-record-00,subject-0224,Synthetic User 0224,user0224@example.test,+91-90000-0224,Jaipur,Synthetic profile 0224; record variant 0; seed 20260925.,465523
subject-0224-record-01,subject-0224,Synthetic User 0224,user0224@example.test,+91-90000-0224,Jaipur,Synthetic profile 0224; record variant 1; seed 20260925.,799244
subject-0224-record-02,subject-0224,Synthetic User 0224,user0224@example.test,+91-90000-0224,Jaipur,Synthetic profile 0224; record variant 2; seed 20260925.,656987
subject-0224-record-03,subject-0224,Synthetic User 0224,user0224@example.test,+91-90000-0224,Jaipur,Synthetic profile 0224; record variant 3; seed 20260925.,691029
subject-0224-record-04,subject-0224,Synthetic User 0224,user0224@example.test,+91-90000-0224,Jaipur,Synthetic profile 0224; record variant 4; seed 20260925.,390416
subject-0225-record-00,subject-0225,Synthetic User 0225,user0225@example.test,+91-90000-0225,Mohali,Synthetic profile 0225; record variant 0; seed 20260925.,245523
subject-0225-record-01,subject-0225,Synthetic User 0225,user0225@example.test,+91-90000-0225,Mohali,Synthetic profile 0225; record variant 1; seed 20260925.,434429
subject-0225-record-02,subject-0225,Synthetic User 0225,user0225@example.test,+91-90000-0225,Mohali,Synthetic profile 0225; record variant 2; seed 20260925.,500860
subject-0225-record-03,subject-0225,Synthetic User 0225,user0225@example.test,+91-90000-0225,Mohali,Synthetic profile 0225; record variant 3; seed 20260925.,556539
subject-0225-record-04,subject-0225,Synthetic User 0225,user0225@example.test,+91-90000-0225,Mohali,Synthetic profile 0225; record variant 4; seed 20260925.,352951
subject-0226-record-00,subject-0226,Synthetic User 0226,user0226@example.test,+91-90000-0226,Delhi,Synthetic profile 0226; record variant 0; seed 20260925.,243837
subject-0226-record-01,subject-0226,Synthetic User 0226,user0226@example.test,+91-90000-0226,Delhi,Synthetic profile 0226; record variant 1; seed 20260925.,849046
subject-0226-record-02,subject-0226,Synthetic User 0226,user0226@example.test,+91-90000-0226,Delhi,Synthetic profile 0226; record variant 2; seed 20260925.,366605
subject-0226-record-03,subject-0226,Synthetic User 0226,user0226@example.test,+91-90000-0226,Delhi,Synthetic profile 0226; record variant 3; seed 20260925.,398156
subject-0226-record-04,subject-0226,Synthetic User 0226,user0226@example.test,+91-90000-0226,Delhi,Synthetic profile 0226; record variant 4; seed 20260925.,222337
subject-0227-record-00,subject-0227,Synthetic User 0227,user0227@example.test,+91-90000-0227,Pune,Synthetic profile 0227; record variant 0; seed 20260925.,493435
subject-0227-record-01,subject-0227,Synthetic User 0227,user0227@example.test,+91-90000-0227,Pune,Synthetic profile 0227; record variant 1; seed 20260925.,320574
subject-0227-record-02,subject-0227,Synthetic User 0227,user0227@example.test,+91-90000-0227,Pune,Synthetic profile 0227; record variant 2; seed 20260925.,451875
subject-0227-record-03,subject-0227,Synthetic User 0227,user0227@example.test,+91-90000-0227,Pune,Synthetic profile 0227; record variant 3; seed 20260925.,424889
subject-0227-record-04,subject-0227,Synthetic User 0227,user0227@example.test,+91-90000-0227,Pune,Synthetic profile 0227; record variant 4; seed 20260925.,856914
subject-0228-record-00,subject-0228,Synthetic User 0228,user0228@example.test,+91-90000-0228,Bengaluru,Synthetic profile 0228; record variant 0; seed 20260925.,195554
subject-0228-record-01,subject-0228,Synthetic User 0228,user0228@example.test,+91-90000-0228,Bengaluru,Synthetic profile 0228; record variant 1; seed 20260925.,734392
subject-0228-record-02,subject-0228,Synthetic User 0228,user0228@example.test,+91-90000-0228,Bengaluru,Synthetic profile 0228; record variant 2; seed 20260925.,188547
subject-0228-record-03,subject-0228,Synthetic User 0228,user0228@example.test,+91-90000-0228,Bengaluru,Synthetic profile 0228; record variant 3; seed 20260925.,716346
subject-0228-record-04,subject-0228,Synthetic User 0228,user0228@example.test,+91-90000-0228,Bengaluru,Synthetic profile 0228; record variant 4; seed 20260925.,646526
subject-0229-record-00,subject-0229,Synthetic User 0229,user0229@example.test,+91-90000-0229,Jaipur,Synthetic profile 0229; record variant 0; seed 20260925.,807710
subject-0229-record-01,subject-0229,Synthetic User 0229,user0229@example.test,+91-90000-0229,Jaipur,Synthetic profile 0229; record variant 1; seed 20260925.,758432
subject-0229-record-02,subject-0229,Synthetic User 0229,user0229@example.test,+91-90000-0229,Jaipur,Synthetic profile 0229; record variant 2; seed 20260925.,687705
subject-0229-record-03,subject-0229,Synthetic User 0229,user0229@example.test,+91-90000-0229,Jaipur,Synthetic profile 0229; record variant 3; seed 20260925.,370751
subject-0229-record-04,subject-0229,Synthetic User 0229,user0229@example.test,+91-90000-0229,Jaipur,Synthetic profile 0229; record variant 4; seed 20260925.,836379
subject-0230-record-00,subject-0230,Synthetic User 0230,user0230@example.test,+91-90000-0230,Mohali,Synthetic profile 0230; record variant 0; seed 20260925.,472343
subject-0230-record-01,subject-0230,Synthetic User 0230,user0230@example.test,+91-90000-0230,Mohali,Synthetic profile 0230; record variant 1; seed 20260925.,600120
subject-0230-record-02,subject-0230,Synthetic User 0230,user0230@example.test,+91-90000-0230,Mohali,Synthetic profile 0230; record variant 2; seed 20260925.,222104
subject-0230-record-03,subject-0230,Synthetic User 0230,user0230@example.test,+91-90000-0230,Mohali,Synthetic profile 0230; record variant 3; seed 20260925.,962850
subject-0230-record-04,subject-0230,Synthetic User 0230,user0230@example.test,+91-90000-0230,Mohali,Synthetic profile 0230; record variant 4; seed 20260925.,947281
subject-0231-record-00,subject-0231,Synthetic User 0231,user0231@example.test,+91-90000-0231,Delhi,Synthetic profile 0231; record variant 0; seed 20260925.,960474
subject-0231-record-01,subject-0231,Synthetic User 0231,user0231@example.test,+91-90000-0231,Delhi,Synthetic profile 0231; record variant 1; seed 20260925.,117515
subject-0231-record-02,subject-0231,Synthetic User 0231,user0231@example.test,+91-90000-0231,Delhi,Synthetic profile 0231; record variant 2; seed 20260925.,822464
subject-0231-record-03,subject-0231,Synthetic User 0231,user0231@example.test,+91-90000-0231,Delhi,Synthetic profile 0231; record variant 3; seed 20260925.,836696
subject-0231-record-04,subject-0231,Synthetic User 0231,user0231@example.test,+91-90000-0231,Delhi,Synthetic profile 0231; record variant 4; seed 20260925.,489235
subject-0232-record-00,subject-0232,Synthetic User 0232,user0232@example.test,+91-90000-0232,Pune,Synthetic profile 0232; record variant 0; seed 20260925.,333226
subject-0232-record-01,subject-0232,Synthetic User 0232,user0232@example.test,+91-90000-0232,Pune,Synthetic profile 0232; record variant 1; seed 20260925.,316899
subject-0232-record-02,subject-0232,Synthetic User 0232,user0232@example.test,+91-90000-0232,Pune,Synthetic profile 0232; record variant 2; seed 20260925.,553693
subject-0232-record-03,subject-0232,Synthetic User 0232,user0232@example.test,+91-90000-0232,Pune,Synthetic profile 0232; record variant 3; seed 20260925.,991273
subject-0232-record-04,subject-0232,Synthetic User 0232,user0232@example.test,+91-90000-0232,Pune,Synthetic profile 0232; record variant 4; seed 20260925.,790236
subject-0233-record-00,subject-0233,Synthetic User 0233,user0233@example.test,+91-90000-0233,Bengaluru,Synthetic profile 0233; record variant 0; seed 20260925.,465114
subject-0233-record-01,subject-0233,Synthetic User 0233,user0233@example.test,+91-90000-0233,Bengaluru,Synthetic profile 0233; record variant 1; seed 20260925.,314754
subject-0233-record-02,subject-0233,Synthetic User 0233,user0233@example.test,+91-90000-0233,Bengaluru,Synthetic profile 0233; record variant 2; seed 20260925.,991093
subject-0233-record-03,subject-0233,Synthetic User 0233,user0233@example.test,+91-90000-0233,Bengaluru,Synthetic profile 0233; record variant 3; seed 20260925.,504087
subject-0233-record-04,subject-0233,Synthetic User 0233,user0233@example.test,+91-90000-0233,Bengaluru,Synthetic profile 0233; record variant 4; seed 20260925.,224387
subject-0234-record-00,subject-0234,Synthetic User 0234,user0234@example.test,+91-90000-0234,Jaipur,Synthetic profile 0234; record variant 0; seed 20260925.,660602
subject-0234-record-01,subject-0234,Synthetic User 0234,user0234@example.test,+91-90000-0234,Jaipur,Synthetic profile 0234; record variant 1; seed 20260925.,315701
subject-0234-record-02,subject-0234,Synthetic User 0234,user0234@example.test,+91-90000-0234,Jaipur,Synthetic profile 0234; record variant 2; seed 20260925.,679943
subject-0234-record-03,subject-0234,Synthetic User 0234,user0234@example.test,+91-90000-0234,Jaipur,Synthetic profile 0234; record variant 3; seed 20260925.,632870
subject-0234-record-04,subject-0234,Synthetic User 0234,user0234@example.test,+91-90000-0234,Jaipur,Synthetic profile 0234; record variant 4; seed 20260925.,805167
subject-0235-record-00,subject-0235,Synthetic User 0235,user0235@example.test,+91-90000-0235,Mohali,Synthetic profile 0235; record variant 0; seed 20260925.,889214
subject-0235-record-01,subject-0235,Synthetic User 0235,user0235@example.test,+91-90000-0235,Mohali,Synthetic profile 0235; record variant 1; seed 20260925.,233142
subject-0235-record-02,subject-0235,Synthetic User 0235,user0235@example.test,+91-90000-0235,Mohali,Synthetic profile 0235; record variant 2; seed 20260925.,451188
subject-0235-record-03,subject-0235,Synthetic User 0235,user0235@example.test,+91-90000-0235,Mohali,Synthetic profile 0235; record variant 3; seed 20260925.,632920
subject-0235-record-04,subject-0235,Synthetic User 0235,user0235@example.test,+91-90000-0235,Mohali,Synthetic profile 0235; record variant 4; seed 20260925.,174962
subject-0236-record-00,subject-0236,Synthetic User 0236,user0236@example.test,+91-90000-0236,Delhi,Synthetic profile 0236; record variant 0; seed 20260925.,965203
subject-0236-record-01,subject-0236,Synthetic User 0236,user0236@example.test,+91-90000-0236,Delhi,Synthetic profile 0236; record variant 1; seed 20260925.,454149
subject-0236-record-02,subject-0236,Synthetic User 0236,user0236@example.test,+91-90000-0236,Delhi,Synthetic profile 0236; record variant 2; seed 20260925.,805401
subject-0236-record-03,subject-0236,Synthetic User 0236,user0236@example.test,+91-90000-0236,Delhi,Synthetic profile 0236; record variant 3; seed 20260925.,140159
subject-0236-record-04,subject-0236,Synthetic User 0236,user0236@example.test,+91-90000-0236,Delhi,Synthetic profile 0236; record variant 4; seed 20260925.,267128
subject-0237-record-00,subject-0237,Synthetic User 0237,user0237@example.test,+91-90000-0237,Pune,Synthetic profile 0237; record variant 0; seed 20260925.,136029
subject-0237-record-01,subject-0237,Synthetic User 0237,user0237@example.test,+91-90000-0237,Pune,Synthetic profile 0237; record variant 1; seed 20260925.,823801
subject-0237-record-02,subject-0237,Synthetic User 0237,user0237@example.test,+91-90000-0237,Pune,Synthetic profile 0237; record variant 2; seed 20260925.,313210
subject-0237-record-03,subject-0237,Synthetic User 0237,user0237@example.test,+91-90000-0237,Pune,Synthetic profile 0237; record variant 3; seed 20260925.,862546
subject-0237-record-04,subject-0237,Synthetic User 0237,user0237@example.test,+91-90000-0237,Pune,Synthetic profile 0237; record variant 4; seed 20260925.,305569
subject-0238-record-00,subject-0238,Synthetic User 0238,user0238@example.test,+91-90000-0238,Bengaluru,Synthetic profile 0238; record variant 0; seed 20260925.,410621
subject-0238-record-01,subject-0238,Synthetic User 0238,user0238@example.test,+91-90000-0238,Bengaluru,Synthetic profile 0238; record variant 1; seed 20260925.,868934
subject-0238-record-02,subject-0238,Synthetic User 0238,user0238@example.test,+91-90000-0238,Bengaluru,Synthetic profile 0238; record variant 2; seed 20260925.,243455
subject-0238-record-03,subject-0238,Synthetic User 0238,user0238@example.test,+91-90000-0238,Bengaluru,Synthetic profile 0238; record variant 3; seed 20260925.,803050
subject-0238-record-04,subject-0238,Synthetic User 0238,user0238@example.test,+91-90000-0238,Bengaluru,Synthetic profile 0238; record variant 4; seed 20260925.,514264
subject-0239-record-00,subject-0239,Synthetic User 0239,user0239@example.test,+91-90000-0239,Jaipur,Synthetic profile 0239; record variant 0; seed 20260925.,858561
subject-0239-record-01,subject-0239,Synthetic User 0239,user0239@example.test,+91-90000-0239,Jaipur,Synthetic profile 0239; record variant 1; seed 20260925.,855619
subject-0239-record-02,subject-0239,Synthetic User 0239,user0239@example.test,+91-90000-0239,Jaipur,Synthetic profile 0239; record variant 2; seed 20260925.,613852
subject-0239-record-03,subject-0239,Synthetic User 0239,user0239@example.test,+91-90000-0239,Jaipur,Synthetic profile 0239; record variant 3; seed 20260925.,290352
subject-0239-record-04,subject-0239,Synthetic User 0239,user0239@example.test,+91-90000-0239,Jaipur,Synthetic profile 0239; record variant 4; seed 20260925.,593039
subject-0240-record-00,subject-0240,Synthetic User 0240,user0240@example.test,+91-90000-0240,Mohali,Synthetic profile 0240; record variant 0; seed 20260925.,612296
subject-0240-record-01,subject-0240,Synthetic User 0240,user0240@example.test,+91-90000-0240,Mohali,Synthetic profile 0240; record variant 1; seed 20260925.,933438
subject-0240-record-02,subject-0240,Synthetic User 0240,user0240@example.test,+91-90000-0240,Mohali,Synthetic profile 0240; record variant 2; seed 20260925.,661480
subject-0240-record-03,subject-0240,Synthetic User 0240,user0240@example.test,+91-90000-0240,Mohali,Synthetic profile 0240; record variant 3; seed 20260925.,837039
subject-0240-record-04,subject-0240,Synthetic User 0240,user0240@example.test,+91-90000-0240,Mohali,Synthetic profile 0240; record variant 4; seed 20260925.,992784
subject-0241-record-00,subject-0241,Synthetic User 0241,user0241@example.test,+91-90000-0241,Delhi,Synthetic profile 0241; record variant 0; seed 20260925.,619755
subject-0241-record-01,subject-0241,Synthetic User 0241,user0241@example.test,+91-90000-0241,Delhi,Synthetic profile 0241; record variant 1; seed 20260925.,917907
subject-0241-record-02,subject-0241,Synthetic User 0241,user0241@example.test,+91-90000-0241,Delhi,Synthetic profile 0241; record variant 2; seed 20260925.,386884
subject-0241-record-03,subject-0241,Synthetic User 0241,user0241@example.test,+91-90000-0241,Delhi,Synthetic profile 0241; record variant 3; seed 20260925.,571954
subject-0241-record-04,subject-0241,Synthetic User 0241,user0241@example.test,+91-90000-0241,Delhi,Synthetic profile 0241; record variant 4; seed 20260925.,168239
subject-0242-record-00,subject-0242,Synthetic User 0242,user0242@example.test,+91-90000-0242,Pune,Synthetic profile 0242; record variant 0; seed 20260925.,709749
subject-0242-record-01,subject-0242,Synthetic User 0242,user0242@example.test,+91-90000-0242,Pune,Synthetic profile 0242; record variant 1; seed 20260925.,315609
subject-0242-record-02,subject-0242,Synthetic User 0242,user0242@example.test,+91-90000-0242,Pune,Synthetic profile 0242; record variant 2; seed 20260925.,203706
subject-0242-record-03,subject-0242,Synthetic User 0242,user0242@example.test,+91-90000-0242,Pune,Synthetic profile 0242; record variant 3; seed 20260925.,977593
subject-0242-record-04,subject-0242,Synthetic User 0242,user0242@example.test,+91-90000-0242,Pune,Synthetic profile 0242; record variant 4; seed 20260925.,861407
subject-0243-record-00,subject-0243,Synthetic User 0243,user0243@example.test,+91-90000-0243,Bengaluru,Synthetic profile 0243; record variant 0; seed 20260925.,348174
subject-0243-record-01,subject-0243,Synthetic User 0243,user0243@example.test,+91-90000-0243,Bengaluru,Synthetic profile 0243; record variant 1; seed 20260925.,843794
subject-0243-record-02,subject-0243,Synthetic User 0243,user0243@example.test,+91-90000-0243,Bengaluru,Synthetic profile 0243; record variant 2; seed 20260925.,743362
subject-0243-record-03,subject-0243,Synthetic User 0243,user0243@example.test,+91-90000-0243,Bengaluru,Synthetic profile 0243; record variant 3; seed 20260925.,149915
subject-0243-record-04,subject-0243,Synthetic User 0243,user0243@example.test,+91-90000-0243,Bengaluru,Synthetic profile 0243; record variant 4; seed 20260925.,875035
subject-0244-record-00,subject-0244,Synthetic User 0244,user0244@example.test,+91-90000-0244,Jaipur,Synthetic profile 0244; record variant 0; seed 20260925.,389884
subject-0244-record-01,subject-0244,Synthetic User 0244,user0244@example.test,+91-90000-0244,Jaipur,Synthetic profile 0244; record variant 1; seed 20260925.,330066
subject-0244-record-02,subject-0244,Synthetic User 0244,user0244@example.test,+91-90000-0244,Jaipur,Synthetic profile 0244; record variant 2; seed 20260925.,783310
subject-0244-record-03,subject-0244,Synthetic User 0244,user0244@example.test,+91-90000-0244,Jaipur,Synthetic profile 0244; record variant 3; seed 20260925.,219554
subject-0244-record-04,subject-0244,Synthetic User 0244,user0244@example.test,+91-90000-0244,Jaipur,Synthetic profile 0244; record variant 4; seed 20260925.,981340
subject-0245-record-00,subject-0245,Synthetic User 0245,user0245@example.test,+91-90000-0245,Mohali,Synthetic profile 0245; record variant 0; seed 20260925.,839451
subject-0245-record-01,subject-0245,Synthetic User 0245,user0245@example.test,+91-90000-0245,Mohali,Synthetic profile 0245; record variant 1; seed 20260925.,965004
subject-0245-record-02,subject-0245,Synthetic User 0245,user0245@example.test,+91-90000-0245,Mohali,Synthetic profile 0245; record variant 2; seed 20260925.,921316
subject-0245-record-03,subject-0245,Synthetic User 0245,user0245@example.test,+91-90000-0245,Mohali,Synthetic profile 0245; record variant 3; seed 20260925.,987835
subject-0245-record-04,subject-0245,Synthetic User 0245,user0245@example.test,+91-90000-0245,Mohali,Synthetic profile 0245; record variant 4; seed 20260925.,705551
subject-0246-record-00,subject-0246,Synthetic User 0246,user0246@example.test,+91-90000-0246,Delhi,Synthetic profile 0246; record variant 0; seed 20260925.,433174
subject-0246-record-01,subject-0246,Synthetic User 0246,user0246@example.test,+91-90000-0246,Delhi,Synthetic profile 0246; record variant 1; seed 20260925.,268672
subject-0246-record-02,subject-0246,Synthetic User 0246,user0246@example.test,+91-90000-0246,Delhi,Synthetic profile 0246; record variant 2; seed 20260925.,588256
subject-0246-record-03,subject-0246,Synthetic User 0246,user0246@example.test,+91-90000-0246,Delhi,Synthetic profile 0246; record variant 3; seed 20260925.,662159
subject-0246-record-04,subject-0246,Synthetic User 0246,user0246@example.test,+91-90000-0246,Delhi,Synthetic profile 0246; record variant 4; seed 20260925.,508889
subject-0247-record-00,subject-0247,Synthetic User 0247,user0247@example.test,+91-90000-0247,Pune,Synthetic profile 0247; record variant 0; seed 20260925.,708447
subject-0247-record-01,subject-0247,Synthetic User 0247,user0247@example.test,+91-90000-0247,Pune,Synthetic profile 0247; record variant 1; seed 20260925.,208210
subject-0247-record-02,subject-0247,Synthetic User 0247,user0247@example.test,+91-90000-0247,Pune,Synthetic profile 0247; record variant 2; seed 20260925.,443129
subject-0247-record-03,subject-0247,Synthetic User 0247,user0247@example.test,+91-90000-0247,Pune,Synthetic profile 0247; record variant 3; seed 20260925.,108689
subject-0247-record-04,subject-0247,Synthetic User 0247,user0247@example.test,+91-90000-0247,Pune,Synthetic profile 0247; record variant 4; seed 20260925.,888898
subject-0248-record-00,subject-0248,Synthetic User 0248,user0248@example.test,+91-90000-0248,Bengaluru,Synthetic profile 0248; record variant 0; seed 20260925.,434528
subject-0248-record-01,subject-0248,Synthetic User 0248,user0248@example.test,+91-90000-0248,Bengaluru,Synthetic profile 0248; record variant 1; seed 20260925.,819671
subject-0248-record-02,subject-0248,Synthetic User 0248,user0248@example.test,+91-90000-0248,Bengaluru,Synthetic profile 0248; record variant 2; seed 20260925.,653047
subject-0248-record-03,subject-0248,Synthetic User 0248,user0248@example.test,+91-90000-0248,Bengaluru,Synthetic profile 0248; record variant 3; seed 20260925.,417753
subject-0248-record-04,subject-0248,Synthetic User 0248,user0248@example.test,+91-90000-0248,Bengaluru,Synthetic profile 0248; record variant 4; seed 20260925.,634331
subject-0249-record-00,subject-0249,Synthetic User 0249,user0249@example.test,+91-90000-0249,Jaipur,Synthetic profile 0249; record variant 0; seed 20260925.,420067
subject-0249-record-01,subject-0249,Synthetic User 0249,user0249@example.test,+91-90000-0249,Jaipur,Synthetic profile 0249; record variant 1; seed 20260925.,348296
subject-0249-record-02,subject-0249,Synthetic User 0249,user0249@example.test,+91-90000-0249,Jaipur,Synthetic profile 0249; record variant 2; seed 20260925.,274400
subject-0249-record-03,subject-0249,Synthetic User 0249,user0249@example.test,+91-90000-0249,Jaipur,Synthetic profile 0249; record variant 3; seed 20260925.,454412
subject-0249-record-04,subject-0249,Synthetic User 0249,user0249@example.test,+91-90000-0249,Jaipur,Synthetic profile 0249; record variant 4; seed 20260925.,987946
subject-0250-record-00,subject-0250,Synthetic User 0250,user0250@example.test,+91-90000-0250,Mohali,Synthetic profile 0250; record variant 0; seed 20260925.,291898
subject-0250-record-01,subject-0250,Synthetic User 0250,user0250@example.test,+91-90000-0250,Mohali,Synthetic profile 0250; record variant 1; seed 20260925.,323572
subject-0250-record-02,subject-0250,Synthetic User 0250,user0250@example.test,+91-90000-0250,Mohali,Synthetic profile 0250; record variant 2; seed 20260925.,694255
subject-0250-record-03,subject-0250,Synthetic User 0250,user0250@example.test,+91-90000-0250,Mohali,Synthetic profile 0250; record variant 3; seed 20260925.,185024
subject-0250-record-04,subject-0250,Synthetic User 0250,user0250@example.test,+91-90000-0250,Mohali,Synthetic profile 0250; record variant 4; seed 20260925.,369521
subject-0251-record-00,subject-0251,Synthetic User 0251,user0251@example.test,+91-90000-0251,Delhi,Synthetic profile 0251; record variant 0; seed 20260925.,980775
subject-0251-record-01,subject-0251,Synthetic User 0251,user0251@example.test,+91-90000-0251,Delhi,Synthetic profile 0251; record variant 1; seed 20260925.,744188
subject-0251-record-02,subject-0251,Synthetic User 0251,user0251@example.test,+91-90000-0251,Delhi,Synthetic profile 0251; record variant 2; seed 20260925.,549292
subject-0251-record-03,subject-0251,Synthetic User 0251,user0251@example.test,+91-90000-0251,Delhi,Synthetic profile 0251; record variant 3; seed 20260925.,785831
subject-0251-record-04,subject-0251,Synthetic User 0251,user0251@example.test,+91-90000-0251,Delhi,Synthetic profile 0251; record variant 4; seed 20260925.,223323
subject-0252-record-00,subject-0252,Synthetic User 0252,user0252@example.test,+91-90000-0252,Pune,Synthetic profile 0252; record variant 0; seed 20260925.,284677
subject-0252-record-01,subject-0252,Synthetic User 0252,user0252@example.test,+91-90000-0252,Pune,Synthetic profile 0252; record variant 1; seed 20260925.,482254
subject-0252-record-02,subject-0252,Synthetic User 0252,user0252@example.test,+91-90000-0252,Pune,Synthetic profile 0252; record variant 2; seed 20260925.,144177
subject-0252-record-03,subject-0252,Synthetic User 0252,user0252@example.test,+91-90000-0252,Pune,Synthetic profile 0252; record variant 3; seed 20260925.,232095
subject-0252-record-04,subject-0252,Synthetic User 0252,user0252@example.test,+91-90000-0252,Pune,Synthetic profile 0252; record variant 4; seed 20260925.,628149
subject-0253-record-00,subject-0253,Synthetic User 0253,user0253@example.test,+91-90000-0253,Bengaluru,Synthetic profile 0253; record variant 0; seed 20260925.,914510
subject-0253-record-01,subject-0253,Synthetic User 0253,user0253@example.test,+91-90000-0253,Bengaluru,Synthetic profile 0253; record variant 1; seed 20260925.,392390
subject-0253-record-02,subject-0253,Synthetic User 0253,user0253@example.test,+91-90000-0253,Bengaluru,Synthetic profile 0253; record variant 2; seed 20260925.,200623
subject-0253-record-03,subject-0253,Synthetic User 0253,user0253@example.test,+91-90000-0253,Bengaluru,Synthetic profile 0253; record variant 3; seed 20260925.,968691
subject-0253-record-04,subject-0253,Synthetic User 0253,user0253@example.test,+91-90000-0253,Bengaluru,Synthetic profile 0253; record variant 4; seed 20260925.,783652
subject-0254-record-00,subject-0254,Synthetic User 0254,user0254@example.test,+91-90000-0254,Jaipur,Synthetic profile 0254; record variant 0; seed 20260925.,913099
subject-0254-record-01,subject-0254,Synthetic User 0254,user0254@example.test,+91-90000-0254,Jaipur,Synthetic profile 0254; record variant 1; seed 20260925.,617393
subject-0254-record-02,subject-0254,Synthetic User 0254,user0254@example.test,+91-90000-0254,Jaipur,Synthetic profile 0254; record variant 2; seed 20260925.,934452
subject-0254-record-03,subject-0254,Synthetic User 0254,user0254@example.test,+91-90000-0254,Jaipur,Synthetic profile 0254; record variant 3; seed 20260925.,393426
subject-0254-record-04,subject-0254,Synthetic User 0254,user0254@example.test,+91-90000-0254,Jaipur,Synthetic profile 0254; record variant 4; seed 20260925.,312541
subject-0255-record-00,subject-0255,Synthetic User 0255,user0255@example.test,+91-90000-0255,Mohali,Synthetic profile 0255; record variant 0; seed 20260925.,405695
subject-0255-record-01,subject-0255,Synthetic User 0255,user0255@example.test,+91-90000-0255,Mohali,Synthetic profile 0255; record variant 1; seed 20260925.,882156
subject-0255-record-02,subject-0255,Synthetic User 0255,user0255@example.test,+91-90000-0255,Mohali,Synthetic profile 0255; record variant 2; seed 20260925.,409453
subject-0255-record-03,subject-0255,Synthetic User 0255,user0255@example.test,+91-90000-0255,Mohali,Synthetic profile 0255; record variant 3; seed 20260925.,534571
subject-0255-record-04,subject-0255,Synthetic User 0255,user0255@example.test,+91-90000-0255,Mohali,Synthetic profile 0255; record variant 4; seed 20260925.,595354
subject-0256-record-00,subject-0256,Synthetic User 0256,user0256@example.test,+91-90000-0256,Delhi,Synthetic profile 0256; record variant 0; seed 20260925.,264847
subject-0256-record-01,subject-0256,Synthetic User 0256,user0256@example.test,+91-90000-0256,Delhi,Synthetic profile 0256; record variant 1; seed 20260925.,788101
subject-0256-record-02,subject-0256,Synthetic User 0256,user0256@example.test,+91-90000-0256,Delhi,Synthetic profile 0256; record variant 2; seed 20260925.,993087
subject-0256-record-03,subject-0256,Synthetic User 0256,user0256@example.test,+91-90000-0256,Delhi,Synthetic profile 0256; record variant 3; seed 20260925.,612623
subject-0256-record-04,subject-0256,Synthetic User 0256,user0256@example.test,+91-90000-0256,Delhi,Synthetic profile 0256; record variant 4; seed 20260925.,396422
subject-0257-record-00,subject-0257,Synthetic User 0257,user0257@example.test,+91-90000-0257,Pune,Synthetic profile 0257; record variant 0; seed 20260925.,617391
subject-0257-record-01,subject-0257,Synthetic User 0257,user0257@example.test,+91-90000-0257,Pune,Synthetic profile 0257; record variant 1; seed 20260925.,566114
subject-0257-record-02,subject-0257,Synthetic User 0257,user0257@example.test,+91-90000-0257,Pune,Synthetic profile 0257; record variant 2; seed 20260925.,637664
subject-0257-record-03,subject-0257,Synthetic User 0257,user0257@example.test,+91-90000-0257,Pune,Synthetic profile 0257; record variant 3; seed 20260925.,266998
subject-0257-record-04,subject-0257,Synthetic User 0257,user0257@example.test,+91-90000-0257,Pune,Synthetic profile 0257; record variant 4; seed 20260925.,992347
subject-0258-record-00,subject-0258,Synthetic User 0258,user0258@example.test,+91-90000-0258,Bengaluru,Synthetic profile 0258; record variant 0; seed 20260925.,831638
subject-0258-record-01,subject-0258,Synthetic User 0258,user0258@example.test,+91-90000-0258,Bengaluru,Synthetic profile 0258; record variant 1; seed 20260925.,414094
subject-0258-record-02,subject-0258,Synthetic User 0258,user0258@example.test,+91-90000-0258,Bengaluru,Synthetic profile 0258; record variant 2; seed 20260925.,990124
subject-0258-record-03,subject-0258,Synthetic User 0258,user0258@example.test,+91-90000-0258,Bengaluru,Synthetic profile 0258; record variant 3; seed 20260925.,352297
subject-0258-record-04,subject-0258,Synthetic User 0258,user0258@example.test,+91-90000-0258,Bengaluru,Synthetic profile 0258; record variant 4; seed 20260925.,792626
subject-0259-record-00,subject-0259,Synthetic User 0259,user0259@example.test,+91-90000-0259,Jaipur,Synthetic profile 0259; record variant 0; seed 20260925.,856084
subject-0259-record-01,subject-0259,Synthetic User 0259,user0259@example.test,+91-90000-0259,Jaipur,Synthetic profile 0259; record variant 1; seed 20260925.,592215
subject-0259-record-02,subject-0259,Synthetic User 0259,user0259@example.test,+91-90000-0259,Jaipur,Synthetic profile 0259; record variant 2; seed 20260925.,564585
subject-0259-record-03,subject-0259,Synthetic User 0259,user0259@example.test,+91-90000-0259,Jaipur,Synthetic profile 0259; record variant 3; seed 20260925.,100182
subject-0259-record-04,subject-0259,Synthetic User 0259,user0259@example.test,+91-90000-0259,Jaipur,Synthetic profile 0259; record variant 4; seed 20260925.,296091
subject-0260-record-00,subject-0260,Synthetic User 0260,user0260@example.test,+91-90000-0260,Mohali,Synthetic profile 0260; record variant 0; seed 20260925.,346820
subject-0260-record-01,subject-0260,Synthetic User 0260,user0260@example.test,+91-90000-0260,Mohali,Synthetic profile 0260; record variant 1; seed 20260925.,286866
subject-0260-record-02,subject-0260,Synthetic User 0260,user0260@example.test,+91-90000-0260,Mohali,Synthetic profile 0260; record variant 2; seed 20260925.,176960
subject-0260-record-03,subject-0260,Synthetic User 0260,user0260@example.test,+91-90000-0260,Mohali,Synthetic profile 0260; record variant 3; seed 20260925.,105106
subject-0260-record-04,subject-0260,Synthetic User 0260,user0260@example.test,+91-90000-0260,Mohali,Synthetic profile 0260; record variant 4; seed 20260925.,781335
subject-0261-record-00,subject-0261,Synthetic User 0261,user0261@example.test,+91-90000-0261,Delhi,Synthetic profile 0261; record variant 0; seed 20260925.,532387
subject-0261-record-01,subject-0261,Synthetic User 0261,user0261@example.test,+91-90000-0261,Delhi,Synthetic profile 0261; record variant 1; seed 20260925.,589299
subject-0261-record-02,subject-0261,Synthetic User 0261,user0261@example.test,+91-90000-0261,Delhi,Synthetic profile 0261; record variant 2; seed 20260925.,525707
subject-0261-record-03,subject-0261,Synthetic User 0261,user0261@example.test,+91-90000-0261,Delhi,Synthetic profile 0261; record variant 3; seed 20260925.,654254
subject-0261-record-04,subject-0261,Synthetic User 0261,user0261@example.test,+91-90000-0261,Delhi,Synthetic profile 0261; record variant 4; seed 20260925.,490371
subject-0262-record-00,subject-0262,Synthetic User 0262,user0262@example.test,+91-90000-0262,Pune,Synthetic profile 0262; record variant 0; seed 20260925.,359421
subject-0262-record-01,subject-0262,Synthetic User 0262,user0262@example.test,+91-90000-0262,Pune,Synthetic profile 0262; record variant 1; seed 20260925.,574576
subject-0262-record-02,subject-0262,Synthetic User 0262,user0262@example.test,+91-90000-0262,Pune,Synthetic profile 0262; record variant 2; seed 20260925.,962769
subject-0262-record-03,subject-0262,Synthetic User 0262,user0262@example.test,+91-90000-0262,Pune,Synthetic profile 0262; record variant 3; seed 20260925.,627025
subject-0262-record-04,subject-0262,Synthetic User 0262,user0262@example.test,+91-90000-0262,Pune,Synthetic profile 0262; record variant 4; seed 20260925.,698426
subject-0263-record-00,subject-0263,Synthetic User 0263,user0263@example.test,+91-90000-0263,Bengaluru,Synthetic profile 0263; record variant 0; seed 20260925.,526007
subject-0263-record-01,subject-0263,Synthetic User 0263,user0263@example.test,+91-90000-0263,Bengaluru,Synthetic profile 0263; record variant 1; seed 20260925.,474571
subject-0263-record-02,subject-0263,Synthetic User 0263,user0263@example.test,+91-90000-0263,Bengaluru,Synthetic profile 0263; record variant 2; seed 20260925.,268875
subject-0263-record-03,subject-0263,Synthetic User 0263,user0263@example.test,+91-90000-0263,Bengaluru,Synthetic profile 0263; record variant 3; seed 20260925.,161699
subject-0263-record-04,subject-0263,Synthetic User 0263,user0263@example.test,+91-90000-0263,Bengaluru,Synthetic profile 0263; record variant 4; seed 20260925.,872333
subject-0264-record-00,subject-0264,Synthetic User 0264,user0264@example.test,+91-90000-0264,Jaipur,Synthetic profile 0264; record variant 0; seed 20260925.,611521
subject-0264-record-01,subject-0264,Synthetic User 0264,user0264@example.test,+91-90000-0264,Jaipur,Synthetic profile 0264; record variant 1; seed 20260925.,468742
subject-0264-record-02,subject-0264,Synthetic User 0264,user0264@example.test,+91-90000-0264,Jaipur,Synthetic profile 0264; record variant 2; seed 20260925.,319681
subject-0264-record-03,subject-0264,Synthetic User 0264,user0264@example.test,+91-90000-0264,Jaipur,Synthetic profile 0264; record variant 3; seed 20260925.,170807
subject-0264-record-04,subject-0264,Synthetic User 0264,user0264@example.test,+91-90000-0264,Jaipur,Synthetic profile 0264; record variant 4; seed 20260925.,287270
subject-0265-record-00,subject-0265,Synthetic User 0265,user0265@example.test,+91-90000-0265,Mohali,Synthetic profile 0265; record variant 0; seed 20260925.,147247
subject-0265-record-01,subject-0265,Synthetic User 0265,user0265@example.test,+91-90000-0265,Mohali,Synthetic profile 0265; record variant 1; seed 20260925.,547047
subject-0265-record-02,subject-0265,Synthetic User 0265,user0265@example.test,+91-90000-0265,Mohali,Synthetic profile 0265; record variant 2; seed 20260925.,215476
subject-0265-record-03,subject-0265,Synthetic User 0265,user0265@example.test,+91-90000-0265,Mohali,Synthetic profile 0265; record variant 3; seed 20260925.,568780
subject-0265-record-04,subject-0265,Synthetic User 0265,user0265@example.test,+91-90000-0265,Mohali,Synthetic profile 0265; record variant 4; seed 20260925.,313553
subject-0266-record-00,subject-0266,Synthetic User 0266,user0266@example.test,+91-90000-0266,Delhi,Synthetic profile 0266; record variant 0; seed 20260925.,428965
subject-0266-record-01,subject-0266,Synthetic User 0266,user0266@example.test,+91-90000-0266,Delhi,Synthetic profile 0266; record variant 1; seed 20260925.,539477
subject-0266-record-02,subject-0266,Synthetic User 0266,user0266@example.test,+91-90000-0266,Delhi,Synthetic profile 0266; record variant 2; seed 20260925.,327311
subject-0266-record-03,subject-0266,Synthetic User 0266,user0266@example.test,+91-90000-0266,Delhi,Synthetic profile 0266; record variant 3; seed 20260925.,585859
subject-0266-record-04,subject-0266,Synthetic User 0266,user0266@example.test,+91-90000-0266,Delhi,Synthetic profile 0266; record variant 4; seed 20260925.,178430
subject-0267-record-00,subject-0267,Synthetic User 0267,user0267@example.test,+91-90000-0267,Pune,Synthetic profile 0267; record variant 0; seed 20260925.,287506
subject-0267-record-01,subject-0267,Synthetic User 0267,user0267@example.test,+91-90000-0267,Pune,Synthetic profile 0267; record variant 1; seed 20260925.,523718
subject-0267-record-02,subject-0267,Synthetic User 0267,user0267@example.test,+91-90000-0267,Pune,Synthetic profile 0267; record variant 2; seed 20260925.,650449
subject-0267-record-03,subject-0267,Synthetic User 0267,user0267@example.test,+91-90000-0267,Pune,Synthetic profile 0267; record variant 3; seed 20260925.,470326
subject-0267-record-04,subject-0267,Synthetic User 0267,user0267@example.test,+91-90000-0267,Pune,Synthetic profile 0267; record variant 4; seed 20260925.,226522
subject-0268-record-00,subject-0268,Synthetic User 0268,user0268@example.test,+91-90000-0268,Bengaluru,Synthetic profile 0268; record variant 0; seed 20260925.,490715
subject-0268-record-01,subject-0268,Synthetic User 0268,user0268@example.test,+91-90000-0268,Bengaluru,Synthetic profile 0268; record variant 1; seed 20260925.,698995
subject-0268-record-02,subject-0268,Synthetic User 0268,user0268@example.test,+91-90000-0268,Bengaluru,Synthetic profile 0268; record variant 2; seed 20260925.,998584
subject-0268-record-03,subject-0268,Synthetic User 0268,user0268@example.test,+91-90000-0268,Bengaluru,Synthetic profile 0268; record variant 3; seed 20260925.,690058
subject-0268-record-04,subject-0268,Synthetic User 0268,user0268@example.test,+91-90000-0268,Bengaluru,Synthetic profile 0268; record variant 4; seed 20260925.,721134
subject-0269-record-00,subject-0269,Synthetic User 0269,user0269@example.test,+91-90000-0269,Jaipur,Synthetic profile 0269; record variant 0; seed 20260925.,559151
subject-0269-record-01,subject-0269,Synthetic User 0269,user0269@example.test,+91-90000-0269,Jaipur,Synthetic profile 0269; record variant 1; seed 20260925.,723781
subject-0269-record-02,subject-0269,Synthetic User 0269,user0269@example.test,+91-90000-0269,Jaipur,Synthetic profile 0269; record variant 2; seed 20260925.,742865
subject-0269-record-03,subject-0269,Synthetic User 0269,user0269@example.test,+91-90000-0269,Jaipur,Synthetic profile 0269; record variant 3; seed 20260925.,280692
subject-0269-record-04,subject-0269,Synthetic User 0269,user0269@example.test,+91-90000-0269,Jaipur,Synthetic profile 0269; record variant 4; seed 20260925.,249032
subject-0270-record-00,subject-0270,Synthetic User 0270,user0270@example.test,+91-90000-0270,Mohali,Synthetic profile 0270; record variant 0; seed 20260925.,349853
subject-0270-record-01,subject-0270,Synthetic User 0270,user0270@example.test,+91-90000-0270,Mohali,Synthetic profile 0270; record variant 1; seed 20260925.,498138
subject-0270-record-02,subject-0270,Synthetic User 0270,user0270@example.test,+91-90000-0270,Mohali,Synthetic profile 0270; record variant 2; seed 20260925.,982823
subject-0270-record-03,subject-0270,Synthetic User 0270,user0270@example.test,+91-90000-0270,Mohali,Synthetic profile 0270; record variant 3; seed 20260925.,164043
subject-0270-record-04,subject-0270,Synthetic User 0270,user0270@example.test,+91-90000-0270,Mohali,Synthetic profile 0270; record variant 4; seed 20260925.,557749
subject-0271-record-00,subject-0271,Synthetic User 0271,user0271@example.test,+91-90000-0271,Delhi,Synthetic profile 0271; record variant 0; seed 20260925.,915741
subject-0271-record-01,subject-0271,Synthetic User 0271,user0271@example.test,+91-90000-0271,Delhi,Synthetic profile 0271; record variant 1; seed 20260925.,167788
subject-0271-record-02,subject-0271,Synthetic User 0271,user0271@example.test,+91-90000-0271,Delhi,Synthetic profile 0271; record variant 2; seed 20260925.,361156
subject-0271-record-03,subject-0271,Synthetic User 0271,user0271@example.test,+91-90000-0271,Delhi,Synthetic profile 0271; record variant 3; seed 20260925.,514851
subject-0271-record-04,subject-0271,Synthetic User 0271,user0271@example.test,+91-90000-0271,Delhi,Synthetic profile 0271; record variant 4; seed 20260925.,432640
subject-0272-record-00,subject-0272,Synthetic User 0272,user0272@example.test,+91-90000-0272,Pune,Synthetic profile 0272; record variant 0; seed 20260925.,174235
subject-0272-record-01,subject-0272,Synthetic User 0272,user0272@example.test,+91-90000-0272,Pune,Synthetic profile 0272; record variant 1; seed 20260925.,836423
subject-0272-record-02,subject-0272,Synthetic User 0272,user0272@example.test,+91-90000-0272,Pune,Synthetic profile 0272; record variant 2; seed 20260925.,353563
subject-0272-record-03,subject-0272,Synthetic User 0272,user0272@example.test,+91-90000-0272,Pune,Synthetic profile 0272; record variant 3; seed 20260925.,492736
subject-0272-record-04,subject-0272,Synthetic User 0272,user0272@example.test,+91-90000-0272,Pune,Synthetic profile 0272; record variant 4; seed 20260925.,439661
subject-0273-record-00,subject-0273,Synthetic User 0273,user0273@example.test,+91-90000-0273,Bengaluru,Synthetic profile 0273; record variant 0; seed 20260925.,553190
subject-0273-record-01,subject-0273,Synthetic User 0273,user0273@example.test,+91-90000-0273,Bengaluru,Synthetic profile 0273; record variant 1; seed 20260925.,301747
subject-0273-record-02,subject-0273,Synthetic User 0273,user0273@example.test,+91-90000-0273,Bengaluru,Synthetic profile 0273; record variant 2; seed 20260925.,157511
subject-0273-record-03,subject-0273,Synthetic User 0273,user0273@example.test,+91-90000-0273,Bengaluru,Synthetic profile 0273; record variant 3; seed 20260925.,528457
subject-0273-record-04,subject-0273,Synthetic User 0273,user0273@example.test,+91-90000-0273,Bengaluru,Synthetic profile 0273; record variant 4; seed 20260925.,975151
subject-0274-record-00,subject-0274,Synthetic User 0274,user0274@example.test,+91-90000-0274,Jaipur,Synthetic profile 0274; record variant 0; seed 20260925.,897986
subject-0274-record-01,subject-0274,Synthetic User 0274,user0274@example.test,+91-90000-0274,Jaipur,Synthetic profile 0274; record variant 1; seed 20260925.,686354
subject-0274-record-02,subject-0274,Synthetic User 0274,user0274@example.test,+91-90000-0274,Jaipur,Synthetic profile 0274; record variant 2; seed 20260925.,723231
subject-0274-record-03,subject-0274,Synthetic User 0274,user0274@example.test,+91-90000-0274,Jaipur,Synthetic profile 0274; record variant 3; seed 20260925.,311561
subject-0274-record-04,subject-0274,Synthetic User 0274,user0274@example.test,+91-90000-0274,Jaipur,Synthetic profile 0274; record variant 4; seed 20260925.,791633
subject-0275-record-00,subject-0275,Synthetic User 0275,user0275@example.test,+91-90000-0275,Mohali,Synthetic profile 0275; record variant 0; seed 20260925.,328402
subject-0275-record-01,subject-0275,Synthetic User 0275,user0275@example.test,+91-90000-0275,Mohali,Synthetic profile 0275; record variant 1; seed 20260925.,159461
subject-0275-record-02,subject-0275,Synthetic User 0275,user0275@example.test,+91-90000-0275,Mohali,Synthetic profile 0275; record variant 2; seed 20260925.,501664
subject-0275-record-03,subject-0275,Synthetic User 0275,user0275@example.test,+91-90000-0275,Mohali,Synthetic profile 0275; record variant 3; seed 20260925.,977257
subject-0275-record-04,subject-0275,Synthetic User 0275,user0275@example.test,+91-90000-0275,Mohali,Synthetic profile 0275; record variant 4; seed 20260925.,678110
subject-0276-record-00,subject-0276,Synthetic User 0276,user0276@example.test,+91-90000-0276,Delhi,Synthetic profile 0276; record variant 0; seed 20260925.,832132
subject-0276-record-01,subject-0276,Synthetic User 0276,user0276@example.test,+91-90000-0276,Delhi,Synthetic profile 0276; record variant 1; seed 20260925.,573801
subject-0276-record-02,subject-0276,Synthetic User 0276,user0276@example.test,+91-90000-0276,Delhi,Synthetic profile 0276; record variant 2; seed 20260925.,959695
subject-0276-record-03,subject-0276,Synthetic User 0276,user0276@example.test,+91-90000-0276,Delhi,Synthetic profile 0276; record variant 3; seed 20260925.,927959
subject-0276-record-04,subject-0276,Synthetic User 0276,user0276@example.test,+91-90000-0276,Delhi,Synthetic profile 0276; record variant 4; seed 20260925.,739874
subject-0277-record-00,subject-0277,Synthetic User 0277,user0277@example.test,+91-90000-0277,Pune,Synthetic profile 0277; record variant 0; seed 20260925.,709652
subject-0277-record-01,subject-0277,Synthetic User 0277,user0277@example.test,+91-90000-0277,Pune,Synthetic profile 0277; record variant 1; seed 20260925.,636348
subject-0277-record-02,subject-0277,Synthetic User 0277,user0277@example.test,+91-90000-0277,Pune,Synthetic profile 0277; record variant 2; seed 20260925.,528326
subject-0277-record-03,subject-0277,Synthetic User 0277,user0277@example.test,+91-90000-0277,Pune,Synthetic profile 0277; record variant 3; seed 20260925.,468378
subject-0277-record-04,subject-0277,Synthetic User 0277,user0277@example.test,+91-90000-0277,Pune,Synthetic profile 0277; record variant 4; seed 20260925.,412516
subject-0278-record-00,subject-0278,Synthetic User 0278,user0278@example.test,+91-90000-0278,Bengaluru,Synthetic profile 0278; record variant 0; seed 20260925.,939795
subject-0278-record-01,subject-0278,Synthetic User 0278,user0278@example.test,+91-90000-0278,Bengaluru,Synthetic profile 0278; record variant 1; seed 20260925.,470807
subject-0278-record-02,subject-0278,Synthetic User 0278,user0278@example.test,+91-90000-0278,Bengaluru,Synthetic profile 0278; record variant 2; seed 20260925.,574108
subject-0278-record-03,subject-0278,Synthetic User 0278,user0278@example.test,+91-90000-0278,Bengaluru,Synthetic profile 0278; record variant 3; seed 20260925.,380909
subject-0278-record-04,subject-0278,Synthetic User 0278,user0278@example.test,+91-90000-0278,Bengaluru,Synthetic profile 0278; record variant 4; seed 20260925.,568663
subject-0279-record-00,subject-0279,Synthetic User 0279,user0279@example.test,+91-90000-0279,Jaipur,Synthetic profile 0279; record variant 0; seed 20260925.,908438
subject-0279-record-01,subject-0279,Synthetic User 0279,user0279@example.test,+91-90000-0279,Jaipur,Synthetic profile 0279; record variant 1; seed 20260925.,918796
subject-0279-record-02,subject-0279,Synthetic User 0279,user0279@example.test,+91-90000-0279,Jaipur,Synthetic profile 0279; record variant 2; seed 20260925.,752742
subject-0279-record-03,subject-0279,Synthetic User 0279,user0279@example.test,+91-90000-0279,Jaipur,Synthetic profile 0279; record variant 3; seed 20260925.,719170
subject-0279-record-04,subject-0279,Synthetic User 0279,user0279@example.test,+91-90000-0279,Jaipur,Synthetic profile 0279; record variant 4; seed 20260925.,711632
subject-0280-record-00,subject-0280,Synthetic User 0280,user0280@example.test,+91-90000-0280,Mohali,Synthetic profile 0280; record variant 0; seed 20260925.,163988
subject-0280-record-01,subject-0280,Synthetic User 0280,user0280@example.test,+91-90000-0280,Mohali,Synthetic profile 0280; record variant 1; seed 20260925.,981032
subject-0280-record-02,subject-0280,Synthetic User 0280,user0280@example.test,+91-90000-0280,Mohali,Synthetic profile 0280; record variant 2; seed 20260925.,174420
subject-0280-record-03,subject-0280,Synthetic User 0280,user0280@example.test,+91-90000-0280,Mohali,Synthetic profile 0280; record variant 3; seed 20260925.,461914
subject-0280-record-04,subject-0280,Synthetic User 0280,user0280@example.test,+91-90000-0280,Mohali,Synthetic profile 0280; record variant 4; seed 20260925.,245187
subject-0281-record-00,subject-0281,Synthetic User 0281,user0281@example.test,+91-90000-0281,Delhi,Synthetic profile 0281; record variant 0; seed 20260925.,602745
subject-0281-record-01,subject-0281,Synthetic User 0281,user0281@example.test,+91-90000-0281,Delhi,Synthetic profile 0281; record variant 1; seed 20260925.,585820
subject-0281-record-02,subject-0281,Synthetic User 0281,user0281@example.test,+91-90000-0281,Delhi,Synthetic profile 0281; record variant 2; seed 20260925.,988986
subject-0281-record-03,subject-0281,Synthetic User 0281,user0281@example.test,+91-90000-0281,Delhi,Synthetic profile 0281; record variant 3; seed 20260925.,749146
subject-0281-record-04,subject-0281,Synthetic User 0281,user0281@example.test,+91-90000-0281,Delhi,Synthetic profile 0281; record variant 4; seed 20260925.,743993
subject-0282-record-00,subject-0282,Synthetic User 0282,user0282@example.test,+91-90000-0282,Pune,Synthetic profile 0282; record variant 0; seed 20260925.,921444
subject-0282-record-01,subject-0282,Synthetic User 0282,user0282@example.test,+91-90000-0282,Pune,Synthetic profile 0282; record variant 1; seed 20260925.,425977
subject-0282-record-02,subject-0282,Synthetic User 0282,user0282@example.test,+91-90000-0282,Pune,Synthetic profile 0282; record variant 2; seed 20260925.,989426
subject-0282-record-03,subject-0282,Synthetic User 0282,user0282@example.test,+91-90000-0282,Pune,Synthetic profile 0282; record variant 3; seed 20260925.,214580
subject-0282-record-04,subject-0282,Synthetic User 0282,user0282@example.test,+91-90000-0282,Pune,Synthetic profile 0282; record variant 4; seed 20260925.,974794
subject-0283-record-00,subject-0283,Synthetic User 0283,user0283@example.test,+91-90000-0283,Bengaluru,Synthetic profile 0283; record variant 0; seed 20260925.,237145
subject-0283-record-01,subject-0283,Synthetic User 0283,user0283@example.test,+91-90000-0283,Bengaluru,Synthetic profile 0283; record variant 1; seed 20260925.,788853
subject-0283-record-02,subject-0283,Synthetic User 0283,user0283@example.test,+91-90000-0283,Bengaluru,Synthetic profile 0283; record variant 2; seed 20260925.,568769
subject-0283-record-03,subject-0283,Synthetic User 0283,user0283@example.test,+91-90000-0283,Bengaluru,Synthetic profile 0283; record variant 3; seed 20260925.,813640
subject-0283-record-04,subject-0283,Synthetic User 0283,user0283@example.test,+91-90000-0283,Bengaluru,Synthetic profile 0283; record variant 4; seed 20260925.,677923
subject-0284-record-00,subject-0284,Synthetic User 0284,user0284@example.test,+91-90000-0284,Jaipur,Synthetic profile 0284; record variant 0; seed 20260925.,980900
subject-0284-record-01,subject-0284,Synthetic User 0284,user0284@example.test,+91-90000-0284,Jaipur,Synthetic profile 0284; record variant 1; seed 20260925.,394395
subject-0284-record-02,subject-0284,Synthetic User 0284,user0284@example.test,+91-90000-0284,Jaipur,Synthetic profile 0284; record variant 2; seed 20260925.,560183
subject-0284-record-03,subject-0284,Synthetic User 0284,user0284@example.test,+91-90000-0284,Jaipur,Synthetic profile 0284; record variant 3; seed 20260925.,812602
subject-0284-record-04,subject-0284,Synthetic User 0284,user0284@example.test,+91-90000-0284,Jaipur,Synthetic profile 0284; record variant 4; seed 20260925.,577116
subject-0285-record-00,subject-0285,Synthetic User 0285,user0285@example.test,+91-90000-0285,Mohali,Synthetic profile 0285; record variant 0; seed 20260925.,909415
subject-0285-record-01,subject-0285,Synthetic User 0285,user0285@example.test,+91-90000-0285,Mohali,Synthetic profile 0285; record variant 1; seed 20260925.,466123
subject-0285-record-02,subject-0285,Synthetic User 0285,user0285@example.test,+91-90000-0285,Mohali,Synthetic profile 0285; record variant 2; seed 20260925.,536208
subject-0285-record-03,subject-0285,Synthetic User 0285,user0285@example.test,+91-90000-0285,Mohali,Synthetic profile 0285; record variant 3; seed 20260925.,264948
subject-0285-record-04,subject-0285,Synthetic User 0285,user0285@example.test,+91-90000-0285,Mohali,Synthetic profile 0285; record variant 4; seed 20260925.,195932
subject-0286-record-00,subject-0286,Synthetic User 0286,user0286@example.test,+91-90000-0286,Delhi,Synthetic profile 0286; record variant 0; seed 20260925.,637606
subject-0286-record-01,subject-0286,Synthetic User 0286,user0286@example.test,+91-90000-0286,Delhi,Synthetic profile 0286; record variant 1; seed 20260925.,380835
subject-0286-record-02,subject-0286,Synthetic User 0286,user0286@example.test,+91-90000-0286,Delhi,Synthetic profile 0286; record variant 2; seed 20260925.,559219
subject-0286-record-03,subject-0286,Synthetic User 0286,user0286@example.test,+91-90000-0286,Delhi,Synthetic profile 0286; record variant 3; seed 20260925.,999923
subject-0286-record-04,subject-0286,Synthetic User 0286,user0286@example.test,+91-90000-0286,Delhi,Synthetic profile 0286; record variant 4; seed 20260925.,984788
subject-0287-record-00,subject-0287,Synthetic User 0287,user0287@example.test,+91-90000-0287,Pune,Synthetic profile 0287; record variant 0; seed 20260925.,939957
subject-0287-record-01,subject-0287,Synthetic User 0287,user0287@example.test,+91-90000-0287,Pune,Synthetic profile 0287; record variant 1; seed 20260925.,851774
subject-0287-record-02,subject-0287,Synthetic User 0287,user0287@example.test,+91-90000-0287,Pune,Synthetic profile 0287; record variant 2; seed 20260925.,936710
subject-0287-record-03,subject-0287,Synthetic User 0287,user0287@example.test,+91-90000-0287,Pune,Synthetic profile 0287; record variant 3; seed 20260925.,351287
subject-0287-record-04,subject-0287,Synthetic User 0287,user0287@example.test,+91-90000-0287,Pune,Synthetic profile 0287; record variant 4; seed 20260925.,563985
subject-0288-record-00,subject-0288,Synthetic User 0288,user0288@example.test,+91-90000-0288,Bengaluru,Synthetic profile 0288; record variant 0; seed 20260925.,772795
subject-0288-record-01,subject-0288,Synthetic User 0288,user0288@example.test,+91-90000-0288,Bengaluru,Synthetic profile 0288; record variant 1; seed 20260925.,268776
subject-0288-record-02,subject-0288,Synthetic User 0288,user0288@example.test,+91-90000-0288,Bengaluru,Synthetic profile 0288; record variant 2; seed 20260925.,102943
subject-0288-record-03,subject-0288,Synthetic User 0288,user0288@example.test,+91-90000-0288,Bengaluru,Synthetic profile 0288; record variant 3; seed 20260925.,262036
subject-0288-record-04,subject-0288,Synthetic User 0288,user0288@example.test,+91-90000-0288,Bengaluru,Synthetic profile 0288; record variant 4; seed 20260925.,265048
subject-0289-record-00,subject-0289,Synthetic User 0289,user0289@example.test,+91-90000-0289,Jaipur,Synthetic profile 0289; record variant 0; seed 20260925.,451360
subject-0289-record-01,subject-0289,Synthetic User 0289,user0289@example.test,+91-90000-0289,Jaipur,Synthetic profile 0289; record variant 1; seed 20260925.,286647
subject-0289-record-02,subject-0289,Synthetic User 0289,user0289@example.test,+91-90000-0289,Jaipur,Synthetic profile 0289; record variant 2; seed 20260925.,470029
subject-0289-record-03,subject-0289,Synthetic User 0289,user0289@example.test,+91-90000-0289,Jaipur,Synthetic profile 0289; record variant 3; seed 20260925.,450871
subject-0289-record-04,subject-0289,Synthetic User 0289,user0289@example.test,+91-90000-0289,Jaipur,Synthetic profile 0289; record variant 4; seed 20260925.,382291
subject-0290-record-00,subject-0290,Synthetic User 0290,user0290@example.test,+91-90000-0290,Mohali,Synthetic profile 0290; record variant 0; seed 20260925.,282892
subject-0290-record-01,subject-0290,Synthetic User 0290,user0290@example.test,+91-90000-0290,Mohali,Synthetic profile 0290; record variant 1; seed 20260925.,700236
subject-0290-record-02,subject-0290,Synthetic User 0290,user0290@example.test,+91-90000-0290,Mohali,Synthetic profile 0290; record variant 2; seed 20260925.,835076
subject-0290-record-03,subject-0290,Synthetic User 0290,user0290@example.test,+91-90000-0290,Mohali,Synthetic profile 0290; record variant 3; seed 20260925.,844408
subject-0290-record-04,subject-0290,Synthetic User 0290,user0290@example.test,+91-90000-0290,Mohali,Synthetic profile 0290; record variant 4; seed 20260925.,627344
subject-0291-record-00,subject-0291,Synthetic User 0291,user0291@example.test,+91-90000-0291,Delhi,Synthetic profile 0291; record variant 0; seed 20260925.,753484
subject-0291-record-01,subject-0291,Synthetic User 0291,user0291@example.test,+91-90000-0291,Delhi,Synthetic profile 0291; record variant 1; seed 20260925.,836914
subject-0291-record-02,subject-0291,Synthetic User 0291,user0291@example.test,+91-90000-0291,Delhi,Synthetic profile 0291; record variant 2; seed 20260925.,916300
subject-0291-record-03,subject-0291,Synthetic User 0291,user0291@example.test,+91-90000-0291,Delhi,Synthetic profile 0291; record variant 3; seed 20260925.,905253
subject-0291-record-04,subject-0291,Synthetic User 0291,user0291@example.test,+91-90000-0291,Delhi,Synthetic profile 0291; record variant 4; seed 20260925.,991495
subject-0292-record-00,subject-0292,Synthetic User 0292,user0292@example.test,+91-90000-0292,Pune,Synthetic profile 0292; record variant 0; seed 20260925.,358710
subject-0292-record-01,subject-0292,Synthetic User 0292,user0292@example.test,+91-90000-0292,Pune,Synthetic profile 0292; record variant 1; seed 20260925.,350227
subject-0292-record-02,subject-0292,Synthetic User 0292,user0292@example.test,+91-90000-0292,Pune,Synthetic profile 0292; record variant 2; seed 20260925.,814937
subject-0292-record-03,subject-0292,Synthetic User 0292,user0292@example.test,+91-90000-0292,Pune,Synthetic profile 0292; record variant 3; seed 20260925.,500319
subject-0292-record-04,subject-0292,Synthetic User 0292,user0292@example.test,+91-90000-0292,Pune,Synthetic profile 0292; record variant 4; seed 20260925.,748472
subject-0293-record-00,subject-0293,Synthetic User 0293,user0293@example.test,+91-90000-0293,Bengaluru,Synthetic profile 0293; record variant 0; seed 20260925.,178381
subject-0293-record-01,subject-0293,Synthetic User 0293,user0293@example.test,+91-90000-0293,Bengaluru,Synthetic profile 0293; record variant 1; seed 20260925.,664361
subject-0293-record-02,subject-0293,Synthetic User 0293,user0293@example.test,+91-90000-0293,Bengaluru,Synthetic profile 0293; record variant 2; seed 20260925.,856864
subject-0293-record-03,subject-0293,Synthetic User 0293,user0293@example.test,+91-90000-0293,Bengaluru,Synthetic profile 0293; record variant 3; seed 20260925.,231513
subject-0293-record-04,subject-0293,Synthetic User 0293,user0293@example.test,+91-90000-0293,Bengaluru,Synthetic profile 0293; record variant 4; seed 20260925.,756949
subject-0294-record-00,subject-0294,Synthetic User 0294,user0294@example.test,+91-90000-0294,Jaipur,Synthetic profile 0294; record variant 0; seed 20260925.,791874
subject-0294-record-01,subject-0294,Synthetic User 0294,user0294@example.test,+91-90000-0294,Jaipur,Synthetic profile 0294; record variant 1; seed 20260925.,831240
subject-0294-record-02,subject-0294,Synthetic User 0294,user0294@example.test,+91-90000-0294,Jaipur,Synthetic profile 0294; record variant 2; seed 20260925.,581529
subject-0294-record-03,subject-0294,Synthetic User 0294,user0294@example.test,+91-90000-0294,Jaipur,Synthetic profile 0294; record variant 3; seed 20260925.,348567
subject-0294-record-04,subject-0294,Synthetic User 0294,user0294@example.test,+91-90000-0294,Jaipur,Synthetic profile 0294; record variant 4; seed 20260925.,145893
subject-0295-record-00,subject-0295,Synthetic User 0295,user0295@example.test,+91-90000-0295,Mohali,Synthetic profile 0295; record variant 0; seed 20260925.,842824
subject-0295-record-01,subject-0295,Synthetic User 0295,user0295@example.test,+91-90000-0295,Mohali,Synthetic profile 0295; record variant 1; seed 20260925.,510445
subject-0295-record-02,subject-0295,Synthetic User 0295,user0295@example.test,+91-90000-0295,Mohali,Synthetic profile 0295; record variant 2; seed 20260925.,600280
subject-0295-record-03,subject-0295,Synthetic User 0295,user0295@example.test,+91-90000-0295,Mohali,Synthetic profile 0295; record variant 3; seed 20260925.,324435
subject-0295-record-04,subject-0295,Synthetic User 0295,user0295@example.test,+91-90000-0295,Mohali,Synthetic profile 0295; record variant 4; seed 20260925.,181934
subject-0296-record-00,subject-0296,Synthetic User 0296,user0296@example.test,+91-90000-0296,Delhi,Synthetic profile 0296; record variant 0; seed 20260925.,870127
subject-0296-record-01,subject-0296,Synthetic User 0296,user0296@example.test,+91-90000-0296,Delhi,Synthetic profile 0296; record variant 1; seed 20260925.,957605
subject-0296-record-02,subject-0296,Synthetic User 0296,user0296@example.test,+91-90000-0296,Delhi,Synthetic profile 0296; record variant 2; seed 20260925.,102891
subject-0296-record-03,subject-0296,Synthetic User 0296,user0296@example.test,+91-90000-0296,Delhi,Synthetic profile 0296; record variant 3; seed 20260925.,854985
subject-0296-record-04,subject-0296,Synthetic User 0296,user0296@example.test,+91-90000-0296,Delhi,Synthetic profile 0296; record variant 4; seed 20260925.,113421
subject-0297-record-00,subject-0297,Synthetic User 0297,user0297@example.test,+91-90000-0297,Pune,Synthetic profile 0297; record variant 0; seed 20260925.,951021
subject-0297-record-01,subject-0297,Synthetic User 0297,user0297@example.test,+91-90000-0297,Pune,Synthetic profile 0297; record variant 1; seed 20260925.,126941
subject-0297-record-02,subject-0297,Synthetic User 0297,user0297@example.test,+91-90000-0297,Pune,Synthetic profile 0297; record variant 2; seed 20260925.,900739
subject-0297-record-03,subject-0297,Synthetic User 0297,user0297@example.test,+91-90000-0297,Pune,Synthetic profile 0297; record variant 3; seed 20260925.,438190
subject-0297-record-04,subject-0297,Synthetic User 0297,user0297@example.test,+91-90000-0297,Pune,Synthetic profile 0297; record variant 4; seed 20260925.,744286
subject-0298-record-00,subject-0298,Synthetic User 0298,user0298@example.test,+91-90000-0298,Bengaluru,Synthetic profile 0298; record variant 0; seed 20260925.,809972
subject-0298-record-01,subject-0298,Synthetic User 0298,user0298@example.test,+91-90000-0298,Bengaluru,Synthetic profile 0298; record variant 1; seed 20260925.,542117
subject-0298-record-02,subject-0298,Synthetic User 0298,user0298@example.test,+91-90000-0298,Bengaluru,Synthetic profile 0298; record variant 2; seed 20260925.,300572
subject-0298-record-03,subject-0298,Synthetic User 0298,user0298@example.test,+91-90000-0298,Bengaluru,Synthetic profile 0298; record variant 3; seed 20260925.,919553
subject-0298-record-04,subject-0298,Synthetic User 0298,user0298@example.test,+91-90000-0298,Bengaluru,Synthetic profile 0298; record variant 4; seed 20260925.,859669
subject-0299-record-00,subject-0299,Synthetic User 0299,user0299@example.test,+91-90000-0299,Jaipur,Synthetic profile 0299; record variant 0; seed 20260925.,483299
subject-0299-record-01,subject-0299,Synthetic User 0299,user0299@example.test,+91-90000-0299,Jaipur,Synthetic profile 0299; record variant 1; seed 20260925.,464856
subject-0299-record-02,subject-0299,Synthetic User 0299,user0299@example.test,+91-90000-0299,Jaipur,Synthetic profile 0299; record variant 2; seed 20260925.,928409
subject-0299-record-03,subject-0299,Synthetic User 0299,user0299@example.test,+91-90000-0299,Jaipur,Synthetic profile 0299; record variant 3; seed 20260925.,414892
subject-0299-record-04,subject-0299,Synthetic User 0299,user0299@example.test,+91-90000-0299,Jaipur,Synthetic profile 0299; record variant 4; seed 20260925.,521702
subject-0300-record-00,subject-0300,Synthetic User 0300,user0300@example.test,+91-90000-0300,Mohali,Synthetic profile 0300; record variant 0; seed 20260925.,945731
subject-0300-record-01,subject-0300,Synthetic User 0300,user0300@example.test,+91-90000-0300,Mohali,Synthetic profile 0300; record variant 1; seed 20260925.,393544
subject-0300-record-02,subject-0300,Synthetic User 0300,user0300@example.test,+91-90000-0300,Mohali,Synthetic profile 0300; record variant 2; seed 20260925.,148313
subject-0300-record-03,subject-0300,Synthetic User 0300,user0300@example.test,+91-90000-0300,Mohali,Synthetic profile 0300; record variant 3; seed 20260925.,555003
subject-0300-record-04,subject-0300,Synthetic User 0300,user0300@example.test,+91-90000-0300,Mohali,Synthetic profile 0300; record variant 4; seed 20260925.,911579
subject-0301-record-00,subject-0301,Synthetic User 0301,user0301@example.test,+91-90000-0301,Delhi,Synthetic profile 0301; record variant 0; seed 20260925.,892933
subject-0301-record-01,subject-0301,Synthetic User 0301,user0301@example.test,+91-90000-0301,Delhi,Synthetic profile 0301; record variant 1; seed 20260925.,525550
subject-0301-record-02,subject-0301,Synthetic User 0301,user0301@example.test,+91-90000-0301,Delhi,Synthetic profile 0301; record variant 2; seed 20260925.,963950
subject-0301-record-03,subject-0301,Synthetic User 0301,user0301@example.test,+91-90000-0301,Delhi,Synthetic profile 0301; record variant 3; seed 20260925.,341382
subject-0301-record-04,subject-0301,Synthetic User 0301,user0301@example.test,+91-90000-0301,Delhi,Synthetic profile 0301; record variant 4; seed 20260925.,110735
subject-0302-record-00,subject-0302,Synthetic User 0302,user0302@example.test,+91-90000-0302,Pune,Synthetic profile 0302; record variant 0; seed 20260925.,618881
subject-0302-record-01,subject-0302,Synthetic User 0302,user0302@example.test,+91-90000-0302,Pune,Synthetic profile 0302; record variant 1; seed 20260925.,482127
subject-0302-record-02,subject-0302,Synthetic User 0302,user0302@example.test,+91-90000-0302,Pune,Synthetic profile 0302; record variant 2; seed 20260925.,645799
subject-0302-record-03,subject-0302,Synthetic User 0302,user0302@example.test,+91-90000-0302,Pune,Synthetic profile 0302; record variant 3; seed 20260925.,277220
subject-0302-record-04,subject-0302,Synthetic User 0302,user0302@example.test,+91-90000-0302,Pune,Synthetic profile 0302; record variant 4; seed 20260925.,253256
subject-0303-record-00,subject-0303,Synthetic User 0303,user0303@example.test,+91-90000-0303,Bengaluru,Synthetic profile 0303; record variant 0; seed 20260925.,651649
subject-0303-record-01,subject-0303,Synthetic User 0303,user0303@example.test,+91-90000-0303,Bengaluru,Synthetic profile 0303; record variant 1; seed 20260925.,412673
subject-0303-record-02,subject-0303,Synthetic User 0303,user0303@example.test,+91-90000-0303,Bengaluru,Synthetic profile 0303; record variant 2; seed 20260925.,744713
subject-0303-record-03,subject-0303,Synthetic User 0303,user0303@example.test,+91-90000-0303,Bengaluru,Synthetic profile 0303; record variant 3; seed 20260925.,565079
subject-0303-record-04,subject-0303,Synthetic User 0303,user0303@example.test,+91-90000-0303,Bengaluru,Synthetic profile 0303; record variant 4; seed 20260925.,599594
subject-0304-record-00,subject-0304,Synthetic User 0304,user0304@example.test,+91-90000-0304,Jaipur,Synthetic profile 0304; record variant 0; seed 20260925.,194420
subject-0304-record-01,subject-0304,Synthetic User 0304,user0304@example.test,+91-90000-0304,Jaipur,Synthetic profile 0304; record variant 1; seed 20260925.,938038
subject-0304-record-02,subject-0304,Synthetic User 0304,user0304@example.test,+91-90000-0304,Jaipur,Synthetic profile 0304; record variant 2; seed 20260925.,937881
subject-0304-record-03,subject-0304,Synthetic User 0304,user0304@example.test,+91-90000-0304,Jaipur,Synthetic profile 0304; record variant 3; seed 20260925.,429329
subject-0304-record-04,subject-0304,Synthetic User 0304,user0304@example.test,+91-90000-0304,Jaipur,Synthetic profile 0304; record variant 4; seed 20260925.,859581
subject-0305-record-00,subject-0305,Synthetic User 0305,user0305@example.test,+91-90000-0305,Mohali,Synthetic profile 0305; record variant 0; seed 20260925.,202464
subject-0305-record-01,subject-0305,Synthetic User 0305,user0305@example.test,+91-90000-0305,Mohali,Synthetic profile 0305; record variant 1; seed 20260925.,659742
subject-0305-record-02,subject-0305,Synthetic User 0305,user0305@example.test,+91-90000-0305,Mohali,Synthetic profile 0305; record variant 2; seed 20260925.,575560
subject-0305-record-03,subject-0305,Synthetic User 0305,user0305@example.test,+91-90000-0305,Mohali,Synthetic profile 0305; record variant 3; seed 20260925.,622522
subject-0305-record-04,subject-0305,Synthetic User 0305,user0305@example.test,+91-90000-0305,Mohali,Synthetic profile 0305; record variant 4; seed 20260925.,377089
subject-0306-record-00,subject-0306,Synthetic User 0306,user0306@example.test,+91-90000-0306,Delhi,Synthetic profile 0306; record variant 0; seed 20260925.,694095
subject-0306-record-01,subject-0306,Synthetic User 0306,user0306@example.test,+91-90000-0306,Delhi,Synthetic profile 0306; record variant 1; seed 20260925.,256166
subject-0306-record-02,subject-0306,Synthetic User 0306,user0306@example.test,+91-90000-0306,Delhi,Synthetic profile 0306; record variant 2; seed 20260925.,359210
subject-0306-record-03,subject-0306,Synthetic User 0306,user0306@example.test,+91-90000-0306,Delhi,Synthetic profile 0306; record variant 3; seed 20260925.,679363
subject-0306-record-04,subject-0306,Synthetic User 0306,user0306@example.test,+91-90000-0306,Delhi,Synthetic profile 0306; record variant 4; seed 20260925.,546024
subject-0307-record-00,subject-0307,Synthetic User 0307,user0307@example.test,+91-90000-0307,Pune,Synthetic profile 0307; record variant 0; seed 20260925.,422696
subject-0307-record-01,subject-0307,Synthetic User 0307,user0307@example.test,+91-90000-0307,Pune,Synthetic profile 0307; record variant 1; seed 20260925.,420103
subject-0307-record-02,subject-0307,Synthetic User 0307,user0307@example.test,+91-90000-0307,Pune,Synthetic profile 0307; record variant 2; seed 20260925.,164487
subject-0307-record-03,subject-0307,Synthetic User 0307,user0307@example.test,+91-90000-0307,Pune,Synthetic profile 0307; record variant 3; seed 20260925.,418336
subject-0307-record-04,subject-0307,Synthetic User 0307,user0307@example.test,+91-90000-0307,Pune,Synthetic profile 0307; record variant 4; seed 20260925.,452397
subject-0308-record-00,subject-0308,Synthetic User 0308,user0308@example.test,+91-90000-0308,Bengaluru,Synthetic profile 0308; record variant 0; seed 20260925.,282600
subject-0308-record-01,subject-0308,Synthetic User 0308,user0308@example.test,+91-90000-0308,Bengaluru,Synthetic profile 0308; record variant 1; seed 20260925.,986180
subject-0308-record-02,subject-0308,Synthetic User 0308,user0308@example.test,+91-90000-0308,Bengaluru,Synthetic profile 0308; record variant 2; seed 20260925.,155095
subject-0308-record-03,subject-0308,Synthetic User 0308,user0308@example.test,+91-90000-0308,Bengaluru,Synthetic profile 0308; record variant 3; seed 20260925.,431330
subject-0308-record-04,subject-0308,Synthetic User 0308,user0308@example.test,+91-90000-0308,Bengaluru,Synthetic profile 0308; record variant 4; seed 20260925.,826014
subject-0309-record-00,subject-0309,Synthetic User 0309,user0309@example.test,+91-90000-0309,Jaipur,Synthetic profile 0309; record variant 0; seed 20260925.,789772
subject-0309-record-01,subject-0309,Synthetic User 0309,user0309@example.test,+91-90000-0309,Jaipur,Synthetic profile 0309; record variant 1; seed 20260925.,324436
subject-0309-record-02,subject-0309,Synthetic User 0309,user0309@example.test,+91-90000-0309,Jaipur,Synthetic profile 0309; record variant 2; seed 20260925.,341966
subject-0309-record-03,subject-0309,Synthetic User 0309,user0309@example.test,+91-90000-0309,Jaipur,Synthetic profile 0309; record variant 3; seed 20260925.,973537
subject-0309-record-04,subject-0309,Synthetic User 0309,user0309@example.test,+91-90000-0309,Jaipur,Synthetic profile 0309; record variant 4; seed 20260925.,275476
subject-0310-record-00,subject-0310,Synthetic User 0310,user0310@example.test,+91-90000-0310,Mohali,Synthetic profile 0310; record variant 0; seed 20260925.,549723
subject-0310-record-01,subject-0310,Synthetic User 0310,user0310@example.test,+91-90000-0310,Mohali,Synthetic profile 0310; record variant 1; seed 20260925.,838810
subject-0310-record-02,subject-0310,Synthetic User 0310,user0310@example.test,+91-90000-0310,Mohali,Synthetic profile 0310; record variant 2; seed 20260925.,816594
subject-0310-record-03,subject-0310,Synthetic User 0310,user0310@example.test,+91-90000-0310,Mohali,Synthetic profile 0310; record variant 3; seed 20260925.,254750
subject-0310-record-04,subject-0310,Synthetic User 0310,user0310@example.test,+91-90000-0310,Mohali,Synthetic profile 0310; record variant 4; seed 20260925.,330319
subject-0311-record-00,subject-0311,Synthetic User 0311,user0311@example.test,+91-90000-0311,Delhi,Synthetic profile 0311; record variant 0; seed 20260925.,811812
subject-0311-record-01,subject-0311,Synthetic User 0311,user0311@example.test,+91-90000-0311,Delhi,Synthetic profile 0311; record variant 1; seed 20260925.,493386
subject-0311-record-02,subject-0311,Synthetic User 0311,user0311@example.test,+91-90000-0311,Delhi,Synthetic profile 0311; record variant 2; seed 20260925.,120930
subject-0311-record-03,subject-0311,Synthetic User 0311,user0311@example.test,+91-90000-0311,Delhi,Synthetic profile 0311; record variant 3; seed 20260925.,211416
subject-0311-record-04,subject-0311,Synthetic User 0311,user0311@example.test,+91-90000-0311,Delhi,Synthetic profile 0311; record variant 4; seed 20260925.,166740
subject-0312-record-00,subject-0312,Synthetic User 0312,user0312@example.test,+91-90000-0312,Pune,Synthetic profile 0312; record variant 0; seed 20260925.,562794
subject-0312-record-01,subject-0312,Synthetic User 0312,user0312@example.test,+91-90000-0312,Pune,Synthetic profile 0312; record variant 1; seed 20260925.,585384
subject-0312-record-02,subject-0312,Synthetic User 0312,user0312@example.test,+91-90000-0312,Pune,Synthetic profile 0312; record variant 2; seed 20260925.,179636
subject-0312-record-03,subject-0312,Synthetic User 0312,user0312@example.test,+91-90000-0312,Pune,Synthetic profile 0312; record variant 3; seed 20260925.,627389
subject-0312-record-04,subject-0312,Synthetic User 0312,user0312@example.test,+91-90000-0312,Pune,Synthetic profile 0312; record variant 4; seed 20260925.,277945
subject-0313-record-00,subject-0313,Synthetic User 0313,user0313@example.test,+91-90000-0313,Bengaluru,Synthetic profile 0313; record variant 0; seed 20260925.,782392
subject-0313-record-01,subject-0313,Synthetic User 0313,user0313@example.test,+91-90000-0313,Bengaluru,Synthetic profile 0313; record variant 1; seed 20260925.,510219
subject-0313-record-02,subject-0313,Synthetic User 0313,user0313@example.test,+91-90000-0313,Bengaluru,Synthetic profile 0313; record variant 2; seed 20260925.,366997
subject-0313-record-03,subject-0313,Synthetic User 0313,user0313@example.test,+91-90000-0313,Bengaluru,Synthetic profile 0313; record variant 3; seed 20260925.,229804
subject-0313-record-04,subject-0313,Synthetic User 0313,user0313@example.test,+91-90000-0313,Bengaluru,Synthetic profile 0313; record variant 4; seed 20260925.,720150
subject-0314-record-00,subject-0314,Synthetic User 0314,user0314@example.test,+91-90000-0314,Jaipur,Synthetic profile 0314; record variant 0; seed 20260925.,971299
subject-0314-record-01,subject-0314,Synthetic User 0314,user0314@example.test,+91-90000-0314,Jaipur,Synthetic profile 0314; record variant 1; seed 20260925.,516070
subject-0314-record-02,subject-0314,Synthetic User 0314,user0314@example.test,+91-90000-0314,Jaipur,Synthetic profile 0314; record variant 2; seed 20260925.,341949
subject-0314-record-03,subject-0314,Synthetic User 0314,user0314@example.test,+91-90000-0314,Jaipur,Synthetic profile 0314; record variant 3; seed 20260925.,883446
subject-0314-record-04,subject-0314,Synthetic User 0314,user0314@example.test,+91-90000-0314,Jaipur,Synthetic profile 0314; record variant 4; seed 20260925.,854701
subject-0315-record-00,subject-0315,Synthetic User 0315,user0315@example.test,+91-90000-0315,Mohali,Synthetic profile 0315; record variant 0; seed 20260925.,680031
subject-0315-record-01,subject-0315,Synthetic User 0315,user0315@example.test,+91-90000-0315,Mohali,Synthetic profile 0315; record variant 1; seed 20260925.,580388
subject-0315-record-02,subject-0315,Synthetic User 0315,user0315@example.test,+91-90000-0315,Mohali,Synthetic profile 0315; record variant 2; seed 20260925.,942195
subject-0315-record-03,subject-0315,Synthetic User 0315,user0315@example.test,+91-90000-0315,Mohali,Synthetic profile 0315; record variant 3; seed 20260925.,513782
subject-0315-record-04,subject-0315,Synthetic User 0315,user0315@example.test,+91-90000-0315,Mohali,Synthetic profile 0315; record variant 4; seed 20260925.,464492
subject-0316-record-00,subject-0316,Synthetic User 0316,user0316@example.test,+91-90000-0316,Delhi,Synthetic profile 0316; record variant 0; seed 20260925.,691305
subject-0316-record-01,subject-0316,Synthetic User 0316,user0316@example.test,+91-90000-0316,Delhi,Synthetic profile 0316; record variant 1; seed 20260925.,559909
subject-0316-record-02,subject-0316,Synthetic User 0316,user0316@example.test,+91-90000-0316,Delhi,Synthetic profile 0316; record variant 2; seed 20260925.,924162
subject-0316-record-03,subject-0316,Synthetic User 0316,user0316@example.test,+91-90000-0316,Delhi,Synthetic profile 0316; record variant 3; seed 20260925.,940050
subject-0316-record-04,subject-0316,Synthetic User 0316,user0316@example.test,+91-90000-0316,Delhi,Synthetic profile 0316; record variant 4; seed 20260925.,669655
subject-0317-record-00,subject-0317,Synthetic User 0317,user0317@example.test,+91-90000-0317,Pune,Synthetic profile 0317; record variant 0; seed 20260925.,136777
subject-0317-record-01,subject-0317,Synthetic User 0317,user0317@example.test,+91-90000-0317,Pune,Synthetic profile 0317; record variant 1; seed 20260925.,402962
subject-0317-record-02,subject-0317,Synthetic User 0317,user0317@example.test,+91-90000-0317,Pune,Synthetic profile 0317; record variant 2; seed 20260925.,609091
subject-0317-record-03,subject-0317,Synthetic User 0317,user0317@example.test,+91-90000-0317,Pune,Synthetic profile 0317; record variant 3; seed 20260925.,695623
subject-0317-record-04,subject-0317,Synthetic User 0317,user0317@example.test,+91-90000-0317,Pune,Synthetic profile 0317; record variant 4; seed 20260925.,654355
subject-0318-record-00,subject-0318,Synthetic User 0318,user0318@example.test,+91-90000-0318,Bengaluru,Synthetic profile 0318; record variant 0; seed 20260925.,266615
subject-0318-record-01,subject-0318,Synthetic User 0318,user0318@example.test,+91-90000-0318,Bengaluru,Synthetic profile 0318; record variant 1; seed 20260925.,839486
subject-0318-record-02,subject-0318,Synthetic User 0318,user0318@example.test,+91-90000-0318,Bengaluru,Synthetic profile 0318; record variant 2; seed 20260925.,182798
subject-0318-record-03,subject-0318,Synthetic User 0318,user0318@example.test,+91-90000-0318,Bengaluru,Synthetic profile 0318; record variant 3; seed 20260925.,953930
subject-0318-record-04,subject-0318,Synthetic User 0318,user0318@example.test,+91-90000-0318,Bengaluru,Synthetic profile 0318; record variant 4; seed 20260925.,285607
subject-0319-record-00,subject-0319,Synthetic User 0319,user0319@example.test,+91-90000-0319,Jaipur,Synthetic profile 0319; record variant 0; seed 20260925.,820378
subject-0319-record-01,subject-0319,Synthetic User 0319,user0319@example.test,+91-90000-0319,Jaipur,Synthetic profile 0319; record variant 1; seed 20260925.,266588
subject-0319-record-02,subject-0319,Synthetic User 0319,user0319@example.test,+91-90000-0319,Jaipur,Synthetic profile 0319; record variant 2; seed 20260925.,161908
subject-0319-record-03,subject-0319,Synthetic User 0319,user0319@example.test,+91-90000-0319,Jaipur,Synthetic profile 0319; record variant 3; seed 20260925.,664286
subject-0319-record-04,subject-0319,Synthetic User 0319,user0319@example.test,+91-90000-0319,Jaipur,Synthetic profile 0319; record variant 4; seed 20260925.,275468
subject-0320-record-00,subject-0320,Synthetic User 0320,user0320@example.test,+91-90000-0320,Mohali,Synthetic profile 0320; record variant 0; seed 20260925.,799326
subject-0320-record-01,subject-0320,Synthetic User 0320,user0320@example.test,+91-90000-0320,Mohali,Synthetic profile 0320; record variant 1; seed 20260925.,524196
subject-0320-record-02,subject-0320,Synthetic User 0320,user0320@example.test,+91-90000-0320,Mohali,Synthetic profile 0320; record variant 2; seed 20260925.,259212
subject-0320-record-03,subject-0320,Synthetic User 0320,user0320@example.test,+91-90000-0320,Mohali,Synthetic profile 0320; record variant 3; seed 20260925.,334846
subject-0320-record-04,subject-0320,Synthetic User 0320,user0320@example.test,+91-90000-0320,Mohali,Synthetic profile 0320; record variant 4; seed 20260925.,830282
subject-0321-record-00,subject-0321,Synthetic User 0321,user0321@example.test,+91-90000-0321,Delhi,Synthetic profile 0321; record variant 0; seed 20260925.,869443
subject-0321-record-01,subject-0321,Synthetic User 0321,user0321@example.test,+91-90000-0321,Delhi,Synthetic profile 0321; record variant 1; seed 20260925.,190749
subject-0321-record-02,subject-0321,Synthetic User 0321,user0321@example.test,+91-90000-0321,Delhi,Synthetic profile 0321; record variant 2; seed 20260925.,343634
subject-0321-record-03,subject-0321,Synthetic User 0321,user0321@example.test,+91-90000-0321,Delhi,Synthetic profile 0321; record variant 3; seed 20260925.,140229
subject-0321-record-04,subject-0321,Synthetic User 0321,user0321@example.test,+91-90000-0321,Delhi,Synthetic profile 0321; record variant 4; seed 20260925.,804428
subject-0322-record-00,subject-0322,Synthetic User 0322,user0322@example.test,+91-90000-0322,Pune,Synthetic profile 0322; record variant 0; seed 20260925.,965139
subject-0322-record-01,subject-0322,Synthetic User 0322,user0322@example.test,+91-90000-0322,Pune,Synthetic profile 0322; record variant 1; seed 20260925.,696497
subject-0322-record-02,subject-0322,Synthetic User 0322,user0322@example.test,+91-90000-0322,Pune,Synthetic profile 0322; record variant 2; seed 20260925.,902426
subject-0322-record-03,subject-0322,Synthetic User 0322,user0322@example.test,+91-90000-0322,Pune,Synthetic profile 0322; record variant 3; seed 20260925.,254483
subject-0322-record-04,subject-0322,Synthetic User 0322,user0322@example.test,+91-90000-0322,Pune,Synthetic profile 0322; record variant 4; seed 20260925.,585148
subject-0323-record-00,subject-0323,Synthetic User 0323,user0323@example.test,+91-90000-0323,Bengaluru,Synthetic profile 0323; record variant 0; seed 20260925.,898948
subject-0323-record-01,subject-0323,Synthetic User 0323,user0323@example.test,+91-90000-0323,Bengaluru,Synthetic profile 0323; record variant 1; seed 20260925.,484787
subject-0323-record-02,subject-0323,Synthetic User 0323,user0323@example.test,+91-90000-0323,Bengaluru,Synthetic profile 0323; record variant 2; seed 20260925.,153477
subject-0323-record-03,subject-0323,Synthetic User 0323,user0323@example.test,+91-90000-0323,Bengaluru,Synthetic profile 0323; record variant 3; seed 20260925.,469262
subject-0323-record-04,subject-0323,Synthetic User 0323,user0323@example.test,+91-90000-0323,Bengaluru,Synthetic profile 0323; record variant 4; seed 20260925.,909923
subject-0324-record-00,subject-0324,Synthetic User 0324,user0324@example.test,+91-90000-0324,Jaipur,Synthetic profile 0324; record variant 0; seed 20260925.,493997
subject-0324-record-01,subject-0324,Synthetic User 0324,user0324@example.test,+91-90000-0324,Jaipur,Synthetic profile 0324; record variant 1; seed 20260925.,766094
subject-0324-record-02,subject-0324,Synthetic User 0324,user0324@example.test,+91-90000-0324,Jaipur,Synthetic profile 0324; record variant 2; seed 20260925.,414772
subject-0324-record-03,subject-0324,Synthetic User 0324,user0324@example.test,+91-90000-0324,Jaipur,Synthetic profile 0324; record variant 3; seed 20260925.,823852
subject-0324-record-04,subject-0324,Synthetic User 0324,user0324@example.test,+91-90000-0324,Jaipur,Synthetic profile 0324; record variant 4; seed 20260925.,581541
subject-0325-record-00,subject-0325,Synthetic User 0325,user0325@example.test,+91-90000-0325,Mohali,Synthetic profile 0325; record variant 0; seed 20260925.,947380
subject-0325-record-01,subject-0325,Synthetic User 0325,user0325@example.test,+91-90000-0325,Mohali,Synthetic profile 0325; record variant 1; seed 20260925.,685308
subject-0325-record-02,subject-0325,Synthetic User 0325,user0325@example.test,+91-90000-0325,Mohali,Synthetic profile 0325; record variant 2; seed 20260925.,757991
subject-0325-record-03,subject-0325,Synthetic User 0325,user0325@example.test,+91-90000-0325,Mohali,Synthetic profile 0325; record variant 3; seed 20260925.,774960
subject-0325-record-04,subject-0325,Synthetic User 0325,user0325@example.test,+91-90000-0325,Mohali,Synthetic profile 0325; record variant 4; seed 20260925.,881354
subject-0326-record-00,subject-0326,Synthetic User 0326,user0326@example.test,+91-90000-0326,Delhi,Synthetic profile 0326; record variant 0; seed 20260925.,130601
subject-0326-record-01,subject-0326,Synthetic User 0326,user0326@example.test,+91-90000-0326,Delhi,Synthetic profile 0326; record variant 1; seed 20260925.,314507
subject-0326-record-02,subject-0326,Synthetic User 0326,user0326@example.test,+91-90000-0326,Delhi,Synthetic profile 0326; record variant 2; seed 20260925.,890456
subject-0326-record-03,subject-0326,Synthetic User 0326,user0326@example.test,+91-90000-0326,Delhi,Synthetic profile 0326; record variant 3; seed 20260925.,394637
subject-0326-record-04,subject-0326,Synthetic User 0326,user0326@example.test,+91-90000-0326,Delhi,Synthetic profile 0326; record variant 4; seed 20260925.,789969
subject-0327-record-00,subject-0327,Synthetic User 0327,user0327@example.test,+91-90000-0327,Pune,Synthetic profile 0327; record variant 0; seed 20260925.,613226
subject-0327-record-01,subject-0327,Synthetic User 0327,user0327@example.test,+91-90000-0327,Pune,Synthetic profile 0327; record variant 1; seed 20260925.,997637
subject-0327-record-02,subject-0327,Synthetic User 0327,user0327@example.test,+91-90000-0327,Pune,Synthetic profile 0327; record variant 2; seed 20260925.,609070
subject-0327-record-03,subject-0327,Synthetic User 0327,user0327@example.test,+91-90000-0327,Pune,Synthetic profile 0327; record variant 3; seed 20260925.,858279
subject-0327-record-04,subject-0327,Synthetic User 0327,user0327@example.test,+91-90000-0327,Pune,Synthetic profile 0327; record variant 4; seed 20260925.,160776
subject-0328-record-00,subject-0328,Synthetic User 0328,user0328@example.test,+91-90000-0328,Bengaluru,Synthetic profile 0328; record variant 0; seed 20260925.,175967
subject-0328-record-01,subject-0328,Synthetic User 0328,user0328@example.test,+91-90000-0328,Bengaluru,Synthetic profile 0328; record variant 1; seed 20260925.,320265
subject-0328-record-02,subject-0328,Synthetic User 0328,user0328@example.test,+91-90000-0328,Bengaluru,Synthetic profile 0328; record variant 2; seed 20260925.,560962
subject-0328-record-03,subject-0328,Synthetic User 0328,user0328@example.test,+91-90000-0328,Bengaluru,Synthetic profile 0328; record variant 3; seed 20260925.,438550
subject-0328-record-04,subject-0328,Synthetic User 0328,user0328@example.test,+91-90000-0328,Bengaluru,Synthetic profile 0328; record variant 4; seed 20260925.,421288
subject-0329-record-00,subject-0329,Synthetic User 0329,user0329@example.test,+91-90000-0329,Jaipur,Synthetic profile 0329; record variant 0; seed 20260925.,874103
subject-0329-record-01,subject-0329,Synthetic User 0329,user0329@example.test,+91-90000-0329,Jaipur,Synthetic profile 0329; record variant 1; seed 20260925.,256331
subject-0329-record-02,subject-0329,Synthetic User 0329,user0329@example.test,+91-90000-0329,Jaipur,Synthetic profile 0329; record variant 2; seed 20260925.,680987
subject-0329-record-03,subject-0329,Synthetic User 0329,user0329@example.test,+91-90000-0329,Jaipur,Synthetic profile 0329; record variant 3; seed 20260925.,829663
subject-0329-record-04,subject-0329,Synthetic User 0329,user0329@example.test,+91-90000-0329,Jaipur,Synthetic profile 0329; record variant 4; seed 20260925.,209261
subject-0330-record-00,subject-0330,Synthetic User 0330,user0330@example.test,+91-90000-0330,Mohali,Synthetic profile 0330; record variant 0; seed 20260925.,443219
subject-0330-record-01,subject-0330,Synthetic User 0330,user0330@example.test,+91-90000-0330,Mohali,Synthetic profile 0330; record variant 1; seed 20260925.,826468
subject-0330-record-02,subject-0330,Synthetic User 0330,user0330@example.test,+91-90000-0330,Mohali,Synthetic profile 0330; record variant 2; seed 20260925.,236269
subject-0330-record-03,subject-0330,Synthetic User 0330,user0330@example.test,+91-90000-0330,Mohali,Synthetic profile 0330; record variant 3; seed 20260925.,456588
subject-0330-record-04,subject-0330,Synthetic User 0330,user0330@example.test,+91-90000-0330,Mohali,Synthetic profile 0330; record variant 4; seed 20260925.,958386
subject-0331-record-00,subject-0331,Synthetic User 0331,user0331@example.test,+91-90000-0331,Delhi,Synthetic profile 0331; record variant 0; seed 20260925.,822791
subject-0331-record-01,subject-0331,Synthetic User 0331,user0331@example.test,+91-90000-0331,Delhi,Synthetic profile 0331; record variant 1; seed 20260925.,449325
subject-0331-record-02,subject-0331,Synthetic User 0331,user0331@example.test,+91-90000-0331,Delhi,Synthetic profile 0331; record variant 2; seed 20260925.,976116
subject-0331-record-03,subject-0331,Synthetic User 0331,user0331@example.test,+91-90000-0331,Delhi,Synthetic profile 0331; record variant 3; seed 20260925.,487670
subject-0331-record-04,subject-0331,Synthetic User 0331,user0331@example.test,+91-90000-0331,Delhi,Synthetic profile 0331; record variant 4; seed 20260925.,186746
subject-0332-record-00,subject-0332,Synthetic User 0332,user0332@example.test,+91-90000-0332,Pune,Synthetic profile 0332; record variant 0; seed 20260925.,905022
subject-0332-record-01,subject-0332,Synthetic User 0332,user0332@example.test,+91-90000-0332,Pune,Synthetic profile 0332; record variant 1; seed 20260925.,358227
subject-0332-record-02,subject-0332,Synthetic User 0332,user0332@example.test,+91-90000-0332,Pune,Synthetic profile 0332; record variant 2; seed 20260925.,593249
subject-0332-record-03,subject-0332,Synthetic User 0332,user0332@example.test,+91-90000-0332,Pune,Synthetic profile 0332; record variant 3; seed 20260925.,358895
subject-0332-record-04,subject-0332,Synthetic User 0332,user0332@example.test,+91-90000-0332,Pune,Synthetic profile 0332; record variant 4; seed 20260925.,114936
subject-0333-record-00,subject-0333,Synthetic User 0333,user0333@example.test,+91-90000-0333,Bengaluru,Synthetic profile 0333; record variant 0; seed 20260925.,900494
subject-0333-record-01,subject-0333,Synthetic User 0333,user0333@example.test,+91-90000-0333,Bengaluru,Synthetic profile 0333; record variant 1; seed 20260925.,883641
subject-0333-record-02,subject-0333,Synthetic User 0333,user0333@example.test,+91-90000-0333,Bengaluru,Synthetic profile 0333; record variant 2; seed 20260925.,715575
subject-0333-record-03,subject-0333,Synthetic User 0333,user0333@example.test,+91-90000-0333,Bengaluru,Synthetic profile 0333; record variant 3; seed 20260925.,941676
subject-0333-record-04,subject-0333,Synthetic User 0333,user0333@example.test,+91-90000-0333,Bengaluru,Synthetic profile 0333; record variant 4; seed 20260925.,760240
subject-0334-record-00,subject-0334,Synthetic User 0334,user0334@example.test,+91-90000-0334,Jaipur,Synthetic profile 0334; record variant 0; seed 20260925.,258600
subject-0334-record-01,subject-0334,Synthetic User 0334,user0334@example.test,+91-90000-0334,Jaipur,Synthetic profile 0334; record variant 1; seed 20260925.,139959
subject-0334-record-02,subject-0334,Synthetic User 0334,user0334@example.test,+91-90000-0334,Jaipur,Synthetic profile 0334; record variant 2; seed 20260925.,399662
subject-0334-record-03,subject-0334,Synthetic User 0334,user0334@example.test,+91-90000-0334,Jaipur,Synthetic profile 0334; record variant 3; seed 20260925.,727994
subject-0334-record-04,subject-0334,Synthetic User 0334,user0334@example.test,+91-90000-0334,Jaipur,Synthetic profile 0334; record variant 4; seed 20260925.,333047
subject-0335-record-00,subject-0335,Synthetic User 0335,user0335@example.test,+91-90000-0335,Mohali,Synthetic profile 0335; record variant 0; seed 20260925.,970772
subject-0335-record-01,subject-0335,Synthetic User 0335,user0335@example.test,+91-90000-0335,Mohali,Synthetic profile 0335; record variant 1; seed 20260925.,450306
subject-0335-record-02,subject-0335,Synthetic User 0335,user0335@example.test,+91-90000-0335,Mohali,Synthetic profile 0335; record variant 2; seed 20260925.,420468
subject-0335-record-03,subject-0335,Synthetic User 0335,user0335@example.test,+91-90000-0335,Mohali,Synthetic profile 0335; record variant 3; seed 20260925.,142176
subject-0335-record-04,subject-0335,Synthetic User 0335,user0335@example.test,+91-90000-0335,Mohali,Synthetic profile 0335; record variant 4; seed 20260925.,865942
subject-0336-record-00,subject-0336,Synthetic User 0336,user0336@example.test,+91-90000-0336,Delhi,Synthetic profile 0336; record variant 0; seed 20260925.,137882
subject-0336-record-01,subject-0336,Synthetic User 0336,user0336@example.test,+91-90000-0336,Delhi,Synthetic profile 0336; record variant 1; seed 20260925.,311657
subject-0336-record-02,subject-0336,Synthetic User 0336,user0336@example.test,+91-90000-0336,Delhi,Synthetic profile 0336; record variant 2; seed 20260925.,609436
subject-0336-record-03,subject-0336,Synthetic User 0336,user0336@example.test,+91-90000-0336,Delhi,Synthetic profile 0336; record variant 3; seed 20260925.,326457
subject-0336-record-04,subject-0336,Synthetic User 0336,user0336@example.test,+91-90000-0336,Delhi,Synthetic profile 0336; record variant 4; seed 20260925.,822967
subject-0337-record-00,subject-0337,Synthetic User 0337,user0337@example.test,+91-90000-0337,Pune,Synthetic profile 0337; record variant 0; seed 20260925.,711551
subject-0337-record-01,subject-0337,Synthetic User 0337,user0337@example.test,+91-90000-0337,Pune,Synthetic profile 0337; record variant 1; seed 20260925.,761825
subject-0337-record-02,subject-0337,Synthetic User 0337,user0337@example.test,+91-90000-0337,Pune,Synthetic profile 0337; record variant 2; seed 20260925.,744641
subject-0337-record-03,subject-0337,Synthetic User 0337,user0337@example.test,+91-90000-0337,Pune,Synthetic profile 0337; record variant 3; seed 20260925.,689603
subject-0337-record-04,subject-0337,Synthetic User 0337,user0337@example.test,+91-90000-0337,Pune,Synthetic profile 0337; record variant 4; seed 20260925.,922444
subject-0338-record-00,subject-0338,Synthetic User 0338,user0338@example.test,+91-90000-0338,Bengaluru,Synthetic profile 0338; record variant 0; seed 20260925.,845147
subject-0338-record-01,subject-0338,Synthetic User 0338,user0338@example.test,+91-90000-0338,Bengaluru,Synthetic profile 0338; record variant 1; seed 20260925.,245329
subject-0338-record-02,subject-0338,Synthetic User 0338,user0338@example.test,+91-90000-0338,Bengaluru,Synthetic profile 0338; record variant 2; seed 20260925.,688693
subject-0338-record-03,subject-0338,Synthetic User 0338,user0338@example.test,+91-90000-0338,Bengaluru,Synthetic profile 0338; record variant 3; seed 20260925.,736938
subject-0338-record-04,subject-0338,Synthetic User 0338,user0338@example.test,+91-90000-0338,Bengaluru,Synthetic profile 0338; record variant 4; seed 20260925.,412973
subject-0339-record-00,subject-0339,Synthetic User 0339,user0339@example.test,+91-90000-0339,Jaipur,Synthetic profile 0339; record variant 0; seed 20260925.,549099
subject-0339-record-01,subject-0339,Synthetic User 0339,user0339@example.test,+91-90000-0339,Jaipur,Synthetic profile 0339; record variant 1; seed 20260925.,929806
subject-0339-record-02,subject-0339,Synthetic User 0339,user0339@example.test,+91-90000-0339,Jaipur,Synthetic profile 0339; record variant 2; seed 20260925.,488355
subject-0339-record-03,subject-0339,Synthetic User 0339,user0339@example.test,+91-90000-0339,Jaipur,Synthetic profile 0339; record variant 3; seed 20260925.,768968
subject-0339-record-04,subject-0339,Synthetic User 0339,user0339@example.test,+91-90000-0339,Jaipur,Synthetic profile 0339; record variant 4; seed 20260925.,681193
subject-0340-record-00,subject-0340,Synthetic User 0340,user0340@example.test,+91-90000-0340,Mohali,Synthetic profile 0340; record variant 0; seed 20260925.,786911
subject-0340-record-01,subject-0340,Synthetic User 0340,user0340@example.test,+91-90000-0340,Mohali,Synthetic profile 0340; record variant 1; seed 20260925.,846607
subject-0340-record-02,subject-0340,Synthetic User 0340,user0340@example.test,+91-90000-0340,Mohali,Synthetic profile 0340; record variant 2; seed 20260925.,525894
subject-0340-record-03,subject-0340,Synthetic User 0340,user0340@example.test,+91-90000-0340,Mohali,Synthetic profile 0340; record variant 3; seed 20260925.,912827
subject-0340-record-04,subject-0340,Synthetic User 0340,user0340@example.test,+91-90000-0340,Mohali,Synthetic profile 0340; record variant 4; seed 20260925.,642980
subject-0341-record-00,subject-0341,Synthetic User 0341,user0341@example.test,+91-90000-0341,Delhi,Synthetic profile 0341; record variant 0; seed 20260925.,297033
subject-0341-record-01,subject-0341,Synthetic User 0341,user0341@example.test,+91-90000-0341,Delhi,Synthetic profile 0341; record variant 1; seed 20260925.,987996
subject-0341-record-02,subject-0341,Synthetic User 0341,user0341@example.test,+91-90000-0341,Delhi,Synthetic profile 0341; record variant 2; seed 20260925.,938437
subject-0341-record-03,subject-0341,Synthetic User 0341,user0341@example.test,+91-90000-0341,Delhi,Synthetic profile 0341; record variant 3; seed 20260925.,122735
subject-0341-record-04,subject-0341,Synthetic User 0341,user0341@example.test,+91-90000-0341,Delhi,Synthetic profile 0341; record variant 4; seed 20260925.,394583
subject-0342-record-00,subject-0342,Synthetic User 0342,user0342@example.test,+91-90000-0342,Pune,Synthetic profile 0342; record variant 0; seed 20260925.,591814
subject-0342-record-01,subject-0342,Synthetic User 0342,user0342@example.test,+91-90000-0342,Pune,Synthetic profile 0342; record variant 1; seed 20260925.,622258
subject-0342-record-02,subject-0342,Synthetic User 0342,user0342@example.test,+91-90000-0342,Pune,Synthetic profile 0342; record variant 2; seed 20260925.,323818
subject-0342-record-03,subject-0342,Synthetic User 0342,user0342@example.test,+91-90000-0342,Pune,Synthetic profile 0342; record variant 3; seed 20260925.,270097
subject-0342-record-04,subject-0342,Synthetic User 0342,user0342@example.test,+91-90000-0342,Pune,Synthetic profile 0342; record variant 4; seed 20260925.,521196
subject-0343-record-00,subject-0343,Synthetic User 0343,user0343@example.test,+91-90000-0343,Bengaluru,Synthetic profile 0343; record variant 0; seed 20260925.,778560
subject-0343-record-01,subject-0343,Synthetic User 0343,user0343@example.test,+91-90000-0343,Bengaluru,Synthetic profile 0343; record variant 1; seed 20260925.,332048
subject-0343-record-02,subject-0343,Synthetic User 0343,user0343@example.test,+91-90000-0343,Bengaluru,Synthetic profile 0343; record variant 2; seed 20260925.,597551
subject-0343-record-03,subject-0343,Synthetic User 0343,user0343@example.test,+91-90000-0343,Bengaluru,Synthetic profile 0343; record variant 3; seed 20260925.,869135
subject-0343-record-04,subject-0343,Synthetic User 0343,user0343@example.test,+91-90000-0343,Bengaluru,Synthetic profile 0343; record variant 4; seed 20260925.,330964
subject-0344-record-00,subject-0344,Synthetic User 0344,user0344@example.test,+91-90000-0344,Jaipur,Synthetic profile 0344; record variant 0; seed 20260925.,432701
subject-0344-record-01,subject-0344,Synthetic User 0344,user0344@example.test,+91-90000-0344,Jaipur,Synthetic profile 0344; record variant 1; seed 20260925.,658748
subject-0344-record-02,subject-0344,Synthetic User 0344,user0344@example.test,+91-90000-0344,Jaipur,Synthetic profile 0344; record variant 2; seed 20260925.,460841
subject-0344-record-03,subject-0344,Synthetic User 0344,user0344@example.test,+91-90000-0344,Jaipur,Synthetic profile 0344; record variant 3; seed 20260925.,175091
subject-0344-record-04,subject-0344,Synthetic User 0344,user0344@example.test,+91-90000-0344,Jaipur,Synthetic profile 0344; record variant 4; seed 20260925.,928535
subject-0345-record-00,subject-0345,Synthetic User 0345,user0345@example.test,+91-90000-0345,Mohali,Synthetic profile 0345; record variant 0; seed 20260925.,631756
subject-0345-record-01,subject-0345,Synthetic User 0345,user0345@example.test,+91-90000-0345,Mohali,Synthetic profile 0345; record variant 1; seed 20260925.,955245
subject-0345-record-02,subject-0345,Synthetic User 0345,user0345@example.test,+91-90000-0345,Mohali,Synthetic profile 0345; record variant 2; seed 20260925.,256929
subject-0345-record-03,subject-0345,Synthetic User 0345,user0345@example.test,+91-90000-0345,Mohali,Synthetic profile 0345; record variant 3; seed 20260925.,886343
subject-0345-record-04,subject-0345,Synthetic User 0345,user0345@example.test,+91-90000-0345,Mohali,Synthetic profile 0345; record variant 4; seed 20260925.,753404
subject-0346-record-00,subject-0346,Synthetic User 0346,user0346@example.test,+91-90000-0346,Delhi,Synthetic profile 0346; record variant 0; seed 20260925.,969004
subject-0346-record-01,subject-0346,Synthetic User 0346,user0346@example.test,+91-90000-0346,Delhi,Synthetic profile 0346; record variant 1; seed 20260925.,320459
subject-0346-record-02,subject-0346,Synthetic User 0346,user0346@example.test,+91-90000-0346,Delhi,Synthetic profile 0346; record variant 2; seed 20260925.,297850
subject-0346-record-03,subject-0346,Synthetic User 0346,user0346@example.test,+91-90000-0346,Delhi,Synthetic profile 0346; record variant 3; seed 20260925.,157028
subject-0346-record-04,subject-0346,Synthetic User 0346,user0346@example.test,+91-90000-0346,Delhi,Synthetic profile 0346; record variant 4; seed 20260925.,100821
subject-0347-record-00,subject-0347,Synthetic User 0347,user0347@example.test,+91-90000-0347,Pune,Synthetic profile 0347; record variant 0; seed 20260925.,257922
subject-0347-record-01,subject-0347,Synthetic User 0347,user0347@example.test,+91-90000-0347,Pune,Synthetic profile 0347; record variant 1; seed 20260925.,480152
subject-0347-record-02,subject-0347,Synthetic User 0347,user0347@example.test,+91-90000-0347,Pune,Synthetic profile 0347; record variant 2; seed 20260925.,494437
subject-0347-record-03,subject-0347,Synthetic User 0347,user0347@example.test,+91-90000-0347,Pune,Synthetic profile 0347; record variant 3; seed 20260925.,610894
subject-0347-record-04,subject-0347,Synthetic User 0347,user0347@example.test,+91-90000-0347,Pune,Synthetic profile 0347; record variant 4; seed 20260925.,434895
subject-0348-record-00,subject-0348,Synthetic User 0348,user0348@example.test,+91-90000-0348,Bengaluru,Synthetic profile 0348; record variant 0; seed 20260925.,646065
subject-0348-record-01,subject-0348,Synthetic User 0348,user0348@example.test,+91-90000-0348,Bengaluru,Synthetic profile 0348; record variant 1; seed 20260925.,534211
subject-0348-record-02,subject-0348,Synthetic User 0348,user0348@example.test,+91-90000-0348,Bengaluru,Synthetic profile 0348; record variant 2; seed 20260925.,211223
subject-0348-record-03,subject-0348,Synthetic User 0348,user0348@example.test,+91-90000-0348,Bengaluru,Synthetic profile 0348; record variant 3; seed 20260925.,710623
subject-0348-record-04,subject-0348,Synthetic User 0348,user0348@example.test,+91-90000-0348,Bengaluru,Synthetic profile 0348; record variant 4; seed 20260925.,660863
subject-0349-record-00,subject-0349,Synthetic User 0349,user0349@example.test,+91-90000-0349,Jaipur,Synthetic profile 0349; record variant 0; seed 20260925.,564194
subject-0349-record-01,subject-0349,Synthetic User 0349,user0349@example.test,+91-90000-0349,Jaipur,Synthetic profile 0349; record variant 1; seed 20260925.,398322
subject-0349-record-02,subject-0349,Synthetic User 0349,user0349@example.test,+91-90000-0349,Jaipur,Synthetic profile 0349; record variant 2; seed 20260925.,235952
subject-0349-record-03,subject-0349,Synthetic User 0349,user0349@example.test,+91-90000-0349,Jaipur,Synthetic profile 0349; record variant 3; seed 20260925.,141922
subject-0349-record-04,subject-0349,Synthetic User 0349,user0349@example.test,+91-90000-0349,Jaipur,Synthetic profile 0349; record variant 4; seed 20260925.,748417
subject-0350-record-00,subject-0350,Synthetic User 0350,user0350@example.test,+91-90000-0350,Mohali,Synthetic profile 0350; record variant 0; seed 20260925.,294832
subject-0350-record-01,subject-0350,Synthetic User 0350,user0350@example.test,+91-90000-0350,Mohali,Synthetic profile 0350; record variant 1; seed 20260925.,751227
subject-0350-record-02,subject-0350,Synthetic User 0350,user0350@example.test,+91-90000-0350,Mohali,Synthetic profile 0350; record variant 2; seed 20260925.,922920
subject-0350-record-03,subject-0350,Synthetic User 0350,user0350@example.test,+91-90000-0350,Mohali,Synthetic profile 0350; record variant 3; seed 20260925.,889510
subject-0350-record-04,subject-0350,Synthetic User 0350,user0350@example.test,+91-90000-0350,Mohali,Synthetic profile 0350; record variant 4; seed 20260925.,570310
subject-0351-record-00,subject-0351,Synthetic User 0351,user0351@example.test,+91-90000-0351,Delhi,Synthetic profile 0351; record variant 0; seed 20260925.,508792
subject-0351-record-01,subject-0351,Synthetic User 0351,user0351@example.test,+91-90000-0351,Delhi,Synthetic profile 0351; record variant 1; seed 20260925.,671049
subject-0351-record-02,subject-0351,Synthetic User 0351,user0351@example.test,+91-90000-0351,Delhi,Synthetic profile 0351; record variant 2; seed 20260925.,771969
subject-0351-record-03,subject-0351,Synthetic User 0351,user0351@example.test,+91-90000-0351,Delhi,Synthetic profile 0351; record variant 3; seed 20260925.,578877
subject-0351-record-04,subject-0351,Synthetic User 0351,user0351@example.test,+91-90000-0351,Delhi,Synthetic profile 0351; record variant 4; seed 20260925.,517772
subject-0352-record-00,subject-0352,Synthetic User 0352,user0352@example.test,+91-90000-0352,Pune,Synthetic profile 0352; record variant 0; seed 20260925.,581967
subject-0352-record-01,subject-0352,Synthetic User 0352,user0352@example.test,+91-90000-0352,Pune,Synthetic profile 0352; record variant 1; seed 20260925.,977765
subject-0352-record-02,subject-0352,Synthetic User 0352,user0352@example.test,+91-90000-0352,Pune,Synthetic profile 0352; record variant 2; seed 20260925.,368219
subject-0352-record-03,subject-0352,Synthetic User 0352,user0352@example.test,+91-90000-0352,Pune,Synthetic profile 0352; record variant 3; seed 20260925.,674904
subject-0352-record-04,subject-0352,Synthetic User 0352,user0352@example.test,+91-90000-0352,Pune,Synthetic profile 0352; record variant 4; seed 20260925.,553313
subject-0353-record-00,subject-0353,Synthetic User 0353,user0353@example.test,+91-90000-0353,Bengaluru,Synthetic profile 0353; record variant 0; seed 20260925.,488567
subject-0353-record-01,subject-0353,Synthetic User 0353,user0353@example.test,+91-90000-0353,Bengaluru,Synthetic profile 0353; record variant 1; seed 20260925.,518248
subject-0353-record-02,subject-0353,Synthetic User 0353,user0353@example.test,+91-90000-0353,Bengaluru,Synthetic profile 0353; record variant 2; seed 20260925.,405264
subject-0353-record-03,subject-0353,Synthetic User 0353,user0353@example.test,+91-90000-0353,Bengaluru,Synthetic profile 0353; record variant 3; seed 20260925.,244890
subject-0353-record-04,subject-0353,Synthetic User 0353,user0353@example.test,+91-90000-0353,Bengaluru,Synthetic profile 0353; record variant 4; seed 20260925.,495688
subject-0354-record-00,subject-0354,Synthetic User 0354,user0354@example.test,+91-90000-0354,Jaipur,Synthetic profile 0354; record variant 0; seed 20260925.,533741
subject-0354-record-01,subject-0354,Synthetic User 0354,user0354@example.test,+91-90000-0354,Jaipur,Synthetic profile 0354; record variant 1; seed 20260925.,151049
subject-0354-record-02,subject-0354,Synthetic User 0354,user0354@example.test,+91-90000-0354,Jaipur,Synthetic profile 0354; record variant 2; seed 20260925.,678356
subject-0354-record-03,subject-0354,Synthetic User 0354,user0354@example.test,+91-90000-0354,Jaipur,Synthetic profile 0354; record variant 3; seed 20260925.,112631
subject-0354-record-04,subject-0354,Synthetic User 0354,user0354@example.test,+91-90000-0354,Jaipur,Synthetic profile 0354; record variant 4; seed 20260925.,357454
subject-0355-record-00,subject-0355,Synthetic User 0355,user0355@example.test,+91-90000-0355,Mohali,Synthetic profile 0355; record variant 0; seed 20260925.,797370
subject-0355-record-01,subject-0355,Synthetic User 0355,user0355@example.test,+91-90000-0355,Mohali,Synthetic profile 0355; record variant 1; seed 20260925.,265590
subject-0355-record-02,subject-0355,Synthetic User 0355,user0355@example.test,+91-90000-0355,Mohali,Synthetic profile 0355; record variant 2; seed 20260925.,393812
subject-0355-record-03,subject-0355,Synthetic User 0355,user0355@example.test,+91-90000-0355,Mohali,Synthetic profile 0355; record variant 3; seed 20260925.,280645
subject-0355-record-04,subject-0355,Synthetic User 0355,user0355@example.test,+91-90000-0355,Mohali,Synthetic profile 0355; record variant 4; seed 20260925.,176727
subject-0356-record-00,subject-0356,Synthetic User 0356,user0356@example.test,+91-90000-0356,Delhi,Synthetic profile 0356; record variant 0; seed 20260925.,292851
subject-0356-record-01,subject-0356,Synthetic User 0356,user0356@example.test,+91-90000-0356,Delhi,Synthetic profile 0356; record variant 1; seed 20260925.,349906
subject-0356-record-02,subject-0356,Synthetic User 0356,user0356@example.test,+91-90000-0356,Delhi,Synthetic profile 0356; record variant 2; seed 20260925.,846848
subject-0356-record-03,subject-0356,Synthetic User 0356,user0356@example.test,+91-90000-0356,Delhi,Synthetic profile 0356; record variant 3; seed 20260925.,186421
subject-0356-record-04,subject-0356,Synthetic User 0356,user0356@example.test,+91-90000-0356,Delhi,Synthetic profile 0356; record variant 4; seed 20260925.,908476
subject-0357-record-00,subject-0357,Synthetic User 0357,user0357@example.test,+91-90000-0357,Pune,Synthetic profile 0357; record variant 0; seed 20260925.,729179
subject-0357-record-01,subject-0357,Synthetic User 0357,user0357@example.test,+91-90000-0357,Pune,Synthetic profile 0357; record variant 1; seed 20260925.,957730
subject-0357-record-02,subject-0357,Synthetic User 0357,user0357@example.test,+91-90000-0357,Pune,Synthetic profile 0357; record variant 2; seed 20260925.,265063
subject-0357-record-03,subject-0357,Synthetic User 0357,user0357@example.test,+91-90000-0357,Pune,Synthetic profile 0357; record variant 3; seed 20260925.,185207
subject-0357-record-04,subject-0357,Synthetic User 0357,user0357@example.test,+91-90000-0357,Pune,Synthetic profile 0357; record variant 4; seed 20260925.,967573
subject-0358-record-00,subject-0358,Synthetic User 0358,user0358@example.test,+91-90000-0358,Bengaluru,Synthetic profile 0358; record variant 0; seed 20260925.,611163
subject-0358-record-01,subject-0358,Synthetic User 0358,user0358@example.test,+91-90000-0358,Bengaluru,Synthetic profile 0358; record variant 1; seed 20260925.,601505
subject-0358-record-02,subject-0358,Synthetic User 0358,user0358@example.test,+91-90000-0358,Bengaluru,Synthetic profile 0358; record variant 2; seed 20260925.,469872
subject-0358-record-03,subject-0358,Synthetic User 0358,user0358@example.test,+91-90000-0358,Bengaluru,Synthetic profile 0358; record variant 3; seed 20260925.,253977
subject-0358-record-04,subject-0358,Synthetic User 0358,user0358@example.test,+91-90000-0358,Bengaluru,Synthetic profile 0358; record variant 4; seed 20260925.,709776
subject-0359-record-00,subject-0359,Synthetic User 0359,user0359@example.test,+91-90000-0359,Jaipur,Synthetic profile 0359; record variant 0; seed 20260925.,681637
subject-0359-record-01,subject-0359,Synthetic User 0359,user0359@example.test,+91-90000-0359,Jaipur,Synthetic profile 0359; record variant 1; seed 20260925.,804281
subject-0359-record-02,subject-0359,Synthetic User 0359,user0359@example.test,+91-90000-0359,Jaipur,Synthetic profile 0359; record variant 2; seed 20260925.,930269
subject-0359-record-03,subject-0359,Synthetic User 0359,user0359@example.test,+91-90000-0359,Jaipur,Synthetic profile 0359; record variant 3; seed 20260925.,559791
subject-0359-record-04,subject-0359,Synthetic User 0359,user0359@example.test,+91-90000-0359,Jaipur,Synthetic profile 0359; record variant 4; seed 20260925.,161841
subject-0360-record-00,subject-0360,Synthetic User 0360,user0360@example.test,+91-90000-0360,Mohali,Synthetic profile 0360; record variant 0; seed 20260925.,980807
subject-0360-record-01,subject-0360,Synthetic User 0360,user0360@example.test,+91-90000-0360,Mohali,Synthetic profile 0360; record variant 1; seed 20260925.,325961
subject-0360-record-02,subject-0360,Synthetic User 0360,user0360@example.test,+91-90000-0360,Mohali,Synthetic profile 0360; record variant 2; seed 20260925.,629090
subject-0360-record-03,subject-0360,Synthetic User 0360,user0360@example.test,+91-90000-0360,Mohali,Synthetic profile 0360; record variant 3; seed 20260925.,490267
subject-0360-record-04,subject-0360,Synthetic User 0360,user0360@example.test,+91-90000-0360,Mohali,Synthetic profile 0360; record variant 4; seed 20260925.,754301
subject-0361-record-00,subject-0361,Synthetic User 0361,user0361@example.test,+91-90000-0361,Delhi,Synthetic profile 0361; record variant 0; seed 20260925.,875813
subject-0361-record-01,subject-0361,Synthetic User 0361,user0361@example.test,+91-90000-0361,Delhi,Synthetic profile 0361; record variant 1; seed 20260925.,778773
subject-0361-record-02,subject-0361,Synthetic User 0361,user0361@example.test,+91-90000-0361,Delhi,Synthetic profile 0361; record variant 2; seed 20260925.,816596
subject-0361-record-03,subject-0361,Synthetic User 0361,user0361@example.test,+91-90000-0361,Delhi,Synthetic profile 0361; record variant 3; seed 20260925.,760341
subject-0361-record-04,subject-0361,Synthetic User 0361,user0361@example.test,+91-90000-0361,Delhi,Synthetic profile 0361; record variant 4; seed 20260925.,478675
subject-0362-record-00,subject-0362,Synthetic User 0362,user0362@example.test,+91-90000-0362,Pune,Synthetic profile 0362; record variant 0; seed 20260925.,532975
subject-0362-record-01,subject-0362,Synthetic User 0362,user0362@example.test,+91-90000-0362,Pune,Synthetic profile 0362; record variant 1; seed 20260925.,952955
subject-0362-record-02,subject-0362,Synthetic User 0362,user0362@example.test,+91-90000-0362,Pune,Synthetic profile 0362; record variant 2; seed 20260925.,639953
subject-0362-record-03,subject-0362,Synthetic User 0362,user0362@example.test,+91-90000-0362,Pune,Synthetic profile 0362; record variant 3; seed 20260925.,663061
subject-0362-record-04,subject-0362,Synthetic User 0362,user0362@example.test,+91-90000-0362,Pune,Synthetic profile 0362; record variant 4; seed 20260925.,643946
subject-0363-record-00,subject-0363,Synthetic User 0363,user0363@example.test,+91-90000-0363,Bengaluru,Synthetic profile 0363; record variant 0; seed 20260925.,997599
subject-0363-record-01,subject-0363,Synthetic User 0363,user0363@example.test,+91-90000-0363,Bengaluru,Synthetic profile 0363; record variant 1; seed 20260925.,217977
subject-0363-record-02,subject-0363,Synthetic User 0363,user0363@example.test,+91-90000-0363,Bengaluru,Synthetic profile 0363; record variant 2; seed 20260925.,541758
subject-0363-record-03,subject-0363,Synthetic User 0363,user0363@example.test,+91-90000-0363,Bengaluru,Synthetic profile 0363; record variant 3; seed 20260925.,572488
subject-0363-record-04,subject-0363,Synthetic User 0363,user0363@example.test,+91-90000-0363,Bengaluru,Synthetic profile 0363; record variant 4; seed 20260925.,628161
subject-0364-record-00,subject-0364,Synthetic User 0364,user0364@example.test,+91-90000-0364,Jaipur,Synthetic profile 0364; record variant 0; seed 20260925.,539529
subject-0364-record-01,subject-0364,Synthetic User 0364,user0364@example.test,+91-90000-0364,Jaipur,Synthetic profile 0364; record variant 1; seed 20260925.,737392
subject-0364-record-02,subject-0364,Synthetic User 0364,user0364@example.test,+91-90000-0364,Jaipur,Synthetic profile 0364; record variant 2; seed 20260925.,850925
subject-0364-record-03,subject-0364,Synthetic User 0364,user0364@example.test,+91-90000-0364,Jaipur,Synthetic profile 0364; record variant 3; seed 20260925.,240162
subject-0364-record-04,subject-0364,Synthetic User 0364,user0364@example.test,+91-90000-0364,Jaipur,Synthetic profile 0364; record variant 4; seed 20260925.,460818
subject-0365-record-00,subject-0365,Synthetic User 0365,user0365@example.test,+91-90000-0365,Mohali,Synthetic profile 0365; record variant 0; seed 20260925.,314657
subject-0365-record-01,subject-0365,Synthetic User 0365,user0365@example.test,+91-90000-0365,Mohali,Synthetic profile 0365; record variant 1; seed 20260925.,262911
subject-0365-record-02,subject-0365,Synthetic User 0365,user0365@example.test,+91-90000-0365,Mohali,Synthetic profile 0365; record variant 2; seed 20260925.,810336
subject-0365-record-03,subject-0365,Synthetic User 0365,user0365@example.test,+91-90000-0365,Mohali,Synthetic profile 0365; record variant 3; seed 20260925.,691935
subject-0365-record-04,subject-0365,Synthetic User 0365,user0365@example.test,+91-90000-0365,Mohali,Synthetic profile 0365; record variant 4; seed 20260925.,260532
subject-0366-record-00,subject-0366,Synthetic User 0366,user0366@example.test,+91-90000-0366,Delhi,Synthetic profile 0366; record variant 0; seed 20260925.,538909
subject-0366-record-01,subject-0366,Synthetic User 0366,user0366@example.test,+91-90000-0366,Delhi,Synthetic profile 0366; record variant 1; seed 20260925.,707138
subject-0366-record-02,subject-0366,Synthetic User 0366,user0366@example.test,+91-90000-0366,Delhi,Synthetic profile 0366; record variant 2; seed 20260925.,449260
subject-0366-record-03,subject-0366,Synthetic User 0366,user0366@example.test,+91-90000-0366,Delhi,Synthetic profile 0366; record variant 3; seed 20260925.,102182
subject-0366-record-04,subject-0366,Synthetic User 0366,user0366@example.test,+91-90000-0366,Delhi,Synthetic profile 0366; record variant 4; seed 20260925.,275197
subject-0367-record-00,subject-0367,Synthetic User 0367,user0367@example.test,+91-90000-0367,Pune,Synthetic profile 0367; record variant 0; seed 20260925.,162014
subject-0367-record-01,subject-0367,Synthetic User 0367,user0367@example.test,+91-90000-0367,Pune,Synthetic profile 0367; record variant 1; seed 20260925.,162970
subject-0367-record-02,subject-0367,Synthetic User 0367,user0367@example.test,+91-90000-0367,Pune,Synthetic profile 0367; record variant 2; seed 20260925.,550971
subject-0367-record-03,subject-0367,Synthetic User 0367,user0367@example.test,+91-90000-0367,Pune,Synthetic profile 0367; record variant 3; seed 20260925.,141362
subject-0367-record-04,subject-0367,Synthetic User 0367,user0367@example.test,+91-90000-0367,Pune,Synthetic profile 0367; record variant 4; seed 20260925.,274438
subject-0368-record-00,subject-0368,Synthetic User 0368,user0368@example.test,+91-90000-0368,Bengaluru,Synthetic profile 0368; record variant 0; seed 20260925.,775463
subject-0368-record-01,subject-0368,Synthetic User 0368,user0368@example.test,+91-90000-0368,Bengaluru,Synthetic profile 0368; record variant 1; seed 20260925.,159213
subject-0368-record-02,subject-0368,Synthetic User 0368,user0368@example.test,+91-90000-0368,Bengaluru,Synthetic profile 0368; record variant 2; seed 20260925.,721091
subject-0368-record-03,subject-0368,Synthetic User 0368,user0368@example.test,+91-90000-0368,Bengaluru,Synthetic profile 0368; record variant 3; seed 20260925.,493289
subject-0368-record-04,subject-0368,Synthetic User 0368,user0368@example.test,+91-90000-0368,Bengaluru,Synthetic profile 0368; record variant 4; seed 20260925.,438382
subject-0369-record-00,subject-0369,Synthetic User 0369,user0369@example.test,+91-90000-0369,Jaipur,Synthetic profile 0369; record variant 0; seed 20260925.,211950
subject-0369-record-01,subject-0369,Synthetic User 0369,user0369@example.test,+91-90000-0369,Jaipur,Synthetic profile 0369; record variant 1; seed 20260925.,336500
subject-0369-record-02,subject-0369,Synthetic User 0369,user0369@example.test,+91-90000-0369,Jaipur,Synthetic profile 0369; record variant 2; seed 20260925.,584637
subject-0369-record-03,subject-0369,Synthetic User 0369,user0369@example.test,+91-90000-0369,Jaipur,Synthetic profile 0369; record variant 3; seed 20260925.,187317
subject-0369-record-04,subject-0369,Synthetic User 0369,user0369@example.test,+91-90000-0369,Jaipur,Synthetic profile 0369; record variant 4; seed 20260925.,794322
subject-0370-record-00,subject-0370,Synthetic User 0370,user0370@example.test,+91-90000-0370,Mohali,Synthetic profile 0370; record variant 0; seed 20260925.,348008
subject-0370-record-01,subject-0370,Synthetic User 0370,user0370@example.test,+91-90000-0370,Mohali,Synthetic profile 0370; record variant 1; seed 20260925.,362616
subject-0370-record-02,subject-0370,Synthetic User 0370,user0370@example.test,+91-90000-0370,Mohali,Synthetic profile 0370; record variant 2; seed 20260925.,152754
subject-0370-record-03,subject-0370,Synthetic User 0370,user0370@example.test,+91-90000-0370,Mohali,Synthetic profile 0370; record variant 3; seed 20260925.,156157
subject-0370-record-04,subject-0370,Synthetic User 0370,user0370@example.test,+91-90000-0370,Mohali,Synthetic profile 0370; record variant 4; seed 20260925.,411610
subject-0371-record-00,subject-0371,Synthetic User 0371,user0371@example.test,+91-90000-0371,Delhi,Synthetic profile 0371; record variant 0; seed 20260925.,374135
subject-0371-record-01,subject-0371,Synthetic User 0371,user0371@example.test,+91-90000-0371,Delhi,Synthetic profile 0371; record variant 1; seed 20260925.,388787
subject-0371-record-02,subject-0371,Synthetic User 0371,user0371@example.test,+91-90000-0371,Delhi,Synthetic profile 0371; record variant 2; seed 20260925.,272902
subject-0371-record-03,subject-0371,Synthetic User 0371,user0371@example.test,+91-90000-0371,Delhi,Synthetic profile 0371; record variant 3; seed 20260925.,549815
subject-0371-record-04,subject-0371,Synthetic User 0371,user0371@example.test,+91-90000-0371,Delhi,Synthetic profile 0371; record variant 4; seed 20260925.,364518
subject-0372-record-00,subject-0372,Synthetic User 0372,user0372@example.test,+91-90000-0372,Pune,Synthetic profile 0372; record variant 0; seed 20260925.,323500
subject-0372-record-01,subject-0372,Synthetic User 0372,user0372@example.test,+91-90000-0372,Pune,Synthetic profile 0372; record variant 1; seed 20260925.,598825
subject-0372-record-02,subject-0372,Synthetic User 0372,user0372@example.test,+91-90000-0372,Pune,Synthetic profile 0372; record variant 2; seed 20260925.,148922
subject-0372-record-03,subject-0372,Synthetic User 0372,user0372@example.test,+91-90000-0372,Pune,Synthetic profile 0372; record variant 3; seed 20260925.,139962
subject-0372-record-04,subject-0372,Synthetic User 0372,user0372@example.test,+91-90000-0372,Pune,Synthetic profile 0372; record variant 4; seed 20260925.,966327
subject-0373-record-00,subject-0373,Synthetic User 0373,user0373@example.test,+91-90000-0373,Bengaluru,Synthetic profile 0373; record variant 0; seed 20260925.,816974
subject-0373-record-01,subject-0373,Synthetic User 0373,user0373@example.test,+91-90000-0373,Bengaluru,Synthetic profile 0373; record variant 1; seed 20260925.,410873
subject-0373-record-02,subject-0373,Synthetic User 0373,user0373@example.test,+91-90000-0373,Bengaluru,Synthetic profile 0373; record variant 2; seed 20260925.,178719
subject-0373-record-03,subject-0373,Synthetic User 0373,user0373@example.test,+91-90000-0373,Bengaluru,Synthetic profile 0373; record variant 3; seed 20260925.,900143
subject-0373-record-04,subject-0373,Synthetic User 0373,user0373@example.test,+91-90000-0373,Bengaluru,Synthetic profile 0373; record variant 4; seed 20260925.,725327
subject-0374-record-00,subject-0374,Synthetic User 0374,user0374@example.test,+91-90000-0374,Jaipur,Synthetic profile 0374; record variant 0; seed 20260925.,478546
subject-0374-record-01,subject-0374,Synthetic User 0374,user0374@example.test,+91-90000-0374,Jaipur,Synthetic profile 0374; record variant 1; seed 20260925.,213705
subject-0374-record-02,subject-0374,Synthetic User 0374,user0374@example.test,+91-90000-0374,Jaipur,Synthetic profile 0374; record variant 2; seed 20260925.,733474
subject-0374-record-03,subject-0374,Synthetic User 0374,user0374@example.test,+91-90000-0374,Jaipur,Synthetic profile 0374; record variant 3; seed 20260925.,327133
subject-0374-record-04,subject-0374,Synthetic User 0374,user0374@example.test,+91-90000-0374,Jaipur,Synthetic profile 0374; record variant 4; seed 20260925.,927145
subject-0375-record-00,subject-0375,Synthetic User 0375,user0375@example.test,+91-90000-0375,Mohali,Synthetic profile 0375; record variant 0; seed 20260925.,279645
subject-0375-record-01,subject-0375,Synthetic User 0375,user0375@example.test,+91-90000-0375,Mohali,Synthetic profile 0375; record variant 1; seed 20260925.,371345
subject-0375-record-02,subject-0375,Synthetic User 0375,user0375@example.test,+91-90000-0375,Mohali,Synthetic profile 0375; record variant 2; seed 20260925.,190461
subject-0375-record-03,subject-0375,Synthetic User 0375,user0375@example.test,+91-90000-0375,Mohali,Synthetic profile 0375; record variant 3; seed 20260925.,622505
subject-0375-record-04,subject-0375,Synthetic User 0375,user0375@example.test,+91-90000-0375,Mohali,Synthetic profile 0375; record variant 4; seed 20260925.,528413
subject-0376-record-00,subject-0376,Synthetic User 0376,user0376@example.test,+91-90000-0376,Delhi,Synthetic profile 0376; record variant 0; seed 20260925.,150765
subject-0376-record-01,subject-0376,Synthetic User 0376,user0376@example.test,+91-90000-0376,Delhi,Synthetic profile 0376; record variant 1; seed 20260925.,752844
subject-0376-record-02,subject-0376,Synthetic User 0376,user0376@example.test,+91-90000-0376,Delhi,Synthetic profile 0376; record variant 2; seed 20260925.,660951
subject-0376-record-03,subject-0376,Synthetic User 0376,user0376@example.test,+91-90000-0376,Delhi,Synthetic profile 0376; record variant 3; seed 20260925.,794973
subject-0376-record-04,subject-0376,Synthetic User 0376,user0376@example.test,+91-90000-0376,Delhi,Synthetic profile 0376; record variant 4; seed 20260925.,671517
subject-0377-record-00,subject-0377,Synthetic User 0377,user0377@example.test,+91-90000-0377,Pune,Synthetic profile 0377; record variant 0; seed 20260925.,495589
subject-0377-record-01,subject-0377,Synthetic User 0377,user0377@example.test,+91-90000-0377,Pune,Synthetic profile 0377; record variant 1; seed 20260925.,602048
subject-0377-record-02,subject-0377,Synthetic User 0377,user0377@example.test,+91-90000-0377,Pune,Synthetic profile 0377; record variant 2; seed 20260925.,244110
subject-0377-record-03,subject-0377,Synthetic User 0377,user0377@example.test,+91-90000-0377,Pune,Synthetic profile 0377; record variant 3; seed 20260925.,251906
subject-0377-record-04,subject-0377,Synthetic User 0377,user0377@example.test,+91-90000-0377,Pune,Synthetic profile 0377; record variant 4; seed 20260925.,297784
subject-0378-record-00,subject-0378,Synthetic User 0378,user0378@example.test,+91-90000-0378,Bengaluru,Synthetic profile 0378; record variant 0; seed 20260925.,235474
subject-0378-record-01,subject-0378,Synthetic User 0378,user0378@example.test,+91-90000-0378,Bengaluru,Synthetic profile 0378; record variant 1; seed 20260925.,745866
subject-0378-record-02,subject-0378,Synthetic User 0378,user0378@example.test,+91-90000-0378,Bengaluru,Synthetic profile 0378; record variant 2; seed 20260925.,492270
subject-0378-record-03,subject-0378,Synthetic User 0378,user0378@example.test,+91-90000-0378,Bengaluru,Synthetic profile 0378; record variant 3; seed 20260925.,435135
subject-0378-record-04,subject-0378,Synthetic User 0378,user0378@example.test,+91-90000-0378,Bengaluru,Synthetic profile 0378; record variant 4; seed 20260925.,887707
subject-0379-record-00,subject-0379,Synthetic User 0379,user0379@example.test,+91-90000-0379,Jaipur,Synthetic profile 0379; record variant 0; seed 20260925.,146490
subject-0379-record-01,subject-0379,Synthetic User 0379,user0379@example.test,+91-90000-0379,Jaipur,Synthetic profile 0379; record variant 1; seed 20260925.,749287
subject-0379-record-02,subject-0379,Synthetic User 0379,user0379@example.test,+91-90000-0379,Jaipur,Synthetic profile 0379; record variant 2; seed 20260925.,641864
subject-0379-record-03,subject-0379,Synthetic User 0379,user0379@example.test,+91-90000-0379,Jaipur,Synthetic profile 0379; record variant 3; seed 20260925.,525035
subject-0379-record-04,subject-0379,Synthetic User 0379,user0379@example.test,+91-90000-0379,Jaipur,Synthetic profile 0379; record variant 4; seed 20260925.,603220
subject-0380-record-00,subject-0380,Synthetic User 0380,user0380@example.test,+91-90000-0380,Mohali,Synthetic profile 0380; record variant 0; seed 20260925.,618914
subject-0380-record-01,subject-0380,Synthetic User 0380,user0380@example.test,+91-90000-0380,Mohali,Synthetic profile 0380; record variant 1; seed 20260925.,450517
subject-0380-record-02,subject-0380,Synthetic User 0380,user0380@example.test,+91-90000-0380,Mohali,Synthetic profile 0380; record variant 2; seed 20260925.,445032
subject-0380-record-03,subject-0380,Synthetic User 0380,user0380@example.test,+91-90000-0380,Mohali,Synthetic profile 0380; record variant 3; seed 20260925.,140428
subject-0380-record-04,subject-0380,Synthetic User 0380,user0380@example.test,+91-90000-0380,Mohali,Synthetic profile 0380; record variant 4; seed 20260925.,827645
subject-0381-record-00,subject-0381,Synthetic User 0381,user0381@example.test,+91-90000-0381,Delhi,Synthetic profile 0381; record variant 0; seed 20260925.,857905
subject-0381-record-01,subject-0381,Synthetic User 0381,user0381@example.test,+91-90000-0381,Delhi,Synthetic profile 0381; record variant 1; seed 20260925.,632783
subject-0381-record-02,subject-0381,Synthetic User 0381,user0381@example.test,+91-90000-0381,Delhi,Synthetic profile 0381; record variant 2; seed 20260925.,993257
subject-0381-record-03,subject-0381,Synthetic User 0381,user0381@example.test,+91-90000-0381,Delhi,Synthetic profile 0381; record variant 3; seed 20260925.,843547
subject-0381-record-04,subject-0381,Synthetic User 0381,user0381@example.test,+91-90000-0381,Delhi,Synthetic profile 0381; record variant 4; seed 20260925.,361468
subject-0382-record-00,subject-0382,Synthetic User 0382,user0382@example.test,+91-90000-0382,Pune,Synthetic profile 0382; record variant 0; seed 20260925.,301549
subject-0382-record-01,subject-0382,Synthetic User 0382,user0382@example.test,+91-90000-0382,Pune,Synthetic profile 0382; record variant 1; seed 20260925.,686533
subject-0382-record-02,subject-0382,Synthetic User 0382,user0382@example.test,+91-90000-0382,Pune,Synthetic profile 0382; record variant 2; seed 20260925.,990710
subject-0382-record-03,subject-0382,Synthetic User 0382,user0382@example.test,+91-90000-0382,Pune,Synthetic profile 0382; record variant 3; seed 20260925.,616833
subject-0382-record-04,subject-0382,Synthetic User 0382,user0382@example.test,+91-90000-0382,Pune,Synthetic profile 0382; record variant 4; seed 20260925.,838580
subject-0383-record-00,subject-0383,Synthetic User 0383,user0383@example.test,+91-90000-0383,Bengaluru,Synthetic profile 0383; record variant 0; seed 20260925.,674336
subject-0383-record-01,subject-0383,Synthetic User 0383,user0383@example.test,+91-90000-0383,Bengaluru,Synthetic profile 0383; record variant 1; seed 20260925.,125846
subject-0383-record-02,subject-0383,Synthetic User 0383,user0383@example.test,+91-90000-0383,Bengaluru,Synthetic profile 0383; record variant 2; seed 20260925.,313774
subject-0383-record-03,subject-0383,Synthetic User 0383,user0383@example.test,+91-90000-0383,Bengaluru,Synthetic profile 0383; record variant 3; seed 20260925.,237194
subject-0383-record-04,subject-0383,Synthetic User 0383,user0383@example.test,+91-90000-0383,Bengaluru,Synthetic profile 0383; record variant 4; seed 20260925.,727672
subject-0384-record-00,subject-0384,Synthetic User 0384,user0384@example.test,+91-90000-0384,Jaipur,Synthetic profile 0384; record variant 0; seed 20260925.,658212
subject-0384-record-01,subject-0384,Synthetic User 0384,user0384@example.test,+91-90000-0384,Jaipur,Synthetic profile 0384; record variant 1; seed 20260925.,640375
subject-0384-record-02,subject-0384,Synthetic User 0384,user0384@example.test,+91-90000-0384,Jaipur,Synthetic profile 0384; record variant 2; seed 20260925.,569895
subject-0384-record-03,subject-0384,Synthetic User 0384,user0384@example.test,+91-90000-0384,Jaipur,Synthetic profile 0384; record variant 3; seed 20260925.,478471
subject-0384-record-04,subject-0384,Synthetic User 0384,user0384@example.test,+91-90000-0384,Jaipur,Synthetic profile 0384; record variant 4; seed 20260925.,244201
subject-0385-record-00,subject-0385,Synthetic User 0385,user0385@example.test,+91-90000-0385,Mohali,Synthetic profile 0385; record variant 0; seed 20260925.,504791
subject-0385-record-01,subject-0385,Synthetic User 0385,user0385@example.test,+91-90000-0385,Mohali,Synthetic profile 0385; record variant 1; seed 20260925.,299071
subject-0385-record-02,subject-0385,Synthetic User 0385,user0385@example.test,+91-90000-0385,Mohali,Synthetic profile 0385; record variant 2; seed 20260925.,362381
subject-0385-record-03,subject-0385,Synthetic User 0385,user0385@example.test,+91-90000-0385,Mohali,Synthetic profile 0385; record variant 3; seed 20260925.,969710
subject-0385-record-04,subject-0385,Synthetic User 0385,user0385@example.test,+91-90000-0385,Mohali,Synthetic profile 0385; record variant 4; seed 20260925.,462089
subject-0386-record-00,subject-0386,Synthetic User 0386,user0386@example.test,+91-90000-0386,Delhi,Synthetic profile 0386; record variant 0; seed 20260925.,279008
subject-0386-record-01,subject-0386,Synthetic User 0386,user0386@example.test,+91-90000-0386,Delhi,Synthetic profile 0386; record variant 1; seed 20260925.,164123
subject-0386-record-02,subject-0386,Synthetic User 0386,user0386@example.test,+91-90000-0386,Delhi,Synthetic profile 0386; record variant 2; seed 20260925.,409303
subject-0386-record-03,subject-0386,Synthetic User 0386,user0386@example.test,+91-90000-0386,Delhi,Synthetic profile 0386; record variant 3; seed 20260925.,562560
subject-0386-record-04,subject-0386,Synthetic User 0386,user0386@example.test,+91-90000-0386,Delhi,Synthetic profile 0386; record variant 4; seed 20260925.,651863
subject-0387-record-00,subject-0387,Synthetic User 0387,user0387@example.test,+91-90000-0387,Pune,Synthetic profile 0387; record variant 0; seed 20260925.,318492
subject-0387-record-01,subject-0387,Synthetic User 0387,user0387@example.test,+91-90000-0387,Pune,Synthetic profile 0387; record variant 1; seed 20260925.,564320
subject-0387-record-02,subject-0387,Synthetic User 0387,user0387@example.test,+91-90000-0387,Pune,Synthetic profile 0387; record variant 2; seed 20260925.,436960
subject-0387-record-03,subject-0387,Synthetic User 0387,user0387@example.test,+91-90000-0387,Pune,Synthetic profile 0387; record variant 3; seed 20260925.,106429
subject-0387-record-04,subject-0387,Synthetic User 0387,user0387@example.test,+91-90000-0387,Pune,Synthetic profile 0387; record variant 4; seed 20260925.,108776
subject-0388-record-00,subject-0388,Synthetic User 0388,user0388@example.test,+91-90000-0388,Bengaluru,Synthetic profile 0388; record variant 0; seed 20260925.,567917
subject-0388-record-01,subject-0388,Synthetic User 0388,user0388@example.test,+91-90000-0388,Bengaluru,Synthetic profile 0388; record variant 1; seed 20260925.,465814
subject-0388-record-02,subject-0388,Synthetic User 0388,user0388@example.test,+91-90000-0388,Bengaluru,Synthetic profile 0388; record variant 2; seed 20260925.,941331
subject-0388-record-03,subject-0388,Synthetic User 0388,user0388@example.test,+91-90000-0388,Bengaluru,Synthetic profile 0388; record variant 3; seed 20260925.,711752
subject-0388-record-04,subject-0388,Synthetic User 0388,user0388@example.test,+91-90000-0388,Bengaluru,Synthetic profile 0388; record variant 4; seed 20260925.,625084
subject-0389-record-00,subject-0389,Synthetic User 0389,user0389@example.test,+91-90000-0389,Jaipur,Synthetic profile 0389; record variant 0; seed 20260925.,178889
subject-0389-record-01,subject-0389,Synthetic User 0389,user0389@example.test,+91-90000-0389,Jaipur,Synthetic profile 0389; record variant 1; seed 20260925.,209063
subject-0389-record-02,subject-0389,Synthetic User 0389,user0389@example.test,+91-90000-0389,Jaipur,Synthetic profile 0389; record variant 2; seed 20260925.,558606
subject-0389-record-03,subject-0389,Synthetic User 0389,user0389@example.test,+91-90000-0389,Jaipur,Synthetic profile 0389; record variant 3; seed 20260925.,795348
subject-0389-record-04,subject-0389,Synthetic User 0389,user0389@example.test,+91-90000-0389,Jaipur,Synthetic profile 0389; record variant 4; seed 20260925.,862565
subject-0390-record-00,subject-0390,Synthetic User 0390,user0390@example.test,+91-90000-0390,Mohali,Synthetic profile 0390; record variant 0; seed 20260925.,361656
subject-0390-record-01,subject-0390,Synthetic User 0390,user0390@example.test,+91-90000-0390,Mohali,Synthetic profile 0390; record variant 1; seed 20260925.,248001
subject-0390-record-02,subject-0390,Synthetic User 0390,user0390@example.test,+91-90000-0390,Mohali,Synthetic profile 0390; record variant 2; seed 20260925.,389833
subject-0390-record-03,subject-0390,Synthetic User 0390,user0390@example.test,+91-90000-0390,Mohali,Synthetic profile 0390; record variant 3; seed 20260925.,799022
subject-0390-record-04,subject-0390,Synthetic User 0390,user0390@example.test,+91-90000-0390,Mohali,Synthetic profile 0390; record variant 4; seed 20260925.,126803
subject-0391-record-00,subject-0391,Synthetic User 0391,user0391@example.test,+91-90000-0391,Delhi,Synthetic profile 0391; record variant 0; seed 20260925.,266135
subject-0391-record-01,subject-0391,Synthetic User 0391,user0391@example.test,+91-90000-0391,Delhi,Synthetic profile 0391; record variant 1; seed 20260925.,456916
subject-0391-record-02,subject-0391,Synthetic User 0391,user0391@example.test,+91-90000-0391,Delhi,Synthetic profile 0391; record variant 2; seed 20260925.,906873
subject-0391-record-03,subject-0391,Synthetic User 0391,user0391@example.test,+91-90000-0391,Delhi,Synthetic profile 0391; record variant 3; seed 20260925.,804492
subject-0391-record-04,subject-0391,Synthetic User 0391,user0391@example.test,+91-90000-0391,Delhi,Synthetic profile 0391; record variant 4; seed 20260925.,523197
subject-0392-record-00,subject-0392,Synthetic User 0392,user0392@example.test,+91-90000-0392,Pune,Synthetic profile 0392; record variant 0; seed 20260925.,786265
subject-0392-record-01,subject-0392,Synthetic User 0392,user0392@example.test,+91-90000-0392,Pune,Synthetic profile 0392; record variant 1; seed 20260925.,545690
subject-0392-record-02,subject-0392,Synthetic User 0392,user0392@example.test,+91-90000-0392,Pune,Synthetic profile 0392; record variant 2; seed 20260925.,281091
subject-0392-record-03,subject-0392,Synthetic User 0392,user0392@example.test,+91-90000-0392,Pune,Synthetic profile 0392; record variant 3; seed 20260925.,702196
subject-0392-record-04,subject-0392,Synthetic User 0392,user0392@example.test,+91-90000-0392,Pune,Synthetic profile 0392; record variant 4; seed 20260925.,436006
subject-0393-record-00,subject-0393,Synthetic User 0393,user0393@example.test,+91-90000-0393,Bengaluru,Synthetic profile 0393; record variant 0; seed 20260925.,631857
subject-0393-record-01,subject-0393,Synthetic User 0393,user0393@example.test,+91-90000-0393,Bengaluru,Synthetic profile 0393; record variant 1; seed 20260925.,837615
subject-0393-record-02,subject-0393,Synthetic User 0393,user0393@example.test,+91-90000-0393,Bengaluru,Synthetic profile 0393; record variant 2; seed 20260925.,390750
subject-0393-record-03,subject-0393,Synthetic User 0393,user0393@example.test,+91-90000-0393,Bengaluru,Synthetic profile 0393; record variant 3; seed 20260925.,394827
subject-0393-record-04,subject-0393,Synthetic User 0393,user0393@example.test,+91-90000-0393,Bengaluru,Synthetic profile 0393; record variant 4; seed 20260925.,458338
subject-0394-record-00,subject-0394,Synthetic User 0394,user0394@example.test,+91-90000-0394,Jaipur,Synthetic profile 0394; record variant 0; seed 20260925.,295798
subject-0394-record-01,subject-0394,Synthetic User 0394,user0394@example.test,+91-90000-0394,Jaipur,Synthetic profile 0394; record variant 1; seed 20260925.,657464
subject-0394-record-02,subject-0394,Synthetic User 0394,user0394@example.test,+91-90000-0394,Jaipur,Synthetic profile 0394; record variant 2; seed 20260925.,553093
subject-0394-record-03,subject-0394,Synthetic User 0394,user0394@example.test,+91-90000-0394,Jaipur,Synthetic profile 0394; record variant 3; seed 20260925.,844027
subject-0394-record-04,subject-0394,Synthetic User 0394,user0394@example.test,+91-90000-0394,Jaipur,Synthetic profile 0394; record variant 4; seed 20260925.,358221
subject-0395-record-00,subject-0395,Synthetic User 0395,user0395@example.test,+91-90000-0395,Mohali,Synthetic profile 0395; record variant 0; seed 20260925.,154392
subject-0395-record-01,subject-0395,Synthetic User 0395,user0395@example.test,+91-90000-0395,Mohali,Synthetic profile 0395; record variant 1; seed 20260925.,260429
subject-0395-record-02,subject-0395,Synthetic User 0395,user0395@example.test,+91-90000-0395,Mohali,Synthetic profile 0395; record variant 2; seed 20260925.,240750
subject-0395-record-03,subject-0395,Synthetic User 0395,user0395@example.test,+91-90000-0395,Mohali,Synthetic profile 0395; record variant 3; seed 20260925.,327183
subject-0395-record-04,subject-0395,Synthetic User 0395,user0395@example.test,+91-90000-0395,Mohali,Synthetic profile 0395; record variant 4; seed 20260925.,525726
subject-0396-record-00,subject-0396,Synthetic User 0396,user0396@example.test,+91-90000-0396,Delhi,Synthetic profile 0396; record variant 0; seed 20260925.,889568
subject-0396-record-01,subject-0396,Synthetic User 0396,user0396@example.test,+91-90000-0396,Delhi,Synthetic profile 0396; record variant 1; seed 20260925.,856601
subject-0396-record-02,subject-0396,Synthetic User 0396,user0396@example.test,+91-90000-0396,Delhi,Synthetic profile 0396; record variant 2; seed 20260925.,448239
subject-0396-record-03,subject-0396,Synthetic User 0396,user0396@example.test,+91-90000-0396,Delhi,Synthetic profile 0396; record variant 3; seed 20260925.,489016
subject-0396-record-04,subject-0396,Synthetic User 0396,user0396@example.test,+91-90000-0396,Delhi,Synthetic profile 0396; record variant 4; seed 20260925.,718838
subject-0397-record-00,subject-0397,Synthetic User 0397,user0397@example.test,+91-90000-0397,Pune,Synthetic profile 0397; record variant 0; seed 20260925.,220778
subject-0397-record-01,subject-0397,Synthetic User 0397,user0397@example.test,+91-90000-0397,Pune,Synthetic profile 0397; record variant 1; seed 20260925.,206344
subject-0397-record-02,subject-0397,Synthetic User 0397,user0397@example.test,+91-90000-0397,Pune,Synthetic profile 0397; record variant 2; seed 20260925.,558929
subject-0397-record-03,subject-0397,Synthetic User 0397,user0397@example.test,+91-90000-0397,Pune,Synthetic profile 0397; record variant 3; seed 20260925.,373761
subject-0397-record-04,subject-0397,Synthetic User 0397,user0397@example.test,+91-90000-0397,Pune,Synthetic profile 0397; record variant 4; seed 20260925.,970850
subject-0398-record-00,subject-0398,Synthetic User 0398,user0398@example.test,+91-90000-0398,Bengaluru,Synthetic profile 0398; record variant 0; seed 20260925.,991183
subject-0398-record-01,subject-0398,Synthetic User 0398,user0398@example.test,+91-90000-0398,Bengaluru,Synthetic profile 0398; record variant 1; seed 20260925.,997687
subject-0398-record-02,subject-0398,Synthetic User 0398,user0398@example.test,+91-90000-0398,Bengaluru,Synthetic profile 0398; record variant 2; seed 20260925.,660233
subject-0398-record-03,subject-0398,Synthetic User 0398,user0398@example.test,+91-90000-0398,Bengaluru,Synthetic profile 0398; record variant 3; seed 20260925.,974654
subject-0398-record-04,subject-0398,Synthetic User 0398,user0398@example.test,+91-90000-0398,Bengaluru,Synthetic profile 0398; record variant 4; seed 20260925.,891903
subject-0399-record-00,subject-0399,Synthetic User 0399,user0399@example.test,+91-90000-0399,Jaipur,Synthetic profile 0399; record variant 0; seed 20260925.,142934
subject-0399-record-01,subject-0399,Synthetic User 0399,user0399@example.test,+91-90000-0399,Jaipur,Synthetic profile 0399; record variant 1; seed 20260925.,290265
subject-0399-record-02,subject-0399,Synthetic User 0399,user0399@example.test,+91-90000-0399,Jaipur,Synthetic profile 0399; record variant 2; seed 20260925.,511822
subject-0399-record-03,subject-0399,Synthetic User 0399,user0399@example.test,+91-90000-0399,Jaipur,Synthetic profile 0399; record variant 3; seed 20260925.,731410
subject-0399-record-04,subject-0399,Synthetic User 0399,user0399@example.test,+91-90000-0399,Jaipur,Synthetic profile 0399; record variant 4; seed 20260925.,557388
subject-0400-record-00,subject-0400,Synthetic User 0400,user0400@example.test,+91-90000-0400,Mohali,Synthetic profile 0400; record variant 0; seed 20260925.,748977
subject-0400-record-01,subject-0400,Synthetic User 0400,user0400@example.test,+91-90000-0400,Mohali,Synthetic profile 0400; record variant 1; seed 20260925.,644140
subject-0400-record-02,subject-0400,Synthetic User 0400,user0400@example.test,+91-90000-0400,Mohali,Synthetic profile 0400; record variant 2; seed 20260925.,936734
subject-0400-record-03,subject-0400,Synthetic User 0400,user0400@example.test,+91-90000-0400,Mohali,Synthetic profile 0400; record variant 3; seed 20260925.,102519
subject-0400-record-04,subject-0400,Synthetic User 0400,user0400@example.test,+91-90000-0400,Mohali,Synthetic profile 0400; record variant 4; seed 20260925.,707004
subject-0401-record-00,subject-0401,Synthetic User 0401,user0401@example.test,+91-90000-0401,Delhi,Synthetic profile 0401; record variant 0; seed 20260925.,102435
subject-0401-record-01,subject-0401,Synthetic User 0401,user0401@example.test,+91-90000-0401,Delhi,Synthetic profile 0401; record variant 1; seed 20260925.,130691
subject-0401-record-02,subject-0401,Synthetic User 0401,user0401@example.test,+91-90000-0401,Delhi,Synthetic profile 0401; record variant 2; seed 20260925.,921952
subject-0401-record-03,subject-0401,Synthetic User 0401,user0401@example.test,+91-90000-0401,Delhi,Synthetic profile 0401; record variant 3; seed 20260925.,478434
subject-0401-record-04,subject-0401,Synthetic User 0401,user0401@example.test,+91-90000-0401,Delhi,Synthetic profile 0401; record variant 4; seed 20260925.,129748
subject-0402-record-00,subject-0402,Synthetic User 0402,user0402@example.test,+91-90000-0402,Pune,Synthetic profile 0402; record variant 0; seed 20260925.,470302
subject-0402-record-01,subject-0402,Synthetic User 0402,user0402@example.test,+91-90000-0402,Pune,Synthetic profile 0402; record variant 1; seed 20260925.,393724
subject-0402-record-02,subject-0402,Synthetic User 0402,user0402@example.test,+91-90000-0402,Pune,Synthetic profile 0402; record variant 2; seed 20260925.,457419
subject-0402-record-03,subject-0402,Synthetic User 0402,user0402@example.test,+91-90000-0402,Pune,Synthetic profile 0402; record variant 3; seed 20260925.,521495
subject-0402-record-04,subject-0402,Synthetic User 0402,user0402@example.test,+91-90000-0402,Pune,Synthetic profile 0402; record variant 4; seed 20260925.,609208
subject-0403-record-00,subject-0403,Synthetic User 0403,user0403@example.test,+91-90000-0403,Bengaluru,Synthetic profile 0403; record variant 0; seed 20260925.,801349
subject-0403-record-01,subject-0403,Synthetic User 0403,user0403@example.test,+91-90000-0403,Bengaluru,Synthetic profile 0403; record variant 1; seed 20260925.,204130
subject-0403-record-02,subject-0403,Synthetic User 0403,user0403@example.test,+91-90000-0403,Bengaluru,Synthetic profile 0403; record variant 2; seed 20260925.,636247
subject-0403-record-03,subject-0403,Synthetic User 0403,user0403@example.test,+91-90000-0403,Bengaluru,Synthetic profile 0403; record variant 3; seed 20260925.,168064
subject-0403-record-04,subject-0403,Synthetic User 0403,user0403@example.test,+91-90000-0403,Bengaluru,Synthetic profile 0403; record variant 4; seed 20260925.,904059
subject-0404-record-00,subject-0404,Synthetic User 0404,user0404@example.test,+91-90000-0404,Jaipur,Synthetic profile 0404; record variant 0; seed 20260925.,793179
subject-0404-record-01,subject-0404,Synthetic User 0404,user0404@example.test,+91-90000-0404,Jaipur,Synthetic profile 0404; record variant 1; seed 20260925.,426140
subject-0404-record-02,subject-0404,Synthetic User 0404,user0404@example.test,+91-90000-0404,Jaipur,Synthetic profile 0404; record variant 2; seed 20260925.,970163
subject-0404-record-03,subject-0404,Synthetic User 0404,user0404@example.test,+91-90000-0404,Jaipur,Synthetic profile 0404; record variant 3; seed 20260925.,256875
subject-0404-record-04,subject-0404,Synthetic User 0404,user0404@example.test,+91-90000-0404,Jaipur,Synthetic profile 0404; record variant 4; seed 20260925.,115958
subject-0405-record-00,subject-0405,Synthetic User 0405,user0405@example.test,+91-90000-0405,Mohali,Synthetic profile 0405; record variant 0; seed 20260925.,509026
subject-0405-record-01,subject-0405,Synthetic User 0405,user0405@example.test,+91-90000-0405,Mohali,Synthetic profile 0405; record variant 1; seed 20260925.,771721
subject-0405-record-02,subject-0405,Synthetic User 0405,user0405@example.test,+91-90000-0405,Mohali,Synthetic profile 0405; record variant 2; seed 20260925.,330854
subject-0405-record-03,subject-0405,Synthetic User 0405,user0405@example.test,+91-90000-0405,Mohali,Synthetic profile 0405; record variant 3; seed 20260925.,435215
subject-0405-record-04,subject-0405,Synthetic User 0405,user0405@example.test,+91-90000-0405,Mohali,Synthetic profile 0405; record variant 4; seed 20260925.,565842
subject-0406-record-00,subject-0406,Synthetic User 0406,user0406@example.test,+91-90000-0406,Delhi,Synthetic profile 0406; record variant 0; seed 20260925.,580028
subject-0406-record-01,subject-0406,Synthetic User 0406,user0406@example.test,+91-90000-0406,Delhi,Synthetic profile 0406; record variant 1; seed 20260925.,130948
subject-0406-record-02,subject-0406,Synthetic User 0406,user0406@example.test,+91-90000-0406,Delhi,Synthetic profile 0406; record variant 2; seed 20260925.,946912
subject-0406-record-03,subject-0406,Synthetic User 0406,user0406@example.test,+91-90000-0406,Delhi,Synthetic profile 0406; record variant 3; seed 20260925.,385691
subject-0406-record-04,subject-0406,Synthetic User 0406,user0406@example.test,+91-90000-0406,Delhi,Synthetic profile 0406; record variant 4; seed 20260925.,564693
subject-0407-record-00,subject-0407,Synthetic User 0407,user0407@example.test,+91-90000-0407,Pune,Synthetic profile 0407; record variant 0; seed 20260925.,270409
subject-0407-record-01,subject-0407,Synthetic User 0407,user0407@example.test,+91-90000-0407,Pune,Synthetic profile 0407; record variant 1; seed 20260925.,491672
subject-0407-record-02,subject-0407,Synthetic User 0407,user0407@example.test,+91-90000-0407,Pune,Synthetic profile 0407; record variant 2; seed 20260925.,524303
subject-0407-record-03,subject-0407,Synthetic User 0407,user0407@example.test,+91-90000-0407,Pune,Synthetic profile 0407; record variant 3; seed 20260925.,801197
subject-0407-record-04,subject-0407,Synthetic User 0407,user0407@example.test,+91-90000-0407,Pune,Synthetic profile 0407; record variant 4; seed 20260925.,652215
subject-0408-record-00,subject-0408,Synthetic User 0408,user0408@example.test,+91-90000-0408,Bengaluru,Synthetic profile 0408; record variant 0; seed 20260925.,552186
subject-0408-record-01,subject-0408,Synthetic User 0408,user0408@example.test,+91-90000-0408,Bengaluru,Synthetic profile 0408; record variant 1; seed 20260925.,967087
subject-0408-record-02,subject-0408,Synthetic User 0408,user0408@example.test,+91-90000-0408,Bengaluru,Synthetic profile 0408; record variant 2; seed 20260925.,950682
subject-0408-record-03,subject-0408,Synthetic User 0408,user0408@example.test,+91-90000-0408,Bengaluru,Synthetic profile 0408; record variant 3; seed 20260925.,990295
subject-0408-record-04,subject-0408,Synthetic User 0408,user0408@example.test,+91-90000-0408,Bengaluru,Synthetic profile 0408; record variant 4; seed 20260925.,148663
subject-0409-record-00,subject-0409,Synthetic User 0409,user0409@example.test,+91-90000-0409,Jaipur,Synthetic profile 0409; record variant 0; seed 20260925.,607250
subject-0409-record-01,subject-0409,Synthetic User 0409,user0409@example.test,+91-90000-0409,Jaipur,Synthetic profile 0409; record variant 1; seed 20260925.,313566
subject-0409-record-02,subject-0409,Synthetic User 0409,user0409@example.test,+91-90000-0409,Jaipur,Synthetic profile 0409; record variant 2; seed 20260925.,669359
subject-0409-record-03,subject-0409,Synthetic User 0409,user0409@example.test,+91-90000-0409,Jaipur,Synthetic profile 0409; record variant 3; seed 20260925.,675530
subject-0409-record-04,subject-0409,Synthetic User 0409,user0409@example.test,+91-90000-0409,Jaipur,Synthetic profile 0409; record variant 4; seed 20260925.,633371
subject-0410-record-00,subject-0410,Synthetic User 0410,user0410@example.test,+91-90000-0410,Mohali,Synthetic profile 0410; record variant 0; seed 20260925.,192969
subject-0410-record-01,subject-0410,Synthetic User 0410,user0410@example.test,+91-90000-0410,Mohali,Synthetic profile 0410; record variant 1; seed 20260925.,623045
subject-0410-record-02,subject-0410,Synthetic User 0410,user0410@example.test,+91-90000-0410,Mohali,Synthetic profile 0410; record variant 2; seed 20260925.,926010
subject-0410-record-03,subject-0410,Synthetic User 0410,user0410@example.test,+91-90000-0410,Mohali,Synthetic profile 0410; record variant 3; seed 20260925.,703851
subject-0410-record-04,subject-0410,Synthetic User 0410,user0410@example.test,+91-90000-0410,Mohali,Synthetic profile 0410; record variant 4; seed 20260925.,551984
subject-0411-record-00,subject-0411,Synthetic User 0411,user0411@example.test,+91-90000-0411,Delhi,Synthetic profile 0411; record variant 0; seed 20260925.,824255
subject-0411-record-01,subject-0411,Synthetic User 0411,user0411@example.test,+91-90000-0411,Delhi,Synthetic profile 0411; record variant 1; seed 20260925.,286196
subject-0411-record-02,subject-0411,Synthetic User 0411,user0411@example.test,+91-90000-0411,Delhi,Synthetic profile 0411; record variant 2; seed 20260925.,827745
subject-0411-record-03,subject-0411,Synthetic User 0411,user0411@example.test,+91-90000-0411,Delhi,Synthetic profile 0411; record variant 3; seed 20260925.,914293
subject-0411-record-04,subject-0411,Synthetic User 0411,user0411@example.test,+91-90000-0411,Delhi,Synthetic profile 0411; record variant 4; seed 20260925.,532455
subject-0412-record-00,subject-0412,Synthetic User 0412,user0412@example.test,+91-90000-0412,Pune,Synthetic profile 0412; record variant 0; seed 20260925.,883704
subject-0412-record-01,subject-0412,Synthetic User 0412,user0412@example.test,+91-90000-0412,Pune,Synthetic profile 0412; record variant 1; seed 20260925.,921175
subject-0412-record-02,subject-0412,Synthetic User 0412,user0412@example.test,+91-90000-0412,Pune,Synthetic profile 0412; record variant 2; seed 20260925.,239500
subject-0412-record-03,subject-0412,Synthetic User 0412,user0412@example.test,+91-90000-0412,Pune,Synthetic profile 0412; record variant 3; seed 20260925.,669496
subject-0412-record-04,subject-0412,Synthetic User 0412,user0412@example.test,+91-90000-0412,Pune,Synthetic profile 0412; record variant 4; seed 20260925.,950101
subject-0413-record-00,subject-0413,Synthetic User 0413,user0413@example.test,+91-90000-0413,Bengaluru,Synthetic profile 0413; record variant 0; seed 20260925.,433255
subject-0413-record-01,subject-0413,Synthetic User 0413,user0413@example.test,+91-90000-0413,Bengaluru,Synthetic profile 0413; record variant 1; seed 20260925.,105141
subject-0413-record-02,subject-0413,Synthetic User 0413,user0413@example.test,+91-90000-0413,Bengaluru,Synthetic profile 0413; record variant 2; seed 20260925.,918535
subject-0413-record-03,subject-0413,Synthetic User 0413,user0413@example.test,+91-90000-0413,Bengaluru,Synthetic profile 0413; record variant 3; seed 20260925.,162538
subject-0413-record-04,subject-0413,Synthetic User 0413,user0413@example.test,+91-90000-0413,Bengaluru,Synthetic profile 0413; record variant 4; seed 20260925.,792223
subject-0414-record-00,subject-0414,Synthetic User 0414,user0414@example.test,+91-90000-0414,Jaipur,Synthetic profile 0414; record variant 0; seed 20260925.,743094
subject-0414-record-01,subject-0414,Synthetic User 0414,user0414@example.test,+91-90000-0414,Jaipur,Synthetic profile 0414; record variant 1; seed 20260925.,742947
subject-0414-record-02,subject-0414,Synthetic User 0414,user0414@example.test,+91-90000-0414,Jaipur,Synthetic profile 0414; record variant 2; seed 20260925.,818063
subject-0414-record-03,subject-0414,Synthetic User 0414,user0414@example.test,+91-90000-0414,Jaipur,Synthetic profile 0414; record variant 3; seed 20260925.,686626
subject-0414-record-04,subject-0414,Synthetic User 0414,user0414@example.test,+91-90000-0414,Jaipur,Synthetic profile 0414; record variant 4; seed 20260925.,792677
subject-0415-record-00,subject-0415,Synthetic User 0415,user0415@example.test,+91-90000-0415,Mohali,Synthetic profile 0415; record variant 0; seed 20260925.,114255
subject-0415-record-01,subject-0415,Synthetic User 0415,user0415@example.test,+91-90000-0415,Mohali,Synthetic profile 0415; record variant 1; seed 20260925.,915786
subject-0415-record-02,subject-0415,Synthetic User 0415,user0415@example.test,+91-90000-0415,Mohali,Synthetic profile 0415; record variant 2; seed 20260925.,517980
subject-0415-record-03,subject-0415,Synthetic User 0415,user0415@example.test,+91-90000-0415,Mohali,Synthetic profile 0415; record variant 3; seed 20260925.,337670
subject-0415-record-04,subject-0415,Synthetic User 0415,user0415@example.test,+91-90000-0415,Mohali,Synthetic profile 0415; record variant 4; seed 20260925.,443153
subject-0416-record-00,subject-0416,Synthetic User 0416,user0416@example.test,+91-90000-0416,Delhi,Synthetic profile 0416; record variant 0; seed 20260925.,348433
subject-0416-record-01,subject-0416,Synthetic User 0416,user0416@example.test,+91-90000-0416,Delhi,Synthetic profile 0416; record variant 1; seed 20260925.,613625
subject-0416-record-02,subject-0416,Synthetic User 0416,user0416@example.test,+91-90000-0416,Delhi,Synthetic profile 0416; record variant 2; seed 20260925.,126329
subject-0416-record-03,subject-0416,Synthetic User 0416,user0416@example.test,+91-90000-0416,Delhi,Synthetic profile 0416; record variant 3; seed 20260925.,173450
subject-0416-record-04,subject-0416,Synthetic User 0416,user0416@example.test,+91-90000-0416,Delhi,Synthetic profile 0416; record variant 4; seed 20260925.,350605
subject-0417-record-00,subject-0417,Synthetic User 0417,user0417@example.test,+91-90000-0417,Pune,Synthetic profile 0417; record variant 0; seed 20260925.,455322
subject-0417-record-01,subject-0417,Synthetic User 0417,user0417@example.test,+91-90000-0417,Pune,Synthetic profile 0417; record variant 1; seed 20260925.,640047
subject-0417-record-02,subject-0417,Synthetic User 0417,user0417@example.test,+91-90000-0417,Pune,Synthetic profile 0417; record variant 2; seed 20260925.,755501
subject-0417-record-03,subject-0417,Synthetic User 0417,user0417@example.test,+91-90000-0417,Pune,Synthetic profile 0417; record variant 3; seed 20260925.,811072
subject-0417-record-04,subject-0417,Synthetic User 0417,user0417@example.test,+91-90000-0417,Pune,Synthetic profile 0417; record variant 4; seed 20260925.,565829
subject-0418-record-00,subject-0418,Synthetic User 0418,user0418@example.test,+91-90000-0418,Bengaluru,Synthetic profile 0418; record variant 0; seed 20260925.,681914
subject-0418-record-01,subject-0418,Synthetic User 0418,user0418@example.test,+91-90000-0418,Bengaluru,Synthetic profile 0418; record variant 1; seed 20260925.,768461
subject-0418-record-02,subject-0418,Synthetic User 0418,user0418@example.test,+91-90000-0418,Bengaluru,Synthetic profile 0418; record variant 2; seed 20260925.,726014
subject-0418-record-03,subject-0418,Synthetic User 0418,user0418@example.test,+91-90000-0418,Bengaluru,Synthetic profile 0418; record variant 3; seed 20260925.,740005
subject-0418-record-04,subject-0418,Synthetic User 0418,user0418@example.test,+91-90000-0418,Bengaluru,Synthetic profile 0418; record variant 4; seed 20260925.,265409
subject-0419-record-00,subject-0419,Synthetic User 0419,user0419@example.test,+91-90000-0419,Jaipur,Synthetic profile 0419; record variant 0; seed 20260925.,956466
subject-0419-record-01,subject-0419,Synthetic User 0419,user0419@example.test,+91-90000-0419,Jaipur,Synthetic profile 0419; record variant 1; seed 20260925.,991531
subject-0419-record-02,subject-0419,Synthetic User 0419,user0419@example.test,+91-90000-0419,Jaipur,Synthetic profile 0419; record variant 2; seed 20260925.,983040
subject-0419-record-03,subject-0419,Synthetic User 0419,user0419@example.test,+91-90000-0419,Jaipur,Synthetic profile 0419; record variant 3; seed 20260925.,828972
subject-0419-record-04,subject-0419,Synthetic User 0419,user0419@example.test,+91-90000-0419,Jaipur,Synthetic profile 0419; record variant 4; seed 20260925.,250701
subject-0420-record-00,subject-0420,Synthetic User 0420,user0420@example.test,+91-90000-0420,Mohali,Synthetic profile 0420; record variant 0; seed 20260925.,535473
subject-0420-record-01,subject-0420,Synthetic User 0420,user0420@example.test,+91-90000-0420,Mohali,Synthetic profile 0420; record variant 1; seed 20260925.,832158
subject-0420-record-02,subject-0420,Synthetic User 0420,user0420@example.test,+91-90000-0420,Mohali,Synthetic profile 0420; record variant 2; seed 20260925.,127459
subject-0420-record-03,subject-0420,Synthetic User 0420,user0420@example.test,+91-90000-0420,Mohali,Synthetic profile 0420; record variant 3; seed 20260925.,494446
subject-0420-record-04,subject-0420,Synthetic User 0420,user0420@example.test,+91-90000-0420,Mohali,Synthetic profile 0420; record variant 4; seed 20260925.,469039
subject-0421-record-00,subject-0421,Synthetic User 0421,user0421@example.test,+91-90000-0421,Delhi,Synthetic profile 0421; record variant 0; seed 20260925.,251391
subject-0421-record-01,subject-0421,Synthetic User 0421,user0421@example.test,+91-90000-0421,Delhi,Synthetic profile 0421; record variant 1; seed 20260925.,168898
subject-0421-record-02,subject-0421,Synthetic User 0421,user0421@example.test,+91-90000-0421,Delhi,Synthetic profile 0421; record variant 2; seed 20260925.,237026
subject-0421-record-03,subject-0421,Synthetic User 0421,user0421@example.test,+91-90000-0421,Delhi,Synthetic profile 0421; record variant 3; seed 20260925.,357666
subject-0421-record-04,subject-0421,Synthetic User 0421,user0421@example.test,+91-90000-0421,Delhi,Synthetic profile 0421; record variant 4; seed 20260925.,807453
subject-0422-record-00,subject-0422,Synthetic User 0422,user0422@example.test,+91-90000-0422,Pune,Synthetic profile 0422; record variant 0; seed 20260925.,710961
subject-0422-record-01,subject-0422,Synthetic User 0422,user0422@example.test,+91-90000-0422,Pune,Synthetic profile 0422; record variant 1; seed 20260925.,211296
subject-0422-record-02,subject-0422,Synthetic User 0422,user0422@example.test,+91-90000-0422,Pune,Synthetic profile 0422; record variant 2; seed 20260925.,171003
subject-0422-record-03,subject-0422,Synthetic User 0422,user0422@example.test,+91-90000-0422,Pune,Synthetic profile 0422; record variant 3; seed 20260925.,577907
subject-0422-record-04,subject-0422,Synthetic User 0422,user0422@example.test,+91-90000-0422,Pune,Synthetic profile 0422; record variant 4; seed 20260925.,283311
subject-0423-record-00,subject-0423,Synthetic User 0423,user0423@example.test,+91-90000-0423,Bengaluru,Synthetic profile 0423; record variant 0; seed 20260925.,169889
subject-0423-record-01,subject-0423,Synthetic User 0423,user0423@example.test,+91-90000-0423,Bengaluru,Synthetic profile 0423; record variant 1; seed 20260925.,587437
subject-0423-record-02,subject-0423,Synthetic User 0423,user0423@example.test,+91-90000-0423,Bengaluru,Synthetic profile 0423; record variant 2; seed 20260925.,264117
subject-0423-record-03,subject-0423,Synthetic User 0423,user0423@example.test,+91-90000-0423,Bengaluru,Synthetic profile 0423; record variant 3; seed 20260925.,880109
subject-0423-record-04,subject-0423,Synthetic User 0423,user0423@example.test,+91-90000-0423,Bengaluru,Synthetic profile 0423; record variant 4; seed 20260925.,180608
subject-0424-record-00,subject-0424,Synthetic User 0424,user0424@example.test,+91-90000-0424,Jaipur,Synthetic profile 0424; record variant 0; seed 20260925.,980127
subject-0424-record-01,subject-0424,Synthetic User 0424,user0424@example.test,+91-90000-0424,Jaipur,Synthetic profile 0424; record variant 1; seed 20260925.,942290
subject-0424-record-02,subject-0424,Synthetic User 0424,user0424@example.test,+91-90000-0424,Jaipur,Synthetic profile 0424; record variant 2; seed 20260925.,700491
subject-0424-record-03,subject-0424,Synthetic User 0424,user0424@example.test,+91-90000-0424,Jaipur,Synthetic profile 0424; record variant 3; seed 20260925.,529248
subject-0424-record-04,subject-0424,Synthetic User 0424,user0424@example.test,+91-90000-0424,Jaipur,Synthetic profile 0424; record variant 4; seed 20260925.,292168
subject-0425-record-00,subject-0425,Synthetic User 0425,user0425@example.test,+91-90000-0425,Mohali,Synthetic profile 0425; record variant 0; seed 20260925.,587186
subject-0425-record-01,subject-0425,Synthetic User 0425,user0425@example.test,+91-90000-0425,Mohali,Synthetic profile 0425; record variant 1; seed 20260925.,517985
subject-0425-record-02,subject-0425,Synthetic User 0425,user0425@example.test,+91-90000-0425,Mohali,Synthetic profile 0425; record variant 2; seed 20260925.,103466
subject-0425-record-03,subject-0425,Synthetic User 0425,user0425@example.test,+91-90000-0425,Mohali,Synthetic profile 0425; record variant 3; seed 20260925.,426514
subject-0425-record-04,subject-0425,Synthetic User 0425,user0425@example.test,+91-90000-0425,Mohali,Synthetic profile 0425; record variant 4; seed 20260925.,129486
subject-0426-record-00,subject-0426,Synthetic User 0426,user0426@example.test,+91-90000-0426,Delhi,Synthetic profile 0426; record variant 0; seed 20260925.,495876
subject-0426-record-01,subject-0426,Synthetic User 0426,user0426@example.test,+91-90000-0426,Delhi,Synthetic profile 0426; record variant 1; seed 20260925.,282884
subject-0426-record-02,subject-0426,Synthetic User 0426,user0426@example.test,+91-90000-0426,Delhi,Synthetic profile 0426; record variant 2; seed 20260925.,295918
subject-0426-record-03,subject-0426,Synthetic User 0426,user0426@example.test,+91-90000-0426,Delhi,Synthetic profile 0426; record variant 3; seed 20260925.,964031
subject-0426-record-04,subject-0426,Synthetic User 0426,user0426@example.test,+91-90000-0426,Delhi,Synthetic profile 0426; record variant 4; seed 20260925.,283027
subject-0427-record-00,subject-0427,Synthetic User 0427,user0427@example.test,+91-90000-0427,Pune,Synthetic profile 0427; record variant 0; seed 20260925.,656269
subject-0427-record-01,subject-0427,Synthetic User 0427,user0427@example.test,+91-90000-0427,Pune,Synthetic profile 0427; record variant 1; seed 20260925.,499347
subject-0427-record-02,subject-0427,Synthetic User 0427,user0427@example.test,+91-90000-0427,Pune,Synthetic profile 0427; record variant 2; seed 20260925.,897083
subject-0427-record-03,subject-0427,Synthetic User 0427,user0427@example.test,+91-90000-0427,Pune,Synthetic profile 0427; record variant 3; seed 20260925.,907368
subject-0427-record-04,subject-0427,Synthetic User 0427,user0427@example.test,+91-90000-0427,Pune,Synthetic profile 0427; record variant 4; seed 20260925.,255699
subject-0428-record-00,subject-0428,Synthetic User 0428,user0428@example.test,+91-90000-0428,Bengaluru,Synthetic profile 0428; record variant 0; seed 20260925.,783213
subject-0428-record-01,subject-0428,Synthetic User 0428,user0428@example.test,+91-90000-0428,Bengaluru,Synthetic profile 0428; record variant 1; seed 20260925.,377722
subject-0428-record-02,subject-0428,Synthetic User 0428,user0428@example.test,+91-90000-0428,Bengaluru,Synthetic profile 0428; record variant 2; seed 20260925.,354239
subject-0428-record-03,subject-0428,Synthetic User 0428,user0428@example.test,+91-90000-0428,Bengaluru,Synthetic profile 0428; record variant 3; seed 20260925.,787605
subject-0428-record-04,subject-0428,Synthetic User 0428,user0428@example.test,+91-90000-0428,Bengaluru,Synthetic profile 0428; record variant 4; seed 20260925.,188967
subject-0429-record-00,subject-0429,Synthetic User 0429,user0429@example.test,+91-90000-0429,Jaipur,Synthetic profile 0429; record variant 0; seed 20260925.,237238
subject-0429-record-01,subject-0429,Synthetic User 0429,user0429@example.test,+91-90000-0429,Jaipur,Synthetic profile 0429; record variant 1; seed 20260925.,669973
subject-0429-record-02,subject-0429,Synthetic User 0429,user0429@example.test,+91-90000-0429,Jaipur,Synthetic profile 0429; record variant 2; seed 20260925.,727284
subject-0429-record-03,subject-0429,Synthetic User 0429,user0429@example.test,+91-90000-0429,Jaipur,Synthetic profile 0429; record variant 3; seed 20260925.,390772
subject-0429-record-04,subject-0429,Synthetic User 0429,user0429@example.test,+91-90000-0429,Jaipur,Synthetic profile 0429; record variant 4; seed 20260925.,110097
subject-0430-record-00,subject-0430,Synthetic User 0430,user0430@example.test,+91-90000-0430,Mohali,Synthetic profile 0430; record variant 0; seed 20260925.,841837
subject-0430-record-01,subject-0430,Synthetic User 0430,user0430@example.test,+91-90000-0430,Mohali,Synthetic profile 0430; record variant 1; seed 20260925.,581214
subject-0430-record-02,subject-0430,Synthetic User 0430,user0430@example.test,+91-90000-0430,Mohali,Synthetic profile 0430; record variant 2; seed 20260925.,112900
subject-0430-record-03,subject-0430,Synthetic User 0430,user0430@example.test,+91-90000-0430,Mohali,Synthetic profile 0430; record variant 3; seed 20260925.,531944
subject-0430-record-04,subject-0430,Synthetic User 0430,user0430@example.test,+91-90000-0430,Mohali,Synthetic profile 0430; record variant 4; seed 20260925.,799399
subject-0431-record-00,subject-0431,Synthetic User 0431,user0431@example.test,+91-90000-0431,Delhi,Synthetic profile 0431; record variant 0; seed 20260925.,584324
subject-0431-record-01,subject-0431,Synthetic User 0431,user0431@example.test,+91-90000-0431,Delhi,Synthetic profile 0431; record variant 1; seed 20260925.,357718
subject-0431-record-02,subject-0431,Synthetic User 0431,user0431@example.test,+91-90000-0431,Delhi,Synthetic profile 0431; record variant 2; seed 20260925.,754664
subject-0431-record-03,subject-0431,Synthetic User 0431,user0431@example.test,+91-90000-0431,Delhi,Synthetic profile 0431; record variant 3; seed 20260925.,893178
subject-0431-record-04,subject-0431,Synthetic User 0431,user0431@example.test,+91-90000-0431,Delhi,Synthetic profile 0431; record variant 4; seed 20260925.,948503
subject-0432-record-00,subject-0432,Synthetic User 0432,user0432@example.test,+91-90000-0432,Pune,Synthetic profile 0432; record variant 0; seed 20260925.,930858
subject-0432-record-01,subject-0432,Synthetic User 0432,user0432@example.test,+91-90000-0432,Pune,Synthetic profile 0432; record variant 1; seed 20260925.,929784
subject-0432-record-02,subject-0432,Synthetic User 0432,user0432@example.test,+91-90000-0432,Pune,Synthetic profile 0432; record variant 2; seed 20260925.,655360
subject-0432-record-03,subject-0432,Synthetic User 0432,user0432@example.test,+91-90000-0432,Pune,Synthetic profile 0432; record variant 3; seed 20260925.,169582
subject-0432-record-04,subject-0432,Synthetic User 0432,user0432@example.test,+91-90000-0432,Pune,Synthetic profile 0432; record variant 4; seed 20260925.,585402
subject-0433-record-00,subject-0433,Synthetic User 0433,user0433@example.test,+91-90000-0433,Bengaluru,Synthetic profile 0433; record variant 0; seed 20260925.,966753
subject-0433-record-01,subject-0433,Synthetic User 0433,user0433@example.test,+91-90000-0433,Bengaluru,Synthetic profile 0433; record variant 1; seed 20260925.,117488
subject-0433-record-02,subject-0433,Synthetic User 0433,user0433@example.test,+91-90000-0433,Bengaluru,Synthetic profile 0433; record variant 2; seed 20260925.,901738
subject-0433-record-03,subject-0433,Synthetic User 0433,user0433@example.test,+91-90000-0433,Bengaluru,Synthetic profile 0433; record variant 3; seed 20260925.,825518
subject-0433-record-04,subject-0433,Synthetic User 0433,user0433@example.test,+91-90000-0433,Bengaluru,Synthetic profile 0433; record variant 4; seed 20260925.,685506
subject-0434-record-00,subject-0434,Synthetic User 0434,user0434@example.test,+91-90000-0434,Jaipur,Synthetic profile 0434; record variant 0; seed 20260925.,610662
subject-0434-record-01,subject-0434,Synthetic User 0434,user0434@example.test,+91-90000-0434,Jaipur,Synthetic profile 0434; record variant 1; seed 20260925.,663585
subject-0434-record-02,subject-0434,Synthetic User 0434,user0434@example.test,+91-90000-0434,Jaipur,Synthetic profile 0434; record variant 2; seed 20260925.,295059
subject-0434-record-03,subject-0434,Synthetic User 0434,user0434@example.test,+91-90000-0434,Jaipur,Synthetic profile 0434; record variant 3; seed 20260925.,482247
subject-0434-record-04,subject-0434,Synthetic User 0434,user0434@example.test,+91-90000-0434,Jaipur,Synthetic profile 0434; record variant 4; seed 20260925.,945998
subject-0435-record-00,subject-0435,Synthetic User 0435,user0435@example.test,+91-90000-0435,Mohali,Synthetic profile 0435; record variant 0; seed 20260925.,526637
subject-0435-record-01,subject-0435,Synthetic User 0435,user0435@example.test,+91-90000-0435,Mohali,Synthetic profile 0435; record variant 1; seed 20260925.,575503
subject-0435-record-02,subject-0435,Synthetic User 0435,user0435@example.test,+91-90000-0435,Mohali,Synthetic profile 0435; record variant 2; seed 20260925.,580411
subject-0435-record-03,subject-0435,Synthetic User 0435,user0435@example.test,+91-90000-0435,Mohali,Synthetic profile 0435; record variant 3; seed 20260925.,989279
subject-0435-record-04,subject-0435,Synthetic User 0435,user0435@example.test,+91-90000-0435,Mohali,Synthetic profile 0435; record variant 4; seed 20260925.,654603
subject-0436-record-00,subject-0436,Synthetic User 0436,user0436@example.test,+91-90000-0436,Delhi,Synthetic profile 0436; record variant 0; seed 20260925.,892321
subject-0436-record-01,subject-0436,Synthetic User 0436,user0436@example.test,+91-90000-0436,Delhi,Synthetic profile 0436; record variant 1; seed 20260925.,283784
subject-0436-record-02,subject-0436,Synthetic User 0436,user0436@example.test,+91-90000-0436,Delhi,Synthetic profile 0436; record variant 2; seed 20260925.,584563
subject-0436-record-03,subject-0436,Synthetic User 0436,user0436@example.test,+91-90000-0436,Delhi,Synthetic profile 0436; record variant 3; seed 20260925.,926726
subject-0436-record-04,subject-0436,Synthetic User 0436,user0436@example.test,+91-90000-0436,Delhi,Synthetic profile 0436; record variant 4; seed 20260925.,456051
subject-0437-record-00,subject-0437,Synthetic User 0437,user0437@example.test,+91-90000-0437,Pune,Synthetic profile 0437; record variant 0; seed 20260925.,686352
subject-0437-record-01,subject-0437,Synthetic User 0437,user0437@example.test,+91-90000-0437,Pune,Synthetic profile 0437; record variant 1; seed 20260925.,140773
subject-0437-record-02,subject-0437,Synthetic User 0437,user0437@example.test,+91-90000-0437,Pune,Synthetic profile 0437; record variant 2; seed 20260925.,657592
subject-0437-record-03,subject-0437,Synthetic User 0437,user0437@example.test,+91-90000-0437,Pune,Synthetic profile 0437; record variant 3; seed 20260925.,626169
subject-0437-record-04,subject-0437,Synthetic User 0437,user0437@example.test,+91-90000-0437,Pune,Synthetic profile 0437; record variant 4; seed 20260925.,506466
subject-0438-record-00,subject-0438,Synthetic User 0438,user0438@example.test,+91-90000-0438,Bengaluru,Synthetic profile 0438; record variant 0; seed 20260925.,176069
subject-0438-record-01,subject-0438,Synthetic User 0438,user0438@example.test,+91-90000-0438,Bengaluru,Synthetic profile 0438; record variant 1; seed 20260925.,210798
subject-0438-record-02,subject-0438,Synthetic User 0438,user0438@example.test,+91-90000-0438,Bengaluru,Synthetic profile 0438; record variant 2; seed 20260925.,653348
subject-0438-record-03,subject-0438,Synthetic User 0438,user0438@example.test,+91-90000-0438,Bengaluru,Synthetic profile 0438; record variant 3; seed 20260925.,511243
subject-0438-record-04,subject-0438,Synthetic User 0438,user0438@example.test,+91-90000-0438,Bengaluru,Synthetic profile 0438; record variant 4; seed 20260925.,253167
subject-0439-record-00,subject-0439,Synthetic User 0439,user0439@example.test,+91-90000-0439,Jaipur,Synthetic profile 0439; record variant 0; seed 20260925.,808822
subject-0439-record-01,subject-0439,Synthetic User 0439,user0439@example.test,+91-90000-0439,Jaipur,Synthetic profile 0439; record variant 1; seed 20260925.,217512
subject-0439-record-02,subject-0439,Synthetic User 0439,user0439@example.test,+91-90000-0439,Jaipur,Synthetic profile 0439; record variant 2; seed 20260925.,297652
subject-0439-record-03,subject-0439,Synthetic User 0439,user0439@example.test,+91-90000-0439,Jaipur,Synthetic profile 0439; record variant 3; seed 20260925.,957048
subject-0439-record-04,subject-0439,Synthetic User 0439,user0439@example.test,+91-90000-0439,Jaipur,Synthetic profile 0439; record variant 4; seed 20260925.,252497
subject-0440-record-00,subject-0440,Synthetic User 0440,user0440@example.test,+91-90000-0440,Mohali,Synthetic profile 0440; record variant 0; seed 20260925.,332593
subject-0440-record-01,subject-0440,Synthetic User 0440,user0440@example.test,+91-90000-0440,Mohali,Synthetic profile 0440; record variant 1; seed 20260925.,976320
subject-0440-record-02,subject-0440,Synthetic User 0440,user0440@example.test,+91-90000-0440,Mohali,Synthetic profile 0440; record variant 2; seed 20260925.,585377
subject-0440-record-03,subject-0440,Synthetic User 0440,user0440@example.test,+91-90000-0440,Mohali,Synthetic profile 0440; record variant 3; seed 20260925.,354959
subject-0440-record-04,subject-0440,Synthetic User 0440,user0440@example.test,+91-90000-0440,Mohali,Synthetic profile 0440; record variant 4; seed 20260925.,881484
subject-0441-record-00,subject-0441,Synthetic User 0441,user0441@example.test,+91-90000-0441,Delhi,Synthetic profile 0441; record variant 0; seed 20260925.,117209
subject-0441-record-01,subject-0441,Synthetic User 0441,user0441@example.test,+91-90000-0441,Delhi,Synthetic profile 0441; record variant 1; seed 20260925.,950464
subject-0441-record-02,subject-0441,Synthetic User 0441,user0441@example.test,+91-90000-0441,Delhi,Synthetic profile 0441; record variant 2; seed 20260925.,173452
subject-0441-record-03,subject-0441,Synthetic User 0441,user0441@example.test,+91-90000-0441,Delhi,Synthetic profile 0441; record variant 3; seed 20260925.,576795
subject-0441-record-04,subject-0441,Synthetic User 0441,user0441@example.test,+91-90000-0441,Delhi,Synthetic profile 0441; record variant 4; seed 20260925.,874731
subject-0442-record-00,subject-0442,Synthetic User 0442,user0442@example.test,+91-90000-0442,Pune,Synthetic profile 0442; record variant 0; seed 20260925.,770678
subject-0442-record-01,subject-0442,Synthetic User 0442,user0442@example.test,+91-90000-0442,Pune,Synthetic profile 0442; record variant 1; seed 20260925.,507543
subject-0442-record-02,subject-0442,Synthetic User 0442,user0442@example.test,+91-90000-0442,Pune,Synthetic profile 0442; record variant 2; seed 20260925.,287215
subject-0442-record-03,subject-0442,Synthetic User 0442,user0442@example.test,+91-90000-0442,Pune,Synthetic profile 0442; record variant 3; seed 20260925.,166352
subject-0442-record-04,subject-0442,Synthetic User 0442,user0442@example.test,+91-90000-0442,Pune,Synthetic profile 0442; record variant 4; seed 20260925.,447383
subject-0443-record-00,subject-0443,Synthetic User 0443,user0443@example.test,+91-90000-0443,Bengaluru,Synthetic profile 0443; record variant 0; seed 20260925.,332943
subject-0443-record-01,subject-0443,Synthetic User 0443,user0443@example.test,+91-90000-0443,Bengaluru,Synthetic profile 0443; record variant 1; seed 20260925.,551798
subject-0443-record-02,subject-0443,Synthetic User 0443,user0443@example.test,+91-90000-0443,Bengaluru,Synthetic profile 0443; record variant 2; seed 20260925.,728996
subject-0443-record-03,subject-0443,Synthetic User 0443,user0443@example.test,+91-90000-0443,Bengaluru,Synthetic profile 0443; record variant 3; seed 20260925.,621311
subject-0443-record-04,subject-0443,Synthetic User 0443,user0443@example.test,+91-90000-0443,Bengaluru,Synthetic profile 0443; record variant 4; seed 20260925.,179814
subject-0444-record-00,subject-0444,Synthetic User 0444,user0444@example.test,+91-90000-0444,Jaipur,Synthetic profile 0444; record variant 0; seed 20260925.,115872
subject-0444-record-01,subject-0444,Synthetic User 0444,user0444@example.test,+91-90000-0444,Jaipur,Synthetic profile 0444; record variant 1; seed 20260925.,861873
subject-0444-record-02,subject-0444,Synthetic User 0444,user0444@example.test,+91-90000-0444,Jaipur,Synthetic profile 0444; record variant 2; seed 20260925.,357127
subject-0444-record-03,subject-0444,Synthetic User 0444,user0444@example.test,+91-90000-0444,Jaipur,Synthetic profile 0444; record variant 3; seed 20260925.,164438
subject-0444-record-04,subject-0444,Synthetic User 0444,user0444@example.test,+91-90000-0444,Jaipur,Synthetic profile 0444; record variant 4; seed 20260925.,567789
subject-0445-record-00,subject-0445,Synthetic User 0445,user0445@example.test,+91-90000-0445,Mohali,Synthetic profile 0445; record variant 0; seed 20260925.,551720
subject-0445-record-01,subject-0445,Synthetic User 0445,user0445@example.test,+91-90000-0445,Mohali,Synthetic profile 0445; record variant 1; seed 20260925.,925291
subject-0445-record-02,subject-0445,Synthetic User 0445,user0445@example.test,+91-90000-0445,Mohali,Synthetic profile 0445; record variant 2; seed 20260925.,261394
subject-0445-record-03,subject-0445,Synthetic User 0445,user0445@example.test,+91-90000-0445,Mohali,Synthetic profile 0445; record variant 3; seed 20260925.,140233
subject-0445-record-04,subject-0445,Synthetic User 0445,user0445@example.test,+91-90000-0445,Mohali,Synthetic profile 0445; record variant 4; seed 20260925.,210936
subject-0446-record-00,subject-0446,Synthetic User 0446,user0446@example.test,+91-90000-0446,Delhi,Synthetic profile 0446; record variant 0; seed 20260925.,821443
subject-0446-record-01,subject-0446,Synthetic User 0446,user0446@example.test,+91-90000-0446,Delhi,Synthetic profile 0446; record variant 1; seed 20260925.,558488
subject-0446-record-02,subject-0446,Synthetic User 0446,user0446@example.test,+91-90000-0446,Delhi,Synthetic profile 0446; record variant 2; seed 20260925.,721585
subject-0446-record-03,subject-0446,Synthetic User 0446,user0446@example.test,+91-90000-0446,Delhi,Synthetic profile 0446; record variant 3; seed 20260925.,725677
subject-0446-record-04,subject-0446,Synthetic User 0446,user0446@example.test,+91-90000-0446,Delhi,Synthetic profile 0446; record variant 4; seed 20260925.,369452
subject-0447-record-00,subject-0447,Synthetic User 0447,user0447@example.test,+91-90000-0447,Pune,Synthetic profile 0447; record variant 0; seed 20260925.,578237
subject-0447-record-01,subject-0447,Synthetic User 0447,user0447@example.test,+91-90000-0447,Pune,Synthetic profile 0447; record variant 1; seed 20260925.,961626
subject-0447-record-02,subject-0447,Synthetic User 0447,user0447@example.test,+91-90000-0447,Pune,Synthetic profile 0447; record variant 2; seed 20260925.,628152
subject-0447-record-03,subject-0447,Synthetic User 0447,user0447@example.test,+91-90000-0447,Pune,Synthetic profile 0447; record variant 3; seed 20260925.,230714
subject-0447-record-04,subject-0447,Synthetic User 0447,user0447@example.test,+91-90000-0447,Pune,Synthetic profile 0447; record variant 4; seed 20260925.,767513
subject-0448-record-00,subject-0448,Synthetic User 0448,user0448@example.test,+91-90000-0448,Bengaluru,Synthetic profile 0448; record variant 0; seed 20260925.,701914
subject-0448-record-01,subject-0448,Synthetic User 0448,user0448@example.test,+91-90000-0448,Bengaluru,Synthetic profile 0448; record variant 1; seed 20260925.,338174
subject-0448-record-02,subject-0448,Synthetic User 0448,user0448@example.test,+91-90000-0448,Bengaluru,Synthetic profile 0448; record variant 2; seed 20260925.,659221
subject-0448-record-03,subject-0448,Synthetic User 0448,user0448@example.test,+91-90000-0448,Bengaluru,Synthetic profile 0448; record variant 3; seed 20260925.,369123
subject-0448-record-04,subject-0448,Synthetic User 0448,user0448@example.test,+91-90000-0448,Bengaluru,Synthetic profile 0448; record variant 4; seed 20260925.,901949
subject-0449-record-00,subject-0449,Synthetic User 0449,user0449@example.test,+91-90000-0449,Jaipur,Synthetic profile 0449; record variant 0; seed 20260925.,495220
subject-0449-record-01,subject-0449,Synthetic User 0449,user0449@example.test,+91-90000-0449,Jaipur,Synthetic profile 0449; record variant 1; seed 20260925.,886675
subject-0449-record-02,subject-0449,Synthetic User 0449,user0449@example.test,+91-90000-0449,Jaipur,Synthetic profile 0449; record variant 2; seed 20260925.,980740
subject-0449-record-03,subject-0449,Synthetic User 0449,user0449@example.test,+91-90000-0449,Jaipur,Synthetic profile 0449; record variant 3; seed 20260925.,926103
subject-0449-record-04,subject-0449,Synthetic User 0449,user0449@example.test,+91-90000-0449,Jaipur,Synthetic profile 0449; record variant 4; seed 20260925.,374916
subject-0450-record-00,subject-0450,Synthetic User 0450,user0450@example.test,+91-90000-0450,Mohali,Synthetic profile 0450; record variant 0; seed 20260925.,907470
subject-0450-record-01,subject-0450,Synthetic User 0450,user0450@example.test,+91-90000-0450,Mohali,Synthetic profile 0450; record variant 1; seed 20260925.,507390
subject-0450-record-02,subject-0450,Synthetic User 0450,user0450@example.test,+91-90000-0450,Mohali,Synthetic profile 0450; record variant 2; seed 20260925.,309653
subject-0450-record-03,subject-0450,Synthetic User 0450,user0450@example.test,+91-90000-0450,Mohali,Synthetic profile 0450; record variant 3; seed 20260925.,852077
subject-0450-record-04,subject-0450,Synthetic User 0450,user0450@example.test,+91-90000-0450,Mohali,Synthetic profile 0450; record variant 4; seed 20260925.,434086
subject-0451-record-00,subject-0451,Synthetic User 0451,user0451@example.test,+91-90000-0451,Delhi,Synthetic profile 0451; record variant 0; seed 20260925.,241457
subject-0451-record-01,subject-0451,Synthetic User 0451,user0451@example.test,+91-90000-0451,Delhi,Synthetic profile 0451; record variant 1; seed 20260925.,320242
subject-0451-record-02,subject-0451,Synthetic User 0451,user0451@example.test,+91-90000-0451,Delhi,Synthetic profile 0451; record variant 2; seed 20260925.,987084
subject-0451-record-03,subject-0451,Synthetic User 0451,user0451@example.test,+91-90000-0451,Delhi,Synthetic profile 0451; record variant 3; seed 20260925.,842912
subject-0451-record-04,subject-0451,Synthetic User 0451,user0451@example.test,+91-90000-0451,Delhi,Synthetic profile 0451; record variant 4; seed 20260925.,172771
subject-0452-record-00,subject-0452,Synthetic User 0452,user0452@example.test,+91-90000-0452,Pune,Synthetic profile 0452; record variant 0; seed 20260925.,335999
subject-0452-record-01,subject-0452,Synthetic User 0452,user0452@example.test,+91-90000-0452,Pune,Synthetic profile 0452; record variant 1; seed 20260925.,670298
subject-0452-record-02,subject-0452,Synthetic User 0452,user0452@example.test,+91-90000-0452,Pune,Synthetic profile 0452; record variant 2; seed 20260925.,384273
subject-0452-record-03,subject-0452,Synthetic User 0452,user0452@example.test,+91-90000-0452,Pune,Synthetic profile 0452; record variant 3; seed 20260925.,478630
subject-0452-record-04,subject-0452,Synthetic User 0452,user0452@example.test,+91-90000-0452,Pune,Synthetic profile 0452; record variant 4; seed 20260925.,196110
subject-0453-record-00,subject-0453,Synthetic User 0453,user0453@example.test,+91-90000-0453,Bengaluru,Synthetic profile 0453; record variant 0; seed 20260925.,730540
subject-0453-record-01,subject-0453,Synthetic User 0453,user0453@example.test,+91-90000-0453,Bengaluru,Synthetic profile 0453; record variant 1; seed 20260925.,467315
subject-0453-record-02,subject-0453,Synthetic User 0453,user0453@example.test,+91-90000-0453,Bengaluru,Synthetic profile 0453; record variant 2; seed 20260925.,196986
subject-0453-record-03,subject-0453,Synthetic User 0453,user0453@example.test,+91-90000-0453,Bengaluru,Synthetic profile 0453; record variant 3; seed 20260925.,186165
subject-0453-record-04,subject-0453,Synthetic User 0453,user0453@example.test,+91-90000-0453,Bengaluru,Synthetic profile 0453; record variant 4; seed 20260925.,481849
subject-0454-record-00,subject-0454,Synthetic User 0454,user0454@example.test,+91-90000-0454,Jaipur,Synthetic profile 0454; record variant 0; seed 20260925.,362816
subject-0454-record-01,subject-0454,Synthetic User 0454,user0454@example.test,+91-90000-0454,Jaipur,Synthetic profile 0454; record variant 1; seed 20260925.,246695
subject-0454-record-02,subject-0454,Synthetic User 0454,user0454@example.test,+91-90000-0454,Jaipur,Synthetic profile 0454; record variant 2; seed 20260925.,627080
subject-0454-record-03,subject-0454,Synthetic User 0454,user0454@example.test,+91-90000-0454,Jaipur,Synthetic profile 0454; record variant 3; seed 20260925.,721311
subject-0454-record-04,subject-0454,Synthetic User 0454,user0454@example.test,+91-90000-0454,Jaipur,Synthetic profile 0454; record variant 4; seed 20260925.,614902
subject-0455-record-00,subject-0455,Synthetic User 0455,user0455@example.test,+91-90000-0455,Mohali,Synthetic profile 0455; record variant 0; seed 20260925.,424015
subject-0455-record-01,subject-0455,Synthetic User 0455,user0455@example.test,+91-90000-0455,Mohali,Synthetic profile 0455; record variant 1; seed 20260925.,974447
subject-0455-record-02,subject-0455,Synthetic User 0455,user0455@example.test,+91-90000-0455,Mohali,Synthetic profile 0455; record variant 2; seed 20260925.,158530
subject-0455-record-03,subject-0455,Synthetic User 0455,user0455@example.test,+91-90000-0455,Mohali,Synthetic profile 0455; record variant 3; seed 20260925.,401037
subject-0455-record-04,subject-0455,Synthetic User 0455,user0455@example.test,+91-90000-0455,Mohali,Synthetic profile 0455; record variant 4; seed 20260925.,568718
subject-0456-record-00,subject-0456,Synthetic User 0456,user0456@example.test,+91-90000-0456,Delhi,Synthetic profile 0456; record variant 0; seed 20260925.,101401
subject-0456-record-01,subject-0456,Synthetic User 0456,user0456@example.test,+91-90000-0456,Delhi,Synthetic profile 0456; record variant 1; seed 20260925.,181894
subject-0456-record-02,subject-0456,Synthetic User 0456,user0456@example.test,+91-90000-0456,Delhi,Synthetic profile 0456; record variant 2; seed 20260925.,400739
subject-0456-record-03,subject-0456,Synthetic User 0456,user0456@example.test,+91-90000-0456,Delhi,Synthetic profile 0456; record variant 3; seed 20260925.,846558
subject-0456-record-04,subject-0456,Synthetic User 0456,user0456@example.test,+91-90000-0456,Delhi,Synthetic profile 0456; record variant 4; seed 20260925.,337310
subject-0457-record-00,subject-0457,Synthetic User 0457,user0457@example.test,+91-90000-0457,Pune,Synthetic profile 0457; record variant 0; seed 20260925.,970984
subject-0457-record-01,subject-0457,Synthetic User 0457,user0457@example.test,+91-90000-0457,Pune,Synthetic profile 0457; record variant 1; seed 20260925.,715621
subject-0457-record-02,subject-0457,Synthetic User 0457,user0457@example.test,+91-90000-0457,Pune,Synthetic profile 0457; record variant 2; seed 20260925.,871680
subject-0457-record-03,subject-0457,Synthetic User 0457,user0457@example.test,+91-90000-0457,Pune,Synthetic profile 0457; record variant 3; seed 20260925.,463581
subject-0457-record-04,subject-0457,Synthetic User 0457,user0457@example.test,+91-90000-0457,Pune,Synthetic profile 0457; record variant 4; seed 20260925.,760715
subject-0458-record-00,subject-0458,Synthetic User 0458,user0458@example.test,+91-90000-0458,Bengaluru,Synthetic profile 0458; record variant 0; seed 20260925.,424118
subject-0458-record-01,subject-0458,Synthetic User 0458,user0458@example.test,+91-90000-0458,Bengaluru,Synthetic profile 0458; record variant 1; seed 20260925.,473507
subject-0458-record-02,subject-0458,Synthetic User 0458,user0458@example.test,+91-90000-0458,Bengaluru,Synthetic profile 0458; record variant 2; seed 20260925.,641996
subject-0458-record-03,subject-0458,Synthetic User 0458,user0458@example.test,+91-90000-0458,Bengaluru,Synthetic profile 0458; record variant 3; seed 20260925.,930942
subject-0458-record-04,subject-0458,Synthetic User 0458,user0458@example.test,+91-90000-0458,Bengaluru,Synthetic profile 0458; record variant 4; seed 20260925.,580933
subject-0459-record-00,subject-0459,Synthetic User 0459,user0459@example.test,+91-90000-0459,Jaipur,Synthetic profile 0459; record variant 0; seed 20260925.,406098
subject-0459-record-01,subject-0459,Synthetic User 0459,user0459@example.test,+91-90000-0459,Jaipur,Synthetic profile 0459; record variant 1; seed 20260925.,309061
subject-0459-record-02,subject-0459,Synthetic User 0459,user0459@example.test,+91-90000-0459,Jaipur,Synthetic profile 0459; record variant 2; seed 20260925.,656162
subject-0459-record-03,subject-0459,Synthetic User 0459,user0459@example.test,+91-90000-0459,Jaipur,Synthetic profile 0459; record variant 3; seed 20260925.,872788
subject-0459-record-04,subject-0459,Synthetic User 0459,user0459@example.test,+91-90000-0459,Jaipur,Synthetic profile 0459; record variant 4; seed 20260925.,983783
subject-0460-record-00,subject-0460,Synthetic User 0460,user0460@example.test,+91-90000-0460,Mohali,Synthetic profile 0460; record variant 0; seed 20260925.,333651
subject-0460-record-01,subject-0460,Synthetic User 0460,user0460@example.test,+91-90000-0460,Mohali,Synthetic profile 0460; record variant 1; seed 20260925.,233342
subject-0460-record-02,subject-0460,Synthetic User 0460,user0460@example.test,+91-90000-0460,Mohali,Synthetic profile 0460; record variant 2; seed 20260925.,447947
subject-0460-record-03,subject-0460,Synthetic User 0460,user0460@example.test,+91-90000-0460,Mohali,Synthetic profile 0460; record variant 3; seed 20260925.,494524
subject-0460-record-04,subject-0460,Synthetic User 0460,user0460@example.test,+91-90000-0460,Mohali,Synthetic profile 0460; record variant 4; seed 20260925.,246593
subject-0461-record-00,subject-0461,Synthetic User 0461,user0461@example.test,+91-90000-0461,Delhi,Synthetic profile 0461; record variant 0; seed 20260925.,657458
subject-0461-record-01,subject-0461,Synthetic User 0461,user0461@example.test,+91-90000-0461,Delhi,Synthetic profile 0461; record variant 1; seed 20260925.,341118
subject-0461-record-02,subject-0461,Synthetic User 0461,user0461@example.test,+91-90000-0461,Delhi,Synthetic profile 0461; record variant 2; seed 20260925.,806473
subject-0461-record-03,subject-0461,Synthetic User 0461,user0461@example.test,+91-90000-0461,Delhi,Synthetic profile 0461; record variant 3; seed 20260925.,263622
subject-0461-record-04,subject-0461,Synthetic User 0461,user0461@example.test,+91-90000-0461,Delhi,Synthetic profile 0461; record variant 4; seed 20260925.,941469
subject-0462-record-00,subject-0462,Synthetic User 0462,user0462@example.test,+91-90000-0462,Pune,Synthetic profile 0462; record variant 0; seed 20260925.,686913
subject-0462-record-01,subject-0462,Synthetic User 0462,user0462@example.test,+91-90000-0462,Pune,Synthetic profile 0462; record variant 1; seed 20260925.,436809
subject-0462-record-02,subject-0462,Synthetic User 0462,user0462@example.test,+91-90000-0462,Pune,Synthetic profile 0462; record variant 2; seed 20260925.,792305
subject-0462-record-03,subject-0462,Synthetic User 0462,user0462@example.test,+91-90000-0462,Pune,Synthetic profile 0462; record variant 3; seed 20260925.,901726
subject-0462-record-04,subject-0462,Synthetic User 0462,user0462@example.test,+91-90000-0462,Pune,Synthetic profile 0462; record variant 4; seed 20260925.,420117
subject-0463-record-00,subject-0463,Synthetic User 0463,user0463@example.test,+91-90000-0463,Bengaluru,Synthetic profile 0463; record variant 0; seed 20260925.,326293
subject-0463-record-01,subject-0463,Synthetic User 0463,user0463@example.test,+91-90000-0463,Bengaluru,Synthetic profile 0463; record variant 1; seed 20260925.,802240
subject-0463-record-02,subject-0463,Synthetic User 0463,user0463@example.test,+91-90000-0463,Bengaluru,Synthetic profile 0463; record variant 2; seed 20260925.,294493
subject-0463-record-03,subject-0463,Synthetic User 0463,user0463@example.test,+91-90000-0463,Bengaluru,Synthetic profile 0463; record variant 3; seed 20260925.,907853
subject-0463-record-04,subject-0463,Synthetic User 0463,user0463@example.test,+91-90000-0463,Bengaluru,Synthetic profile 0463; record variant 4; seed 20260925.,739308
subject-0464-record-00,subject-0464,Synthetic User 0464,user0464@example.test,+91-90000-0464,Jaipur,Synthetic profile 0464; record variant 0; seed 20260925.,450656
subject-0464-record-01,subject-0464,Synthetic User 0464,user0464@example.test,+91-90000-0464,Jaipur,Synthetic profile 0464; record variant 1; seed 20260925.,882700
subject-0464-record-02,subject-0464,Synthetic User 0464,user0464@example.test,+91-90000-0464,Jaipur,Synthetic profile 0464; record variant 2; seed 20260925.,793325
subject-0464-record-03,subject-0464,Synthetic User 0464,user0464@example.test,+91-90000-0464,Jaipur,Synthetic profile 0464; record variant 3; seed 20260925.,752488
subject-0464-record-04,subject-0464,Synthetic User 0464,user0464@example.test,+91-90000-0464,Jaipur,Synthetic profile 0464; record variant 4; seed 20260925.,720295
subject-0465-record-00,subject-0465,Synthetic User 0465,user0465@example.test,+91-90000-0465,Mohali,Synthetic profile 0465; record variant 0; seed 20260925.,182112
subject-0465-record-01,subject-0465,Synthetic User 0465,user0465@example.test,+91-90000-0465,Mohali,Synthetic profile 0465; record variant 1; seed 20260925.,688570
subject-0465-record-02,subject-0465,Synthetic User 0465,user0465@example.test,+91-90000-0465,Mohali,Synthetic profile 0465; record variant 2; seed 20260925.,284980
subject-0465-record-03,subject-0465,Synthetic User 0465,user0465@example.test,+91-90000-0465,Mohali,Synthetic profile 0465; record variant 3; seed 20260925.,554656
subject-0465-record-04,subject-0465,Synthetic User 0465,user0465@example.test,+91-90000-0465,Mohali,Synthetic profile 0465; record variant 4; seed 20260925.,263729
subject-0466-record-00,subject-0466,Synthetic User 0466,user0466@example.test,+91-90000-0466,Delhi,Synthetic profile 0466; record variant 0; seed 20260925.,527938
subject-0466-record-01,subject-0466,Synthetic User 0466,user0466@example.test,+91-90000-0466,Delhi,Synthetic profile 0466; record variant 1; seed 20260925.,605347
subject-0466-record-02,subject-0466,Synthetic User 0466,user0466@example.test,+91-90000-0466,Delhi,Synthetic profile 0466; record variant 2; seed 20260925.,145483
subject-0466-record-03,subject-0466,Synthetic User 0466,user0466@example.test,+91-90000-0466,Delhi,Synthetic profile 0466; record variant 3; seed 20260925.,871881
subject-0466-record-04,subject-0466,Synthetic User 0466,user0466@example.test,+91-90000-0466,Delhi,Synthetic profile 0466; record variant 4; seed 20260925.,178264
subject-0467-record-00,subject-0467,Synthetic User 0467,user0467@example.test,+91-90000-0467,Pune,Synthetic profile 0467; record variant 0; seed 20260925.,205787
subject-0467-record-01,subject-0467,Synthetic User 0467,user0467@example.test,+91-90000-0467,Pune,Synthetic profile 0467; record variant 1; seed 20260925.,906975
subject-0467-record-02,subject-0467,Synthetic User 0467,user0467@example.test,+91-90000-0467,Pune,Synthetic profile 0467; record variant 2; seed 20260925.,999517
subject-0467-record-03,subject-0467,Synthetic User 0467,user0467@example.test,+91-90000-0467,Pune,Synthetic profile 0467; record variant 3; seed 20260925.,784808
subject-0467-record-04,subject-0467,Synthetic User 0467,user0467@example.test,+91-90000-0467,Pune,Synthetic profile 0467; record variant 4; seed 20260925.,613774
subject-0468-record-00,subject-0468,Synthetic User 0468,user0468@example.test,+91-90000-0468,Bengaluru,Synthetic profile 0468; record variant 0; seed 20260925.,504637
subject-0468-record-01,subject-0468,Synthetic User 0468,user0468@example.test,+91-90000-0468,Bengaluru,Synthetic profile 0468; record variant 1; seed 20260925.,219787
subject-0468-record-02,subject-0468,Synthetic User 0468,user0468@example.test,+91-90000-0468,Bengaluru,Synthetic profile 0468; record variant 2; seed 20260925.,600246
subject-0468-record-03,subject-0468,Synthetic User 0468,user0468@example.test,+91-90000-0468,Bengaluru,Synthetic profile 0468; record variant 3; seed 20260925.,258203
subject-0468-record-04,subject-0468,Synthetic User 0468,user0468@example.test,+91-90000-0468,Bengaluru,Synthetic profile 0468; record variant 4; seed 20260925.,170958
subject-0469-record-00,subject-0469,Synthetic User 0469,user0469@example.test,+91-90000-0469,Jaipur,Synthetic profile 0469; record variant 0; seed 20260925.,430277
subject-0469-record-01,subject-0469,Synthetic User 0469,user0469@example.test,+91-90000-0469,Jaipur,Synthetic profile 0469; record variant 1; seed 20260925.,287033
subject-0469-record-02,subject-0469,Synthetic User 0469,user0469@example.test,+91-90000-0469,Jaipur,Synthetic profile 0469; record variant 2; seed 20260925.,642510
subject-0469-record-03,subject-0469,Synthetic User 0469,user0469@example.test,+91-90000-0469,Jaipur,Synthetic profile 0469; record variant 3; seed 20260925.,548471
subject-0469-record-04,subject-0469,Synthetic User 0469,user0469@example.test,+91-90000-0469,Jaipur,Synthetic profile 0469; record variant 4; seed 20260925.,438054
subject-0470-record-00,subject-0470,Synthetic User 0470,user0470@example.test,+91-90000-0470,Mohali,Synthetic profile 0470; record variant 0; seed 20260925.,854284
subject-0470-record-01,subject-0470,Synthetic User 0470,user0470@example.test,+91-90000-0470,Mohali,Synthetic profile 0470; record variant 1; seed 20260925.,911410
subject-0470-record-02,subject-0470,Synthetic User 0470,user0470@example.test,+91-90000-0470,Mohali,Synthetic profile 0470; record variant 2; seed 20260925.,293827
subject-0470-record-03,subject-0470,Synthetic User 0470,user0470@example.test,+91-90000-0470,Mohali,Synthetic profile 0470; record variant 3; seed 20260925.,981090
subject-0470-record-04,subject-0470,Synthetic User 0470,user0470@example.test,+91-90000-0470,Mohali,Synthetic profile 0470; record variant 4; seed 20260925.,487625
subject-0471-record-00,subject-0471,Synthetic User 0471,user0471@example.test,+91-90000-0471,Delhi,Synthetic profile 0471; record variant 0; seed 20260925.,776349
subject-0471-record-01,subject-0471,Synthetic User 0471,user0471@example.test,+91-90000-0471,Delhi,Synthetic profile 0471; record variant 1; seed 20260925.,336828
subject-0471-record-02,subject-0471,Synthetic User 0471,user0471@example.test,+91-90000-0471,Delhi,Synthetic profile 0471; record variant 2; seed 20260925.,218765
subject-0471-record-03,subject-0471,Synthetic User 0471,user0471@example.test,+91-90000-0471,Delhi,Synthetic profile 0471; record variant 3; seed 20260925.,776227
subject-0471-record-04,subject-0471,Synthetic User 0471,user0471@example.test,+91-90000-0471,Delhi,Synthetic profile 0471; record variant 4; seed 20260925.,808077
subject-0472-record-00,subject-0472,Synthetic User 0472,user0472@example.test,+91-90000-0472,Pune,Synthetic profile 0472; record variant 0; seed 20260925.,170173
subject-0472-record-01,subject-0472,Synthetic User 0472,user0472@example.test,+91-90000-0472,Pune,Synthetic profile 0472; record variant 1; seed 20260925.,144804
subject-0472-record-02,subject-0472,Synthetic User 0472,user0472@example.test,+91-90000-0472,Pune,Synthetic profile 0472; record variant 2; seed 20260925.,411123
subject-0472-record-03,subject-0472,Synthetic User 0472,user0472@example.test,+91-90000-0472,Pune,Synthetic profile 0472; record variant 3; seed 20260925.,368939
subject-0472-record-04,subject-0472,Synthetic User 0472,user0472@example.test,+91-90000-0472,Pune,Synthetic profile 0472; record variant 4; seed 20260925.,205431
subject-0473-record-00,subject-0473,Synthetic User 0473,user0473@example.test,+91-90000-0473,Bengaluru,Synthetic profile 0473; record variant 0; seed 20260925.,322077
subject-0473-record-01,subject-0473,Synthetic User 0473,user0473@example.test,+91-90000-0473,Bengaluru,Synthetic profile 0473; record variant 1; seed 20260925.,309901
subject-0473-record-02,subject-0473,Synthetic User 0473,user0473@example.test,+91-90000-0473,Bengaluru,Synthetic profile 0473; record variant 2; seed 20260925.,823444
subject-0473-record-03,subject-0473,Synthetic User 0473,user0473@example.test,+91-90000-0473,Bengaluru,Synthetic profile 0473; record variant 3; seed 20260925.,614417
subject-0473-record-04,subject-0473,Synthetic User 0473,user0473@example.test,+91-90000-0473,Bengaluru,Synthetic profile 0473; record variant 4; seed 20260925.,698168
subject-0474-record-00,subject-0474,Synthetic User 0474,user0474@example.test,+91-90000-0474,Jaipur,Synthetic profile 0474; record variant 0; seed 20260925.,356425
subject-0474-record-01,subject-0474,Synthetic User 0474,user0474@example.test,+91-90000-0474,Jaipur,Synthetic profile 0474; record variant 1; seed 20260925.,513459
subject-0474-record-02,subject-0474,Synthetic User 0474,user0474@example.test,+91-90000-0474,Jaipur,Synthetic profile 0474; record variant 2; seed 20260925.,577884
subject-0474-record-03,subject-0474,Synthetic User 0474,user0474@example.test,+91-90000-0474,Jaipur,Synthetic profile 0474; record variant 3; seed 20260925.,144818
subject-0474-record-04,subject-0474,Synthetic User 0474,user0474@example.test,+91-90000-0474,Jaipur,Synthetic profile 0474; record variant 4; seed 20260925.,262017
subject-0475-record-00,subject-0475,Synthetic User 0475,user0475@example.test,+91-90000-0475,Mohali,Synthetic profile 0475; record variant 0; seed 20260925.,290875
subject-0475-record-01,subject-0475,Synthetic User 0475,user0475@example.test,+91-90000-0475,Mohali,Synthetic profile 0475; record variant 1; seed 20260925.,518893
subject-0475-record-02,subject-0475,Synthetic User 0475,user0475@example.test,+91-90000-0475,Mohali,Synthetic profile 0475; record variant 2; seed 20260925.,823061
subject-0475-record-03,subject-0475,Synthetic User 0475,user0475@example.test,+91-90000-0475,Mohali,Synthetic profile 0475; record variant 3; seed 20260925.,646106
subject-0475-record-04,subject-0475,Synthetic User 0475,user0475@example.test,+91-90000-0475,Mohali,Synthetic profile 0475; record variant 4; seed 20260925.,706974
subject-0476-record-00,subject-0476,Synthetic User 0476,user0476@example.test,+91-90000-0476,Delhi,Synthetic profile 0476; record variant 0; seed 20260925.,597920
subject-0476-record-01,subject-0476,Synthetic User 0476,user0476@example.test,+91-90000-0476,Delhi,Synthetic profile 0476; record variant 1; seed 20260925.,906509
subject-0476-record-02,subject-0476,Synthetic User 0476,user0476@example.test,+91-90000-0476,Delhi,Synthetic profile 0476; record variant 2; seed 20260925.,799600
subject-0476-record-03,subject-0476,Synthetic User 0476,user0476@example.test,+91-90000-0476,Delhi,Synthetic profile 0476; record variant 3; seed 20260925.,930520
subject-0476-record-04,subject-0476,Synthetic User 0476,user0476@example.test,+91-90000-0476,Delhi,Synthetic profile 0476; record variant 4; seed 20260925.,726362
subject-0477-record-00,subject-0477,Synthetic User 0477,user0477@example.test,+91-90000-0477,Pune,Synthetic profile 0477; record variant 0; seed 20260925.,732192
subject-0477-record-01,subject-0477,Synthetic User 0477,user0477@example.test,+91-90000-0477,Pune,Synthetic profile 0477; record variant 1; seed 20260925.,418515
subject-0477-record-02,subject-0477,Synthetic User 0477,user0477@example.test,+91-90000-0477,Pune,Synthetic profile 0477; record variant 2; seed 20260925.,467748
subject-0477-record-03,subject-0477,Synthetic User 0477,user0477@example.test,+91-90000-0477,Pune,Synthetic profile 0477; record variant 3; seed 20260925.,640903
subject-0477-record-04,subject-0477,Synthetic User 0477,user0477@example.test,+91-90000-0477,Pune,Synthetic profile 0477; record variant 4; seed 20260925.,492084
subject-0478-record-00,subject-0478,Synthetic User 0478,user0478@example.test,+91-90000-0478,Bengaluru,Synthetic profile 0478; record variant 0; seed 20260925.,442788
subject-0478-record-01,subject-0478,Synthetic User 0478,user0478@example.test,+91-90000-0478,Bengaluru,Synthetic profile 0478; record variant 1; seed 20260925.,835612
subject-0478-record-02,subject-0478,Synthetic User 0478,user0478@example.test,+91-90000-0478,Bengaluru,Synthetic profile 0478; record variant 2; seed 20260925.,339438
subject-0478-record-03,subject-0478,Synthetic User 0478,user0478@example.test,+91-90000-0478,Bengaluru,Synthetic profile 0478; record variant 3; seed 20260925.,694192
subject-0478-record-04,subject-0478,Synthetic User 0478,user0478@example.test,+91-90000-0478,Bengaluru,Synthetic profile 0478; record variant 4; seed 20260925.,816309
subject-0479-record-00,subject-0479,Synthetic User 0479,user0479@example.test,+91-90000-0479,Jaipur,Synthetic profile 0479; record variant 0; seed 20260925.,397650
subject-0479-record-01,subject-0479,Synthetic User 0479,user0479@example.test,+91-90000-0479,Jaipur,Synthetic profile 0479; record variant 1; seed 20260925.,343846
subject-0479-record-02,subject-0479,Synthetic User 0479,user0479@example.test,+91-90000-0479,Jaipur,Synthetic profile 0479; record variant 2; seed 20260925.,735660
subject-0479-record-03,subject-0479,Synthetic User 0479,user0479@example.test,+91-90000-0479,Jaipur,Synthetic profile 0479; record variant 3; seed 20260925.,200932
subject-0479-record-04,subject-0479,Synthetic User 0479,user0479@example.test,+91-90000-0479,Jaipur,Synthetic profile 0479; record variant 4; seed 20260925.,440072
subject-0480-record-00,subject-0480,Synthetic User 0480,user0480@example.test,+91-90000-0480,Mohali,Synthetic profile 0480; record variant 0; seed 20260925.,911032
subject-0480-record-01,subject-0480,Synthetic User 0480,user0480@example.test,+91-90000-0480,Mohali,Synthetic profile 0480; record variant 1; seed 20260925.,824902
subject-0480-record-02,subject-0480,Synthetic User 0480,user0480@example.test,+91-90000-0480,Mohali,Synthetic profile 0480; record variant 2; seed 20260925.,261954
subject-0480-record-03,subject-0480,Synthetic User 0480,user0480@example.test,+91-90000-0480,Mohali,Synthetic profile 0480; record variant 3; seed 20260925.,973523
subject-0480-record-04,subject-0480,Synthetic User 0480,user0480@example.test,+91-90000-0480,Mohali,Synthetic profile 0480; record variant 4; seed 20260925.,197466
subject-0481-record-00,subject-0481,Synthetic User 0481,user0481@example.test,+91-90000-0481,Delhi,Synthetic profile 0481; record variant 0; seed 20260925.,141861
subject-0481-record-01,subject-0481,Synthetic User 0481,user0481@example.test,+91-90000-0481,Delhi,Synthetic profile 0481; record variant 1; seed 20260925.,792605
subject-0481-record-02,subject-0481,Synthetic User 0481,user0481@example.test,+91-90000-0481,Delhi,Synthetic profile 0481; record variant 2; seed 20260925.,175158
subject-0481-record-03,subject-0481,Synthetic User 0481,user0481@example.test,+91-90000-0481,Delhi,Synthetic profile 0481; record variant 3; seed 20260925.,947088
subject-0481-record-04,subject-0481,Synthetic User 0481,user0481@example.test,+91-90000-0481,Delhi,Synthetic profile 0481; record variant 4; seed 20260925.,495336
subject-0482-record-00,subject-0482,Synthetic User 0482,user0482@example.test,+91-90000-0482,Pune,Synthetic profile 0482; record variant 0; seed 20260925.,523843
subject-0482-record-01,subject-0482,Synthetic User 0482,user0482@example.test,+91-90000-0482,Pune,Synthetic profile 0482; record variant 1; seed 20260925.,333893
subject-0482-record-02,subject-0482,Synthetic User 0482,user0482@example.test,+91-90000-0482,Pune,Synthetic profile 0482; record variant 2; seed 20260925.,682350
subject-0482-record-03,subject-0482,Synthetic User 0482,user0482@example.test,+91-90000-0482,Pune,Synthetic profile 0482; record variant 3; seed 20260925.,754776
subject-0482-record-04,subject-0482,Synthetic User 0482,user0482@example.test,+91-90000-0482,Pune,Synthetic profile 0482; record variant 4; seed 20260925.,897973
subject-0483-record-00,subject-0483,Synthetic User 0483,user0483@example.test,+91-90000-0483,Bengaluru,Synthetic profile 0483; record variant 0; seed 20260925.,895431
subject-0483-record-01,subject-0483,Synthetic User 0483,user0483@example.test,+91-90000-0483,Bengaluru,Synthetic profile 0483; record variant 1; seed 20260925.,151262
subject-0483-record-02,subject-0483,Synthetic User 0483,user0483@example.test,+91-90000-0483,Bengaluru,Synthetic profile 0483; record variant 2; seed 20260925.,160460
subject-0483-record-03,subject-0483,Synthetic User 0483,user0483@example.test,+91-90000-0483,Bengaluru,Synthetic profile 0483; record variant 3; seed 20260925.,744793
subject-0483-record-04,subject-0483,Synthetic User 0483,user0483@example.test,+91-90000-0483,Bengaluru,Synthetic profile 0483; record variant 4; seed 20260925.,595303
subject-0484-record-00,subject-0484,Synthetic User 0484,user0484@example.test,+91-90000-0484,Jaipur,Synthetic profile 0484; record variant 0; seed 20260925.,101898
subject-0484-record-01,subject-0484,Synthetic User 0484,user0484@example.test,+91-90000-0484,Jaipur,Synthetic profile 0484; record variant 1; seed 20260925.,873574
subject-0484-record-02,subject-0484,Synthetic User 0484,user0484@example.test,+91-90000-0484,Jaipur,Synthetic profile 0484; record variant 2; seed 20260925.,367058
subject-0484-record-03,subject-0484,Synthetic User 0484,user0484@example.test,+91-90000-0484,Jaipur,Synthetic profile 0484; record variant 3; seed 20260925.,596351
subject-0484-record-04,subject-0484,Synthetic User 0484,user0484@example.test,+91-90000-0484,Jaipur,Synthetic profile 0484; record variant 4; seed 20260925.,323804
subject-0485-record-00,subject-0485,Synthetic User 0485,user0485@example.test,+91-90000-0485,Mohali,Synthetic profile 0485; record variant 0; seed 20260925.,271915
subject-0485-record-01,subject-0485,Synthetic User 0485,user0485@example.test,+91-90000-0485,Mohali,Synthetic profile 0485; record variant 1; seed 20260925.,911387
subject-0485-record-02,subject-0485,Synthetic User 0485,user0485@example.test,+91-90000-0485,Mohali,Synthetic profile 0485; record variant 2; seed 20260925.,416974
subject-0485-record-03,subject-0485,Synthetic User 0485,user0485@example.test,+91-90000-0485,Mohali,Synthetic profile 0485; record variant 3; seed 20260925.,279882
subject-0485-record-04,subject-0485,Synthetic User 0485,user0485@example.test,+91-90000-0485,Mohali,Synthetic profile 0485; record variant 4; seed 20260925.,854153
subject-0486-record-00,subject-0486,Synthetic User 0486,user0486@example.test,+91-90000-0486,Delhi,Synthetic profile 0486; record variant 0; seed 20260925.,439069
subject-0486-record-01,subject-0486,Synthetic User 0486,user0486@example.test,+91-90000-0486,Delhi,Synthetic profile 0486; record variant 1; seed 20260925.,823465
subject-0486-record-02,subject-0486,Synthetic User 0486,user0486@example.test,+91-90000-0486,Delhi,Synthetic profile 0486; record variant 2; seed 20260925.,385363
subject-0486-record-03,subject-0486,Synthetic User 0486,user0486@example.test,+91-90000-0486,Delhi,Synthetic profile 0486; record variant 3; seed 20260925.,912524
subject-0486-record-04,subject-0486,Synthetic User 0486,user0486@example.test,+91-90000-0486,Delhi,Synthetic profile 0486; record variant 4; seed 20260925.,471182
subject-0487-record-00,subject-0487,Synthetic User 0487,user0487@example.test,+91-90000-0487,Pune,Synthetic profile 0487; record variant 0; seed 20260925.,377055
subject-0487-record-01,subject-0487,Synthetic User 0487,user0487@example.test,+91-90000-0487,Pune,Synthetic profile 0487; record variant 1; seed 20260925.,567446
subject-0487-record-02,subject-0487,Synthetic User 0487,user0487@example.test,+91-90000-0487,Pune,Synthetic profile 0487; record variant 2; seed 20260925.,427785
subject-0487-record-03,subject-0487,Synthetic User 0487,user0487@example.test,+91-90000-0487,Pune,Synthetic profile 0487; record variant 3; seed 20260925.,405645
subject-0487-record-04,subject-0487,Synthetic User 0487,user0487@example.test,+91-90000-0487,Pune,Synthetic profile 0487; record variant 4; seed 20260925.,929513
subject-0488-record-00,subject-0488,Synthetic User 0488,user0488@example.test,+91-90000-0488,Bengaluru,Synthetic profile 0488; record variant 0; seed 20260925.,401139
subject-0488-record-01,subject-0488,Synthetic User 0488,user0488@example.test,+91-90000-0488,Bengaluru,Synthetic profile 0488; record variant 1; seed 20260925.,616089
subject-0488-record-02,subject-0488,Synthetic User 0488,user0488@example.test,+91-90000-0488,Bengaluru,Synthetic profile 0488; record variant 2; seed 20260925.,111688
subject-0488-record-03,subject-0488,Synthetic User 0488,user0488@example.test,+91-90000-0488,Bengaluru,Synthetic profile 0488; record variant 3; seed 20260925.,449765
subject-0488-record-04,subject-0488,Synthetic User 0488,user0488@example.test,+91-90000-0488,Bengaluru,Synthetic profile 0488; record variant 4; seed 20260925.,131420
subject-0489-record-00,subject-0489,Synthetic User 0489,user0489@example.test,+91-90000-0489,Jaipur,Synthetic profile 0489; record variant 0; seed 20260925.,188461
subject-0489-record-01,subject-0489,Synthetic User 0489,user0489@example.test,+91-90000-0489,Jaipur,Synthetic profile 0489; record variant 1; seed 20260925.,515939
subject-0489-record-02,subject-0489,Synthetic User 0489,user0489@example.test,+91-90000-0489,Jaipur,Synthetic profile 0489; record variant 2; seed 20260925.,843158
subject-0489-record-03,subject-0489,Synthetic User 0489,user0489@example.test,+91-90000-0489,Jaipur,Synthetic profile 0489; record variant 3; seed 20260925.,815150
subject-0489-record-04,subject-0489,Synthetic User 0489,user0489@example.test,+91-90000-0489,Jaipur,Synthetic profile 0489; record variant 4; seed 20260925.,825789
subject-0490-record-00,subject-0490,Synthetic User 0490,user0490@example.test,+91-90000-0490,Mohali,Synthetic profile 0490; record variant 0; seed 20260925.,962424
subject-0490-record-01,subject-0490,Synthetic User 0490,user0490@example.test,+91-90000-0490,Mohali,Synthetic profile 0490; record variant 1; seed 20260925.,614570
subject-0490-record-02,subject-0490,Synthetic User 0490,user0490@example.test,+91-90000-0490,Mohali,Synthetic profile 0490; record variant 2; seed 20260925.,252823
subject-0490-record-03,subject-0490,Synthetic User 0490,user0490@example.test,+91-90000-0490,Mohali,Synthetic profile 0490; record variant 3; seed 20260925.,711316
subject-0490-record-04,subject-0490,Synthetic User 0490,user0490@example.test,+91-90000-0490,Mohali,Synthetic profile 0490; record variant 4; seed 20260925.,290525
subject-0491-record-00,subject-0491,Synthetic User 0491,user0491@example.test,+91-90000-0491,Delhi,Synthetic profile 0491; record variant 0; seed 20260925.,983371
subject-0491-record-01,subject-0491,Synthetic User 0491,user0491@example.test,+91-90000-0491,Delhi,Synthetic profile 0491; record variant 1; seed 20260925.,518241
subject-0491-record-02,subject-0491,Synthetic User 0491,user0491@example.test,+91-90000-0491,Delhi,Synthetic profile 0491; record variant 2; seed 20260925.,104141
subject-0491-record-03,subject-0491,Synthetic User 0491,user0491@example.test,+91-90000-0491,Delhi,Synthetic profile 0491; record variant 3; seed 20260925.,439750
subject-0491-record-04,subject-0491,Synthetic User 0491,user0491@example.test,+91-90000-0491,Delhi,Synthetic profile 0491; record variant 4; seed 20260925.,333045
subject-0492-record-00,subject-0492,Synthetic User 0492,user0492@example.test,+91-90000-0492,Pune,Synthetic profile 0492; record variant 0; seed 20260925.,441500
subject-0492-record-01,subject-0492,Synthetic User 0492,user0492@example.test,+91-90000-0492,Pune,Synthetic profile 0492; record variant 1; seed 20260925.,950157
subject-0492-record-02,subject-0492,Synthetic User 0492,user0492@example.test,+91-90000-0492,Pune,Synthetic profile 0492; record variant 2; seed 20260925.,635503
subject-0492-record-03,subject-0492,Synthetic User 0492,user0492@example.test,+91-90000-0492,Pune,Synthetic profile 0492; record variant 3; seed 20260925.,379690
subject-0492-record-04,subject-0492,Synthetic User 0492,user0492@example.test,+91-90000-0492,Pune,Synthetic profile 0492; record variant 4; seed 20260925.,779288
subject-0493-record-00,subject-0493,Synthetic User 0493,user0493@example.test,+91-90000-0493,Bengaluru,Synthetic profile 0493; record variant 0; seed 20260925.,555202
subject-0493-record-01,subject-0493,Synthetic User 0493,user0493@example.test,+91-90000-0493,Bengaluru,Synthetic profile 0493; record variant 1; seed 20260925.,199230
subject-0493-record-02,subject-0493,Synthetic User 0493,user0493@example.test,+91-90000-0493,Bengaluru,Synthetic profile 0493; record variant 2; seed 20260925.,124563
subject-0493-record-03,subject-0493,Synthetic User 0493,user0493@example.test,+91-90000-0493,Bengaluru,Synthetic profile 0493; record variant 3; seed 20260925.,636924
subject-0493-record-04,subject-0493,Synthetic User 0493,user0493@example.test,+91-90000-0493,Bengaluru,Synthetic profile 0493; record variant 4; seed 20260925.,930954
subject-0494-record-00,subject-0494,Synthetic User 0494,user0494@example.test,+91-90000-0494,Jaipur,Synthetic profile 0494; record variant 0; seed 20260925.,153408
subject-0494-record-01,subject-0494,Synthetic User 0494,user0494@example.test,+91-90000-0494,Jaipur,Synthetic profile 0494; record variant 1; seed 20260925.,412969
subject-0494-record-02,subject-0494,Synthetic User 0494,user0494@example.test,+91-90000-0494,Jaipur,Synthetic profile 0494; record variant 2; seed 20260925.,652436
subject-0494-record-03,subject-0494,Synthetic User 0494,user0494@example.test,+91-90000-0494,Jaipur,Synthetic profile 0494; record variant 3; seed 20260925.,965235
subject-0494-record-04,subject-0494,Synthetic User 0494,user0494@example.test,+91-90000-0494,Jaipur,Synthetic profile 0494; record variant 4; seed 20260925.,789414
subject-0495-record-00,subject-0495,Synthetic User 0495,user0495@example.test,+91-90000-0495,Mohali,Synthetic profile 0495; record variant 0; seed 20260925.,113423
subject-0495-record-01,subject-0495,Synthetic User 0495,user0495@example.test,+91-90000-0495,Mohali,Synthetic profile 0495; record variant 1; seed 20260925.,347149
subject-0495-record-02,subject-0495,Synthetic User 0495,user0495@example.test,+91-90000-0495,Mohali,Synthetic profile 0495; record variant 2; seed 20260925.,597594
subject-0495-record-03,subject-0495,Synthetic User 0495,user0495@example.test,+91-90000-0495,Mohali,Synthetic profile 0495; record variant 3; seed 20260925.,202099
subject-0495-record-04,subject-0495,Synthetic User 0495,user0495@example.test,+91-90000-0495,Mohali,Synthetic profile 0495; record variant 4; seed 20260925.,686956
subject-0496-record-00,subject-0496,Synthetic User 0496,user0496@example.test,+91-90000-0496,Delhi,Synthetic profile 0496; record variant 0; seed 20260925.,235813
subject-0496-record-01,subject-0496,Synthetic User 0496,user0496@example.test,+91-90000-0496,Delhi,Synthetic profile 0496; record variant 1; seed 20260925.,403630
subject-0496-record-02,subject-0496,Synthetic User 0496,user0496@example.test,+91-90000-0496,Delhi,Synthetic profile 0496; record variant 2; seed 20260925.,639505
subject-0496-record-03,subject-0496,Synthetic User 0496,user0496@example.test,+91-90000-0496,Delhi,Synthetic profile 0496; record variant 3; seed 20260925.,798959
subject-0496-record-04,subject-0496,Synthetic User 0496,user0496@example.test,+91-90000-0496,Delhi,Synthetic profile 0496; record variant 4; seed 20260925.,975245
subject-0497-record-00,subject-0497,Synthetic User 0497,user0497@example.test,+91-90000-0497,Pune,Synthetic profile 0497; record variant 0; seed 20260925.,486992
subject-0497-record-01,subject-0497,Synthetic User 0497,user0497@example.test,+91-90000-0497,Pune,Synthetic profile 0497; record variant 1; seed 20260925.,263535
subject-0497-record-02,subject-0497,Synthetic User 0497,user0497@example.test,+91-90000-0497,Pune,Synthetic profile 0497; record variant 2; seed 20260925.,268836
subject-0497-record-03,subject-0497,Synthetic User 0497,user0497@example.test,+91-90000-0497,Pune,Synthetic profile 0497; record variant 3; seed 20260925.,117306
subject-0497-record-04,subject-0497,Synthetic User 0497,user0497@example.test,+91-90000-0497,Pune,Synthetic profile 0497; record variant 4; seed 20260925.,853285
subject-0498-record-00,subject-0498,Synthetic User 0498,user0498@example.test,+91-90000-0498,Bengaluru,Synthetic profile 0498; record variant 0; seed 20260925.,714777
subject-0498-record-01,subject-0498,Synthetic User 0498,user0498@example.test,+91-90000-0498,Bengaluru,Synthetic profile 0498; record variant 1; seed 20260925.,891591
subject-0498-record-02,subject-0498,Synthetic User 0498,user0498@example.test,+91-90000-0498,Bengaluru,Synthetic profile 0498; record variant 2; seed 20260925.,622334
subject-0498-record-03,subject-0498,Synthetic User 0498,user0498@example.test,+91-90000-0498,Bengaluru,Synthetic profile 0498; record variant 3; seed 20260925.,153443
subject-0498-record-04,subject-0498,Synthetic User 0498,user0498@example.test,+91-90000-0498,Bengaluru,Synthetic profile 0498; record variant 4; seed 20260925.,434153
subject-0499-record-00,subject-0499,Synthetic User 0499,user0499@example.test,+91-90000-0499,Jaipur,Synthetic profile 0499; record variant 0; seed 20260925.,526912
subject-0499-record-01,subject-0499,Synthetic User 0499,user0499@example.test,+91-90000-0499,Jaipur,Synthetic profile 0499; record variant 1; seed 20260925.,487130
subject-0499-record-02,subject-0499,Synthetic User 0499,user0499@example.test,+91-90000-0499,Jaipur,Synthetic profile 0499; record variant 2; seed 20260925.,654985
subject-0499-record-03,subject-0499,Synthetic User 0499,user0499@example.test,+91-90000-0499,Jaipur,Synthetic profile 0499; record variant 3; seed 20260925.,682516
subject-0499-record-04,subject-0499,Synthetic User 0499,user0499@example.test,+91-90000-0499,Jaipur,Synthetic profile 0499; record variant 4; seed 20260925.,163087
subject-0500-record-00,subject-0500,Synthetic User 0500,user0500@example.test,+91-90000-0500,Mohali,Synthetic profile 0500; record variant 0; seed 20260925.,699652
subject-0500-record-01,subject-0500,Synthetic User 0500,user0500@example.test,+91-90000-0500,Mohali,Synthetic profile 0500; record variant 1; seed 20260925.,135557
subject-0500-record-02,subject-0500,Synthetic User 0500,user0500@example.test,+91-90000-0500,Mohali,Synthetic profile 0500; record variant 2; seed 20260925.,986183
subject-0500-record-03,subject-0500,Synthetic User 0500,user0500@example.test,+91-90000-0500,Mohali,Synthetic profile 0500; record variant 3; seed 20260925.,176907
subject-0500-record-04,subject-0500,Synthetic User 0500,user0500@example.test,+91-90000-0500,Mohali,Synthetic profile 0500; record variant 4; seed 20260925.,671004
subject-0501-record-00,subject-0501,Synthetic User 0501,user0501@example.test,+91-90000-0501,Delhi,Synthetic profile 0501; record variant 0; seed 20260925.,360745
subject-0501-record-01,subject-0501,Synthetic User 0501,user0501@example.test,+91-90000-0501,Delhi,Synthetic profile 0501; record variant 1; seed 20260925.,498786
subject-0501-record-02,subject-0501,Synthetic User 0501,user0501@example.test,+91-90000-0501,Delhi,Synthetic profile 0501; record variant 2; seed 20260925.,398365
subject-0501-record-03,subject-0501,Synthetic User 0501,user0501@example.test,+91-90000-0501,Delhi,Synthetic profile 0501; record variant 3; seed 20260925.,773399
subject-0501-record-04,subject-0501,Synthetic User 0501,user0501@example.test,+91-90000-0501,Delhi,Synthetic profile 0501; record variant 4; seed 20260925.,463770
subject-0502-record-00,subject-0502,Synthetic User 0502,user0502@example.test,+91-90000-0502,Pune,Synthetic profile 0502; record variant 0; seed 20260925.,363839
subject-0502-record-01,subject-0502,Synthetic User 0502,user0502@example.test,+91-90000-0502,Pune,Synthetic profile 0502; record variant 1; seed 20260925.,381486
subject-0502-record-02,subject-0502,Synthetic User 0502,user0502@example.test,+91-90000-0502,Pune,Synthetic profile 0502; record variant 2; seed 20260925.,196444
subject-0502-record-03,subject-0502,Synthetic User 0502,user0502@example.test,+91-90000-0502,Pune,Synthetic profile 0502; record variant 3; seed 20260925.,619534
subject-0502-record-04,subject-0502,Synthetic User 0502,user0502@example.test,+91-90000-0502,Pune,Synthetic profile 0502; record variant 4; seed 20260925.,978716
subject-0503-record-00,subject-0503,Synthetic User 0503,user0503@example.test,+91-90000-0503,Bengaluru,Synthetic profile 0503; record variant 0; seed 20260925.,181944
subject-0503-record-01,subject-0503,Synthetic User 0503,user0503@example.test,+91-90000-0503,Bengaluru,Synthetic profile 0503; record variant 1; seed 20260925.,265234
subject-0503-record-02,subject-0503,Synthetic User 0503,user0503@example.test,+91-90000-0503,Bengaluru,Synthetic profile 0503; record variant 2; seed 20260925.,979750
subject-0503-record-03,subject-0503,Synthetic User 0503,user0503@example.test,+91-90000-0503,Bengaluru,Synthetic profile 0503; record variant 3; seed 20260925.,980281
subject-0503-record-04,subject-0503,Synthetic User 0503,user0503@example.test,+91-90000-0503,Bengaluru,Synthetic profile 0503; record variant 4; seed 20260925.,856058
subject-0504-record-00,subject-0504,Synthetic User 0504,user0504@example.test,+91-90000-0504,Jaipur,Synthetic profile 0504; record variant 0; seed 20260925.,354158
subject-0504-record-01,subject-0504,Synthetic User 0504,user0504@example.test,+91-90000-0504,Jaipur,Synthetic profile 0504; record variant 1; seed 20260925.,122595
subject-0504-record-02,subject-0504,Synthetic User 0504,user0504@example.test,+91-90000-0504,Jaipur,Synthetic profile 0504; record variant 2; seed 20260925.,460858
subject-0504-record-03,subject-0504,Synthetic User 0504,user0504@example.test,+91-90000-0504,Jaipur,Synthetic profile 0504; record variant 3; seed 20260925.,674588
subject-0504-record-04,subject-0504,Synthetic User 0504,user0504@example.test,+91-90000-0504,Jaipur,Synthetic profile 0504; record variant 4; seed 20260925.,125534
subject-0505-record-00,subject-0505,Synthetic User 0505,user0505@example.test,+91-90000-0505,Mohali,Synthetic profile 0505; record variant 0; seed 20260925.,513332
subject-0505-record-01,subject-0505,Synthetic User 0505,user0505@example.test,+91-90000-0505,Mohali,Synthetic profile 0505; record variant 1; seed 20260925.,517326
subject-0505-record-02,subject-0505,Synthetic User 0505,user0505@example.test,+91-90000-0505,Mohali,Synthetic profile 0505; record variant 2; seed 20260925.,217766
subject-0505-record-03,subject-0505,Synthetic User 0505,user0505@example.test,+91-90000-0505,Mohali,Synthetic profile 0505; record variant 3; seed 20260925.,223412
subject-0505-record-04,subject-0505,Synthetic User 0505,user0505@example.test,+91-90000-0505,Mohali,Synthetic profile 0505; record variant 4; seed 20260925.,965571
subject-0506-record-00,subject-0506,Synthetic User 0506,user0506@example.test,+91-90000-0506,Delhi,Synthetic profile 0506; record variant 0; seed 20260925.,104114
subject-0506-record-01,subject-0506,Synthetic User 0506,user0506@example.test,+91-90000-0506,Delhi,Synthetic profile 0506; record variant 1; seed 20260925.,964006
subject-0506-record-02,subject-0506,Synthetic User 0506,user0506@example.test,+91-90000-0506,Delhi,Synthetic profile 0506; record variant 2; seed 20260925.,810122
subject-0506-record-03,subject-0506,Synthetic User 0506,user0506@example.test,+91-90000-0506,Delhi,Synthetic profile 0506; record variant 3; seed 20260925.,333368
subject-0506-record-04,subject-0506,Synthetic User 0506,user0506@example.test,+91-90000-0506,Delhi,Synthetic profile 0506; record variant 4; seed 20260925.,565403
subject-0507-record-00,subject-0507,Synthetic User 0507,user0507@example.test,+91-90000-0507,Pune,Synthetic profile 0507; record variant 0; seed 20260925.,740841
subject-0507-record-01,subject-0507,Synthetic User 0507,user0507@example.test,+91-90000-0507,Pune,Synthetic profile 0507; record variant 1; seed 20260925.,721998
subject-0507-record-02,subject-0507,Synthetic User 0507,user0507@example.test,+91-90000-0507,Pune,Synthetic profile 0507; record variant 2; seed 20260925.,759946
subject-0507-record-03,subject-0507,Synthetic User 0507,user0507@example.test,+91-90000-0507,Pune,Synthetic profile 0507; record variant 3; seed 20260925.,384837
subject-0507-record-04,subject-0507,Synthetic User 0507,user0507@example.test,+91-90000-0507,Pune,Synthetic profile 0507; record variant 4; seed 20260925.,715424
subject-0508-record-00,subject-0508,Synthetic User 0508,user0508@example.test,+91-90000-0508,Bengaluru,Synthetic profile 0508; record variant 0; seed 20260925.,359491
subject-0508-record-01,subject-0508,Synthetic User 0508,user0508@example.test,+91-90000-0508,Bengaluru,Synthetic profile 0508; record variant 1; seed 20260925.,687105
subject-0508-record-02,subject-0508,Synthetic User 0508,user0508@example.test,+91-90000-0508,Bengaluru,Synthetic profile 0508; record variant 2; seed 20260925.,260729
subject-0508-record-03,subject-0508,Synthetic User 0508,user0508@example.test,+91-90000-0508,Bengaluru,Synthetic profile 0508; record variant 3; seed 20260925.,970289
subject-0508-record-04,subject-0508,Synthetic User 0508,user0508@example.test,+91-90000-0508,Bengaluru,Synthetic profile 0508; record variant 4; seed 20260925.,673316
subject-0509-record-00,subject-0509,Synthetic User 0509,user0509@example.test,+91-90000-0509,Jaipur,Synthetic profile 0509; record variant 0; seed 20260925.,340216
subject-0509-record-01,subject-0509,Synthetic User 0509,user0509@example.test,+91-90000-0509,Jaipur,Synthetic profile 0509; record variant 1; seed 20260925.,441878
subject-0509-record-02,subject-0509,Synthetic User 0509,user0509@example.test,+91-90000-0509,Jaipur,Synthetic profile 0509; record variant 2; seed 20260925.,168396
subject-0509-record-03,subject-0509,Synthetic User 0509,user0509@example.test,+91-90000-0509,Jaipur,Synthetic profile 0509; record variant 3; seed 20260925.,120586
subject-0509-record-04,subject-0509,Synthetic User 0509,user0509@example.test,+91-90000-0509,Jaipur,Synthetic profile 0509; record variant 4; seed 20260925.,176685
subject-0510-record-00,subject-0510,Synthetic User 0510,user0510@example.test,+91-90000-0510,Mohali,Synthetic profile 0510; record variant 0; seed 20260925.,134529
subject-0510-record-01,subject-0510,Synthetic User 0510,user0510@example.test,+91-90000-0510,Mohali,Synthetic profile 0510; record variant 1; seed 20260925.,852497
subject-0510-record-02,subject-0510,Synthetic User 0510,user0510@example.test,+91-90000-0510,Mohali,Synthetic profile 0510; record variant 2; seed 20260925.,337315
subject-0510-record-03,subject-0510,Synthetic User 0510,user0510@example.test,+91-90000-0510,Mohali,Synthetic profile 0510; record variant 3; seed 20260925.,207634
subject-0510-record-04,subject-0510,Synthetic User 0510,user0510@example.test,+91-90000-0510,Mohali,Synthetic profile 0510; record variant 4; seed 20260925.,958041
subject-0511-record-00,subject-0511,Synthetic User 0511,user0511@example.test,+91-90000-0511,Delhi,Synthetic profile 0511; record variant 0; seed 20260925.,244031
subject-0511-record-01,subject-0511,Synthetic User 0511,user0511@example.test,+91-90000-0511,Delhi,Synthetic profile 0511; record variant 1; seed 20260925.,994818
subject-0511-record-02,subject-0511,Synthetic User 0511,user0511@example.test,+91-90000-0511,Delhi,Synthetic profile 0511; record variant 2; seed 20260925.,170625
subject-0511-record-03,subject-0511,Synthetic User 0511,user0511@example.test,+91-90000-0511,Delhi,Synthetic profile 0511; record variant 3; seed 20260925.,326326
subject-0511-record-04,subject-0511,Synthetic User 0511,user0511@example.test,+91-90000-0511,Delhi,Synthetic profile 0511; record variant 4; seed 20260925.,420571
subject-0512-record-00,subject-0512,Synthetic User 0512,user0512@example.test,+91-90000-0512,Pune,Synthetic profile 0512; record variant 0; seed 20260925.,294780
subject-0512-record-01,subject-0512,Synthetic User 0512,user0512@example.test,+91-90000-0512,Pune,Synthetic profile 0512; record variant 1; seed 20260925.,963534
subject-0512-record-02,subject-0512,Synthetic User 0512,user0512@example.test,+91-90000-0512,Pune,Synthetic profile 0512; record variant 2; seed 20260925.,548415
subject-0512-record-03,subject-0512,Synthetic User 0512,user0512@example.test,+91-90000-0512,Pune,Synthetic profile 0512; record variant 3; seed 20260925.,903556
subject-0512-record-04,subject-0512,Synthetic User 0512,user0512@example.test,+91-90000-0512,Pune,Synthetic profile 0512; record variant 4; seed 20260925.,139231
subject-0513-record-00,subject-0513,Synthetic User 0513,user0513@example.test,+91-90000-0513,Bengaluru,Synthetic profile 0513; record variant 0; seed 20260925.,522062
subject-0513-record-01,subject-0513,Synthetic User 0513,user0513@example.test,+91-90000-0513,Bengaluru,Synthetic profile 0513; record variant 1; seed 20260925.,655446
subject-0513-record-02,subject-0513,Synthetic User 0513,user0513@example.test,+91-90000-0513,Bengaluru,Synthetic profile 0513; record variant 2; seed 20260925.,158456
subject-0513-record-03,subject-0513,Synthetic User 0513,user0513@example.test,+91-90000-0513,Bengaluru,Synthetic profile 0513; record variant 3; seed 20260925.,708814
subject-0513-record-04,subject-0513,Synthetic User 0513,user0513@example.test,+91-90000-0513,Bengaluru,Synthetic profile 0513; record variant 4; seed 20260925.,973306
subject-0514-record-00,subject-0514,Synthetic User 0514,user0514@example.test,+91-90000-0514,Jaipur,Synthetic profile 0514; record variant 0; seed 20260925.,670120
subject-0514-record-01,subject-0514,Synthetic User 0514,user0514@example.test,+91-90000-0514,Jaipur,Synthetic profile 0514; record variant 1; seed 20260925.,653241
subject-0514-record-02,subject-0514,Synthetic User 0514,user0514@example.test,+91-90000-0514,Jaipur,Synthetic profile 0514; record variant 2; seed 20260925.,258495
subject-0514-record-03,subject-0514,Synthetic User 0514,user0514@example.test,+91-90000-0514,Jaipur,Synthetic profile 0514; record variant 3; seed 20260925.,381924
subject-0514-record-04,subject-0514,Synthetic User 0514,user0514@example.test,+91-90000-0514,Jaipur,Synthetic profile 0514; record variant 4; seed 20260925.,659179
subject-0515-record-00,subject-0515,Synthetic User 0515,user0515@example.test,+91-90000-0515,Mohali,Synthetic profile 0515; record variant 0; seed 20260925.,633387
subject-0515-record-01,subject-0515,Synthetic User 0515,user0515@example.test,+91-90000-0515,Mohali,Synthetic profile 0515; record variant 1; seed 20260925.,746602
subject-0515-record-02,subject-0515,Synthetic User 0515,user0515@example.test,+91-90000-0515,Mohali,Synthetic profile 0515; record variant 2; seed 20260925.,808193
subject-0515-record-03,subject-0515,Synthetic User 0515,user0515@example.test,+91-90000-0515,Mohali,Synthetic profile 0515; record variant 3; seed 20260925.,978269
subject-0515-record-04,subject-0515,Synthetic User 0515,user0515@example.test,+91-90000-0515,Mohali,Synthetic profile 0515; record variant 4; seed 20260925.,609506
subject-0516-record-00,subject-0516,Synthetic User 0516,user0516@example.test,+91-90000-0516,Delhi,Synthetic profile 0516; record variant 0; seed 20260925.,136661
subject-0516-record-01,subject-0516,Synthetic User 0516,user0516@example.test,+91-90000-0516,Delhi,Synthetic profile 0516; record variant 1; seed 20260925.,765140
subject-0516-record-02,subject-0516,Synthetic User 0516,user0516@example.test,+91-90000-0516,Delhi,Synthetic profile 0516; record variant 2; seed 20260925.,512536
subject-0516-record-03,subject-0516,Synthetic User 0516,user0516@example.test,+91-90000-0516,Delhi,Synthetic profile 0516; record variant 3; seed 20260925.,324613
subject-0516-record-04,subject-0516,Synthetic User 0516,user0516@example.test,+91-90000-0516,Delhi,Synthetic profile 0516; record variant 4; seed 20260925.,516621
subject-0517-record-00,subject-0517,Synthetic User 0517,user0517@example.test,+91-90000-0517,Pune,Synthetic profile 0517; record variant 0; seed 20260925.,822618
subject-0517-record-01,subject-0517,Synthetic User 0517,user0517@example.test,+91-90000-0517,Pune,Synthetic profile 0517; record variant 1; seed 20260925.,557037
subject-0517-record-02,subject-0517,Synthetic User 0517,user0517@example.test,+91-90000-0517,Pune,Synthetic profile 0517; record variant 2; seed 20260925.,405678
subject-0517-record-03,subject-0517,Synthetic User 0517,user0517@example.test,+91-90000-0517,Pune,Synthetic profile 0517; record variant 3; seed 20260925.,921379
subject-0517-record-04,subject-0517,Synthetic User 0517,user0517@example.test,+91-90000-0517,Pune,Synthetic profile 0517; record variant 4; seed 20260925.,307535
subject-0518-record-00,subject-0518,Synthetic User 0518,user0518@example.test,+91-90000-0518,Bengaluru,Synthetic profile 0518; record variant 0; seed 20260925.,471532
subject-0518-record-01,subject-0518,Synthetic User 0518,user0518@example.test,+91-90000-0518,Bengaluru,Synthetic profile 0518; record variant 1; seed 20260925.,721798
subject-0518-record-02,subject-0518,Synthetic User 0518,user0518@example.test,+91-90000-0518,Bengaluru,Synthetic profile 0518; record variant 2; seed 20260925.,961654
subject-0518-record-03,subject-0518,Synthetic User 0518,user0518@example.test,+91-90000-0518,Bengaluru,Synthetic profile 0518; record variant 3; seed 20260925.,966971
subject-0518-record-04,subject-0518,Synthetic User 0518,user0518@example.test,+91-90000-0518,Bengaluru,Synthetic profile 0518; record variant 4; seed 20260925.,364861
subject-0519-record-00,subject-0519,Synthetic User 0519,user0519@example.test,+91-90000-0519,Jaipur,Synthetic profile 0519; record variant 0; seed 20260925.,246598
subject-0519-record-01,subject-0519,Synthetic User 0519,user0519@example.test,+91-90000-0519,Jaipur,Synthetic profile 0519; record variant 1; seed 20260925.,148125
subject-0519-record-02,subject-0519,Synthetic User 0519,user0519@example.test,+91-90000-0519,Jaipur,Synthetic profile 0519; record variant 2; seed 20260925.,948776
subject-0519-record-03,subject-0519,Synthetic User 0519,user0519@example.test,+91-90000-0519,Jaipur,Synthetic profile 0519; record variant 3; seed 20260925.,707383
subject-0519-record-04,subject-0519,Synthetic User 0519,user0519@example.test,+91-90000-0519,Jaipur,Synthetic profile 0519; record variant 4; seed 20260925.,496815
subject-0520-record-00,subject-0520,Synthetic User 0520,user0520@example.test,+91-90000-0520,Mohali,Synthetic profile 0520; record variant 0; seed 20260925.,394373
subject-0520-record-01,subject-0520,Synthetic User 0520,user0520@example.test,+91-90000-0520,Mohali,Synthetic profile 0520; record variant 1; seed 20260925.,649611
subject-0520-record-02,subject-0520,Synthetic User 0520,user0520@example.test,+91-90000-0520,Mohali,Synthetic profile 0520; record variant 2; seed 20260925.,655287
subject-0520-record-03,subject-0520,Synthetic User 0520,user0520@example.test,+91-90000-0520,Mohali,Synthetic profile 0520; record variant 3; seed 20260925.,345784
subject-0520-record-04,subject-0520,Synthetic User 0520,user0520@example.test,+91-90000-0520,Mohali,Synthetic profile 0520; record variant 4; seed 20260925.,730750
subject-0521-record-00,subject-0521,Synthetic User 0521,user0521@example.test,+91-90000-0521,Delhi,Synthetic profile 0521; record variant 0; seed 20260925.,743482
subject-0521-record-01,subject-0521,Synthetic User 0521,user0521@example.test,+91-90000-0521,Delhi,Synthetic profile 0521; record variant 1; seed 20260925.,763313
subject-0521-record-02,subject-0521,Synthetic User 0521,user0521@example.test,+91-90000-0521,Delhi,Synthetic profile 0521; record variant 2; seed 20260925.,968371
subject-0521-record-03,subject-0521,Synthetic User 0521,user0521@example.test,+91-90000-0521,Delhi,Synthetic profile 0521; record variant 3; seed 20260925.,798816
subject-0521-record-04,subject-0521,Synthetic User 0521,user0521@example.test,+91-90000-0521,Delhi,Synthetic profile 0521; record variant 4; seed 20260925.,258228
subject-0522-record-00,subject-0522,Synthetic User 0522,user0522@example.test,+91-90000-0522,Pune,Synthetic profile 0522; record variant 0; seed 20260925.,847391
subject-0522-record-01,subject-0522,Synthetic User 0522,user0522@example.test,+91-90000-0522,Pune,Synthetic profile 0522; record variant 1; seed 20260925.,144858
subject-0522-record-02,subject-0522,Synthetic User 0522,user0522@example.test,+91-90000-0522,Pune,Synthetic profile 0522; record variant 2; seed 20260925.,758228
subject-0522-record-03,subject-0522,Synthetic User 0522,user0522@example.test,+91-90000-0522,Pune,Synthetic profile 0522; record variant 3; seed 20260925.,129424
subject-0522-record-04,subject-0522,Synthetic User 0522,user0522@example.test,+91-90000-0522,Pune,Synthetic profile 0522; record variant 4; seed 20260925.,628084
subject-0523-record-00,subject-0523,Synthetic User 0523,user0523@example.test,+91-90000-0523,Bengaluru,Synthetic profile 0523; record variant 0; seed 20260925.,607941
subject-0523-record-01,subject-0523,Synthetic User 0523,user0523@example.test,+91-90000-0523,Bengaluru,Synthetic profile 0523; record variant 1; seed 20260925.,332066
subject-0523-record-02,subject-0523,Synthetic User 0523,user0523@example.test,+91-90000-0523,Bengaluru,Synthetic profile 0523; record variant 2; seed 20260925.,780457
subject-0523-record-03,subject-0523,Synthetic User 0523,user0523@example.test,+91-90000-0523,Bengaluru,Synthetic profile 0523; record variant 3; seed 20260925.,327989
subject-0523-record-04,subject-0523,Synthetic User 0523,user0523@example.test,+91-90000-0523,Bengaluru,Synthetic profile 0523; record variant 4; seed 20260925.,297593
subject-0524-record-00,subject-0524,Synthetic User 0524,user0524@example.test,+91-90000-0524,Jaipur,Synthetic profile 0524; record variant 0; seed 20260925.,738231
subject-0524-record-01,subject-0524,Synthetic User 0524,user0524@example.test,+91-90000-0524,Jaipur,Synthetic profile 0524; record variant 1; seed 20260925.,996041
subject-0524-record-02,subject-0524,Synthetic User 0524,user0524@example.test,+91-90000-0524,Jaipur,Synthetic profile 0524; record variant 2; seed 20260925.,323303
subject-0524-record-03,subject-0524,Synthetic User 0524,user0524@example.test,+91-90000-0524,Jaipur,Synthetic profile 0524; record variant 3; seed 20260925.,797195
subject-0524-record-04,subject-0524,Synthetic User 0524,user0524@example.test,+91-90000-0524,Jaipur,Synthetic profile 0524; record variant 4; seed 20260925.,189384
subject-0525-record-00,subject-0525,Synthetic User 0525,user0525@example.test,+91-90000-0525,Mohali,Synthetic profile 0525; record variant 0; seed 20260925.,298896
subject-0525-record-01,subject-0525,Synthetic User 0525,user0525@example.test,+91-90000-0525,Mohali,Synthetic profile 0525; record variant 1; seed 20260925.,223200
subject-0525-record-02,subject-0525,Synthetic User 0525,user0525@example.test,+91-90000-0525,Mohali,Synthetic profile 0525; record variant 2; seed 20260925.,142055
subject-0525-record-03,subject-0525,Synthetic User 0525,user0525@example.test,+91-90000-0525,Mohali,Synthetic profile 0525; record variant 3; seed 20260925.,716643
subject-0525-record-04,subject-0525,Synthetic User 0525,user0525@example.test,+91-90000-0525,Mohali,Synthetic profile 0525; record variant 4; seed 20260925.,204601
subject-0526-record-00,subject-0526,Synthetic User 0526,user0526@example.test,+91-90000-0526,Delhi,Synthetic profile 0526; record variant 0; seed 20260925.,312507
subject-0526-record-01,subject-0526,Synthetic User 0526,user0526@example.test,+91-90000-0526,Delhi,Synthetic profile 0526; record variant 1; seed 20260925.,999985
subject-0526-record-02,subject-0526,Synthetic User 0526,user0526@example.test,+91-90000-0526,Delhi,Synthetic profile 0526; record variant 2; seed 20260925.,505154
subject-0526-record-03,subject-0526,Synthetic User 0526,user0526@example.test,+91-90000-0526,Delhi,Synthetic profile 0526; record variant 3; seed 20260925.,176502
subject-0526-record-04,subject-0526,Synthetic User 0526,user0526@example.test,+91-90000-0526,Delhi,Synthetic profile 0526; record variant 4; seed 20260925.,263788
subject-0527-record-00,subject-0527,Synthetic User 0527,user0527@example.test,+91-90000-0527,Pune,Synthetic profile 0527; record variant 0; seed 20260925.,369699
subject-0527-record-01,subject-0527,Synthetic User 0527,user0527@example.test,+91-90000-0527,Pune,Synthetic profile 0527; record variant 1; seed 20260925.,217588
subject-0527-record-02,subject-0527,Synthetic User 0527,user0527@example.test,+91-90000-0527,Pune,Synthetic profile 0527; record variant 2; seed 20260925.,851323
subject-0527-record-03,subject-0527,Synthetic User 0527,user0527@example.test,+91-90000-0527,Pune,Synthetic profile 0527; record variant 3; seed 20260925.,560401
subject-0527-record-04,subject-0527,Synthetic User 0527,user0527@example.test,+91-90000-0527,Pune,Synthetic profile 0527; record variant 4; seed 20260925.,754667
subject-0528-record-00,subject-0528,Synthetic User 0528,user0528@example.test,+91-90000-0528,Bengaluru,Synthetic profile 0528; record variant 0; seed 20260925.,988719
subject-0528-record-01,subject-0528,Synthetic User 0528,user0528@example.test,+91-90000-0528,Bengaluru,Synthetic profile 0528; record variant 1; seed 20260925.,206492
subject-0528-record-02,subject-0528,Synthetic User 0528,user0528@example.test,+91-90000-0528,Bengaluru,Synthetic profile 0528; record variant 2; seed 20260925.,835769
subject-0528-record-03,subject-0528,Synthetic User 0528,user0528@example.test,+91-90000-0528,Bengaluru,Synthetic profile 0528; record variant 3; seed 20260925.,375739
subject-0528-record-04,subject-0528,Synthetic User 0528,user0528@example.test,+91-90000-0528,Bengaluru,Synthetic profile 0528; record variant 4; seed 20260925.,331145
subject-0529-record-00,subject-0529,Synthetic User 0529,user0529@example.test,+91-90000-0529,Jaipur,Synthetic profile 0529; record variant 0; seed 20260925.,935116
subject-0529-record-01,subject-0529,Synthetic User 0529,user0529@example.test,+91-90000-0529,Jaipur,Synthetic profile 0529; record variant 1; seed 20260925.,422811
subject-0529-record-02,subject-0529,Synthetic User 0529,user0529@example.test,+91-90000-0529,Jaipur,Synthetic profile 0529; record variant 2; seed 20260925.,314007
subject-0529-record-03,subject-0529,Synthetic User 0529,user0529@example.test,+91-90000-0529,Jaipur,Synthetic profile 0529; record variant 3; seed 20260925.,270949
subject-0529-record-04,subject-0529,Synthetic User 0529,user0529@example.test,+91-90000-0529,Jaipur,Synthetic profile 0529; record variant 4; seed 20260925.,946792
subject-0530-record-00,subject-0530,Synthetic User 0530,user0530@example.test,+91-90000-0530,Mohali,Synthetic profile 0530; record variant 0; seed 20260925.,506876
subject-0530-record-01,subject-0530,Synthetic User 0530,user0530@example.test,+91-90000-0530,Mohali,Synthetic profile 0530; record variant 1; seed 20260925.,640508
subject-0530-record-02,subject-0530,Synthetic User 0530,user0530@example.test,+91-90000-0530,Mohali,Synthetic profile 0530; record variant 2; seed 20260925.,183779
subject-0530-record-03,subject-0530,Synthetic User 0530,user0530@example.test,+91-90000-0530,Mohali,Synthetic profile 0530; record variant 3; seed 20260925.,354406
subject-0530-record-04,subject-0530,Synthetic User 0530,user0530@example.test,+91-90000-0530,Mohali,Synthetic profile 0530; record variant 4; seed 20260925.,315385
subject-0531-record-00,subject-0531,Synthetic User 0531,user0531@example.test,+91-90000-0531,Delhi,Synthetic profile 0531; record variant 0; seed 20260925.,215014
subject-0531-record-01,subject-0531,Synthetic User 0531,user0531@example.test,+91-90000-0531,Delhi,Synthetic profile 0531; record variant 1; seed 20260925.,804960
subject-0531-record-02,subject-0531,Synthetic User 0531,user0531@example.test,+91-90000-0531,Delhi,Synthetic profile 0531; record variant 2; seed 20260925.,564530
subject-0531-record-03,subject-0531,Synthetic User 0531,user0531@example.test,+91-90000-0531,Delhi,Synthetic profile 0531; record variant 3; seed 20260925.,240262
subject-0531-record-04,subject-0531,Synthetic User 0531,user0531@example.test,+91-90000-0531,Delhi,Synthetic profile 0531; record variant 4; seed 20260925.,611732
subject-0532-record-00,subject-0532,Synthetic User 0532,user0532@example.test,+91-90000-0532,Pune,Synthetic profile 0532; record variant 0; seed 20260925.,503793
subject-0532-record-01,subject-0532,Synthetic User 0532,user0532@example.test,+91-90000-0532,Pune,Synthetic profile 0532; record variant 1; seed 20260925.,280974
subject-0532-record-02,subject-0532,Synthetic User 0532,user0532@example.test,+91-90000-0532,Pune,Synthetic profile 0532; record variant 2; seed 20260925.,624682
subject-0532-record-03,subject-0532,Synthetic User 0532,user0532@example.test,+91-90000-0532,Pune,Synthetic profile 0532; record variant 3; seed 20260925.,212383
subject-0532-record-04,subject-0532,Synthetic User 0532,user0532@example.test,+91-90000-0532,Pune,Synthetic profile 0532; record variant 4; seed 20260925.,925407
subject-0533-record-00,subject-0533,Synthetic User 0533,user0533@example.test,+91-90000-0533,Bengaluru,Synthetic profile 0533; record variant 0; seed 20260925.,876510
subject-0533-record-01,subject-0533,Synthetic User 0533,user0533@example.test,+91-90000-0533,Bengaluru,Synthetic profile 0533; record variant 1; seed 20260925.,385722
subject-0533-record-02,subject-0533,Synthetic User 0533,user0533@example.test,+91-90000-0533,Bengaluru,Synthetic profile 0533; record variant 2; seed 20260925.,453345
subject-0533-record-03,subject-0533,Synthetic User 0533,user0533@example.test,+91-90000-0533,Bengaluru,Synthetic profile 0533; record variant 3; seed 20260925.,818334
subject-0533-record-04,subject-0533,Synthetic User 0533,user0533@example.test,+91-90000-0533,Bengaluru,Synthetic profile 0533; record variant 4; seed 20260925.,977069
subject-0534-record-00,subject-0534,Synthetic User 0534,user0534@example.test,+91-90000-0534,Jaipur,Synthetic profile 0534; record variant 0; seed 20260925.,859707
subject-0534-record-01,subject-0534,Synthetic User 0534,user0534@example.test,+91-90000-0534,Jaipur,Synthetic profile 0534; record variant 1; seed 20260925.,856710
subject-0534-record-02,subject-0534,Synthetic User 0534,user0534@example.test,+91-90000-0534,Jaipur,Synthetic profile 0534; record variant 2; seed 20260925.,892737
subject-0534-record-03,subject-0534,Synthetic User 0534,user0534@example.test,+91-90000-0534,Jaipur,Synthetic profile 0534; record variant 3; seed 20260925.,575016
subject-0534-record-04,subject-0534,Synthetic User 0534,user0534@example.test,+91-90000-0534,Jaipur,Synthetic profile 0534; record variant 4; seed 20260925.,176534
subject-0535-record-00,subject-0535,Synthetic User 0535,user0535@example.test,+91-90000-0535,Mohali,Synthetic profile 0535; record variant 0; seed 20260925.,441824
subject-0535-record-01,subject-0535,Synthetic User 0535,user0535@example.test,+91-90000-0535,Mohali,Synthetic profile 0535; record variant 1; seed 20260925.,359218
subject-0535-record-02,subject-0535,Synthetic User 0535,user0535@example.test,+91-90000-0535,Mohali,Synthetic profile 0535; record variant 2; seed 20260925.,622036
subject-0535-record-03,subject-0535,Synthetic User 0535,user0535@example.test,+91-90000-0535,Mohali,Synthetic profile 0535; record variant 3; seed 20260925.,264030
subject-0535-record-04,subject-0535,Synthetic User 0535,user0535@example.test,+91-90000-0535,Mohali,Synthetic profile 0535; record variant 4; seed 20260925.,194085
subject-0536-record-00,subject-0536,Synthetic User 0536,user0536@example.test,+91-90000-0536,Delhi,Synthetic profile 0536; record variant 0; seed 20260925.,480459
subject-0536-record-01,subject-0536,Synthetic User 0536,user0536@example.test,+91-90000-0536,Delhi,Synthetic profile 0536; record variant 1; seed 20260925.,958986
subject-0536-record-02,subject-0536,Synthetic User 0536,user0536@example.test,+91-90000-0536,Delhi,Synthetic profile 0536; record variant 2; seed 20260925.,755641
subject-0536-record-03,subject-0536,Synthetic User 0536,user0536@example.test,+91-90000-0536,Delhi,Synthetic profile 0536; record variant 3; seed 20260925.,252756
subject-0536-record-04,subject-0536,Synthetic User 0536,user0536@example.test,+91-90000-0536,Delhi,Synthetic profile 0536; record variant 4; seed 20260925.,251396
subject-0537-record-00,subject-0537,Synthetic User 0537,user0537@example.test,+91-90000-0537,Pune,Synthetic profile 0537; record variant 0; seed 20260925.,642306
subject-0537-record-01,subject-0537,Synthetic User 0537,user0537@example.test,+91-90000-0537,Pune,Synthetic profile 0537; record variant 1; seed 20260925.,124133
subject-0537-record-02,subject-0537,Synthetic User 0537,user0537@example.test,+91-90000-0537,Pune,Synthetic profile 0537; record variant 2; seed 20260925.,802878
subject-0537-record-03,subject-0537,Synthetic User 0537,user0537@example.test,+91-90000-0537,Pune,Synthetic profile 0537; record variant 3; seed 20260925.,116397
subject-0537-record-04,subject-0537,Synthetic User 0537,user0537@example.test,+91-90000-0537,Pune,Synthetic profile 0537; record variant 4; seed 20260925.,145663
subject-0538-record-00,subject-0538,Synthetic User 0538,user0538@example.test,+91-90000-0538,Bengaluru,Synthetic profile 0538; record variant 0; seed 20260925.,275546
subject-0538-record-01,subject-0538,Synthetic User 0538,user0538@example.test,+91-90000-0538,Bengaluru,Synthetic profile 0538; record variant 1; seed 20260925.,361249
subject-0538-record-02,subject-0538,Synthetic User 0538,user0538@example.test,+91-90000-0538,Bengaluru,Synthetic profile 0538; record variant 2; seed 20260925.,786225
subject-0538-record-03,subject-0538,Synthetic User 0538,user0538@example.test,+91-90000-0538,Bengaluru,Synthetic profile 0538; record variant 3; seed 20260925.,815509
subject-0538-record-04,subject-0538,Synthetic User 0538,user0538@example.test,+91-90000-0538,Bengaluru,Synthetic profile 0538; record variant 4; seed 20260925.,192159
subject-0539-record-00,subject-0539,Synthetic User 0539,user0539@example.test,+91-90000-0539,Jaipur,Synthetic profile 0539; record variant 0; seed 20260925.,626526
subject-0539-record-01,subject-0539,Synthetic User 0539,user0539@example.test,+91-90000-0539,Jaipur,Synthetic profile 0539; record variant 1; seed 20260925.,718536
subject-0539-record-02,subject-0539,Synthetic User 0539,user0539@example.test,+91-90000-0539,Jaipur,Synthetic profile 0539; record variant 2; seed 20260925.,716180
subject-0539-record-03,subject-0539,Synthetic User 0539,user0539@example.test,+91-90000-0539,Jaipur,Synthetic profile 0539; record variant 3; seed 20260925.,365465
subject-0539-record-04,subject-0539,Synthetic User 0539,user0539@example.test,+91-90000-0539,Jaipur,Synthetic profile 0539; record variant 4; seed 20260925.,483734
subject-0540-record-00,subject-0540,Synthetic User 0540,user0540@example.test,+91-90000-0540,Mohali,Synthetic profile 0540; record variant 0; seed 20260925.,349909
subject-0540-record-01,subject-0540,Synthetic User 0540,user0540@example.test,+91-90000-0540,Mohali,Synthetic profile 0540; record variant 1; seed 20260925.,818993
subject-0540-record-02,subject-0540,Synthetic User 0540,user0540@example.test,+91-90000-0540,Mohali,Synthetic profile 0540; record variant 2; seed 20260925.,238223
subject-0540-record-03,subject-0540,Synthetic User 0540,user0540@example.test,+91-90000-0540,Mohali,Synthetic profile 0540; record variant 3; seed 20260925.,738209
subject-0540-record-04,subject-0540,Synthetic User 0540,user0540@example.test,+91-90000-0540,Mohali,Synthetic profile 0540; record variant 4; seed 20260925.,568099
subject-0541-record-00,subject-0541,Synthetic User 0541,user0541@example.test,+91-90000-0541,Delhi,Synthetic profile 0541; record variant 0; seed 20260925.,989157
subject-0541-record-01,subject-0541,Synthetic User 0541,user0541@example.test,+91-90000-0541,Delhi,Synthetic profile 0541; record variant 1; seed 20260925.,820198
subject-0541-record-02,subject-0541,Synthetic User 0541,user0541@example.test,+91-90000-0541,Delhi,Synthetic profile 0541; record variant 2; seed 20260925.,105675
subject-0541-record-03,subject-0541,Synthetic User 0541,user0541@example.test,+91-90000-0541,Delhi,Synthetic profile 0541; record variant 3; seed 20260925.,930428
subject-0541-record-04,subject-0541,Synthetic User 0541,user0541@example.test,+91-90000-0541,Delhi,Synthetic profile 0541; record variant 4; seed 20260925.,455546
subject-0542-record-00,subject-0542,Synthetic User 0542,user0542@example.test,+91-90000-0542,Pune,Synthetic profile 0542; record variant 0; seed 20260925.,992490
subject-0542-record-01,subject-0542,Synthetic User 0542,user0542@example.test,+91-90000-0542,Pune,Synthetic profile 0542; record variant 1; seed 20260925.,328473
subject-0542-record-02,subject-0542,Synthetic User 0542,user0542@example.test,+91-90000-0542,Pune,Synthetic profile 0542; record variant 2; seed 20260925.,550414
subject-0542-record-03,subject-0542,Synthetic User 0542,user0542@example.test,+91-90000-0542,Pune,Synthetic profile 0542; record variant 3; seed 20260925.,988493
subject-0542-record-04,subject-0542,Synthetic User 0542,user0542@example.test,+91-90000-0542,Pune,Synthetic profile 0542; record variant 4; seed 20260925.,265096
subject-0543-record-00,subject-0543,Synthetic User 0543,user0543@example.test,+91-90000-0543,Bengaluru,Synthetic profile 0543; record variant 0; seed 20260925.,459727
subject-0543-record-01,subject-0543,Synthetic User 0543,user0543@example.test,+91-90000-0543,Bengaluru,Synthetic profile 0543; record variant 1; seed 20260925.,889076
subject-0543-record-02,subject-0543,Synthetic User 0543,user0543@example.test,+91-90000-0543,Bengaluru,Synthetic profile 0543; record variant 2; seed 20260925.,894225
subject-0543-record-03,subject-0543,Synthetic User 0543,user0543@example.test,+91-90000-0543,Bengaluru,Synthetic profile 0543; record variant 3; seed 20260925.,162886
subject-0543-record-04,subject-0543,Synthetic User 0543,user0543@example.test,+91-90000-0543,Bengaluru,Synthetic profile 0543; record variant 4; seed 20260925.,491483
subject-0544-record-00,subject-0544,Synthetic User 0544,user0544@example.test,+91-90000-0544,Jaipur,Synthetic profile 0544; record variant 0; seed 20260925.,660538
subject-0544-record-01,subject-0544,Synthetic User 0544,user0544@example.test,+91-90000-0544,Jaipur,Synthetic profile 0544; record variant 1; seed 20260925.,209594
subject-0544-record-02,subject-0544,Synthetic User 0544,user0544@example.test,+91-90000-0544,Jaipur,Synthetic profile 0544; record variant 2; seed 20260925.,527906
subject-0544-record-03,subject-0544,Synthetic User 0544,user0544@example.test,+91-90000-0544,Jaipur,Synthetic profile 0544; record variant 3; seed 20260925.,822593
subject-0544-record-04,subject-0544,Synthetic User 0544,user0544@example.test,+91-90000-0544,Jaipur,Synthetic profile 0544; record variant 4; seed 20260925.,936167
subject-0545-record-00,subject-0545,Synthetic User 0545,user0545@example.test,+91-90000-0545,Mohali,Synthetic profile 0545; record variant 0; seed 20260925.,531301
subject-0545-record-01,subject-0545,Synthetic User 0545,user0545@example.test,+91-90000-0545,Mohali,Synthetic profile 0545; record variant 1; seed 20260925.,678796
subject-0545-record-02,subject-0545,Synthetic User 0545,user0545@example.test,+91-90000-0545,Mohali,Synthetic profile 0545; record variant 2; seed 20260925.,470453
subject-0545-record-03,subject-0545,Synthetic User 0545,user0545@example.test,+91-90000-0545,Mohali,Synthetic profile 0545; record variant 3; seed 20260925.,998751
subject-0545-record-04,subject-0545,Synthetic User 0545,user0545@example.test,+91-90000-0545,Mohali,Synthetic profile 0545; record variant 4; seed 20260925.,283229
subject-0546-record-00,subject-0546,Synthetic User 0546,user0546@example.test,+91-90000-0546,Delhi,Synthetic profile 0546; record variant 0; seed 20260925.,289063
subject-0546-record-01,subject-0546,Synthetic User 0546,user0546@example.test,+91-90000-0546,Delhi,Synthetic profile 0546; record variant 1; seed 20260925.,405595
subject-0546-record-02,subject-0546,Synthetic User 0546,user0546@example.test,+91-90000-0546,Delhi,Synthetic profile 0546; record variant 2; seed 20260925.,369310
subject-0546-record-03,subject-0546,Synthetic User 0546,user0546@example.test,+91-90000-0546,Delhi,Synthetic profile 0546; record variant 3; seed 20260925.,639710
subject-0546-record-04,subject-0546,Synthetic User 0546,user0546@example.test,+91-90000-0546,Delhi,Synthetic profile 0546; record variant 4; seed 20260925.,972460
subject-0547-record-00,subject-0547,Synthetic User 0547,user0547@example.test,+91-90000-0547,Pune,Synthetic profile 0547; record variant 0; seed 20260925.,405843
subject-0547-record-01,subject-0547,Synthetic User 0547,user0547@example.test,+91-90000-0547,Pune,Synthetic profile 0547; record variant 1; seed 20260925.,883570
subject-0547-record-02,subject-0547,Synthetic User 0547,user0547@example.test,+91-90000-0547,Pune,Synthetic profile 0547; record variant 2; seed 20260925.,994410
subject-0547-record-03,subject-0547,Synthetic User 0547,user0547@example.test,+91-90000-0547,Pune,Synthetic profile 0547; record variant 3; seed 20260925.,689455
subject-0547-record-04,subject-0547,Synthetic User 0547,user0547@example.test,+91-90000-0547,Pune,Synthetic profile 0547; record variant 4; seed 20260925.,145902
subject-0548-record-00,subject-0548,Synthetic User 0548,user0548@example.test,+91-90000-0548,Bengaluru,Synthetic profile 0548; record variant 0; seed 20260925.,489247
subject-0548-record-01,subject-0548,Synthetic User 0548,user0548@example.test,+91-90000-0548,Bengaluru,Synthetic profile 0548; record variant 1; seed 20260925.,727554
subject-0548-record-02,subject-0548,Synthetic User 0548,user0548@example.test,+91-90000-0548,Bengaluru,Synthetic profile 0548; record variant 2; seed 20260925.,129654
subject-0548-record-03,subject-0548,Synthetic User 0548,user0548@example.test,+91-90000-0548,Bengaluru,Synthetic profile 0548; record variant 3; seed 20260925.,427882
subject-0548-record-04,subject-0548,Synthetic User 0548,user0548@example.test,+91-90000-0548,Bengaluru,Synthetic profile 0548; record variant 4; seed 20260925.,286530
subject-0549-record-00,subject-0549,Synthetic User 0549,user0549@example.test,+91-90000-0549,Jaipur,Synthetic profile 0549; record variant 0; seed 20260925.,416122
subject-0549-record-01,subject-0549,Synthetic User 0549,user0549@example.test,+91-90000-0549,Jaipur,Synthetic profile 0549; record variant 1; seed 20260925.,621268
subject-0549-record-02,subject-0549,Synthetic User 0549,user0549@example.test,+91-90000-0549,Jaipur,Synthetic profile 0549; record variant 2; seed 20260925.,478370
subject-0549-record-03,subject-0549,Synthetic User 0549,user0549@example.test,+91-90000-0549,Jaipur,Synthetic profile 0549; record variant 3; seed 20260925.,480801
subject-0549-record-04,subject-0549,Synthetic User 0549,user0549@example.test,+91-90000-0549,Jaipur,Synthetic profile 0549; record variant 4; seed 20260925.,184737
subject-0550-record-00,subject-0550,Synthetic User 0550,user0550@example.test,+91-90000-0550,Mohali,Synthetic profile 0550; record variant 0; seed 20260925.,204744
subject-0550-record-01,subject-0550,Synthetic User 0550,user0550@example.test,+91-90000-0550,Mohali,Synthetic profile 0550; record variant 1; seed 20260925.,762933
subject-0550-record-02,subject-0550,Synthetic User 0550,user0550@example.test,+91-90000-0550,Mohali,Synthetic profile 0550; record variant 2; seed 20260925.,474680
subject-0550-record-03,subject-0550,Synthetic User 0550,user0550@example.test,+91-90000-0550,Mohali,Synthetic profile 0550; record variant 3; seed 20260925.,944301
subject-0550-record-04,subject-0550,Synthetic User 0550,user0550@example.test,+91-90000-0550,Mohali,Synthetic profile 0550; record variant 4; seed 20260925.,455382
subject-0551-record-00,subject-0551,Synthetic User 0551,user0551@example.test,+91-90000-0551,Delhi,Synthetic profile 0551; record variant 0; seed 20260925.,536238
subject-0551-record-01,subject-0551,Synthetic User 0551,user0551@example.test,+91-90000-0551,Delhi,Synthetic profile 0551; record variant 1; seed 20260925.,266701
subject-0551-record-02,subject-0551,Synthetic User 0551,user0551@example.test,+91-90000-0551,Delhi,Synthetic profile 0551; record variant 2; seed 20260925.,624160
subject-0551-record-03,subject-0551,Synthetic User 0551,user0551@example.test,+91-90000-0551,Delhi,Synthetic profile 0551; record variant 3; seed 20260925.,739227
subject-0551-record-04,subject-0551,Synthetic User 0551,user0551@example.test,+91-90000-0551,Delhi,Synthetic profile 0551; record variant 4; seed 20260925.,420347
subject-0552-record-00,subject-0552,Synthetic User 0552,user0552@example.test,+91-90000-0552,Pune,Synthetic profile 0552; record variant 0; seed 20260925.,400659
subject-0552-record-01,subject-0552,Synthetic User 0552,user0552@example.test,+91-90000-0552,Pune,Synthetic profile 0552; record variant 1; seed 20260925.,779419
subject-0552-record-02,subject-0552,Synthetic User 0552,user0552@example.test,+91-90000-0552,Pune,Synthetic profile 0552; record variant 2; seed 20260925.,501975
subject-0552-record-03,subject-0552,Synthetic User 0552,user0552@example.test,+91-90000-0552,Pune,Synthetic profile 0552; record variant 3; seed 20260925.,668515
subject-0552-record-04,subject-0552,Synthetic User 0552,user0552@example.test,+91-90000-0552,Pune,Synthetic profile 0552; record variant 4; seed 20260925.,654967
subject-0553-record-00,subject-0553,Synthetic User 0553,user0553@example.test,+91-90000-0553,Bengaluru,Synthetic profile 0553; record variant 0; seed 20260925.,395714
subject-0553-record-01,subject-0553,Synthetic User 0553,user0553@example.test,+91-90000-0553,Bengaluru,Synthetic profile 0553; record variant 1; seed 20260925.,262440
subject-0553-record-02,subject-0553,Synthetic User 0553,user0553@example.test,+91-90000-0553,Bengaluru,Synthetic profile 0553; record variant 2; seed 20260925.,685905
subject-0553-record-03,subject-0553,Synthetic User 0553,user0553@example.test,+91-90000-0553,Bengaluru,Synthetic profile 0553; record variant 3; seed 20260925.,433043
subject-0553-record-04,subject-0553,Synthetic User 0553,user0553@example.test,+91-90000-0553,Bengaluru,Synthetic profile 0553; record variant 4; seed 20260925.,710896
subject-0554-record-00,subject-0554,Synthetic User 0554,user0554@example.test,+91-90000-0554,Jaipur,Synthetic profile 0554; record variant 0; seed 20260925.,484547
subject-0554-record-01,subject-0554,Synthetic User 0554,user0554@example.test,+91-90000-0554,Jaipur,Synthetic profile 0554; record variant 1; seed 20260925.,867192
subject-0554-record-02,subject-0554,Synthetic User 0554,user0554@example.test,+91-90000-0554,Jaipur,Synthetic profile 0554; record variant 2; seed 20260925.,203052
subject-0554-record-03,subject-0554,Synthetic User 0554,user0554@example.test,+91-90000-0554,Jaipur,Synthetic profile 0554; record variant 3; seed 20260925.,807913
subject-0554-record-04,subject-0554,Synthetic User 0554,user0554@example.test,+91-90000-0554,Jaipur,Synthetic profile 0554; record variant 4; seed 20260925.,757886
subject-0555-record-00,subject-0555,Synthetic User 0555,user0555@example.test,+91-90000-0555,Mohali,Synthetic profile 0555; record variant 0; seed 20260925.,646649
subject-0555-record-01,subject-0555,Synthetic User 0555,user0555@example.test,+91-90000-0555,Mohali,Synthetic profile 0555; record variant 1; seed 20260925.,742519
subject-0555-record-02,subject-0555,Synthetic User 0555,user0555@example.test,+91-90000-0555,Mohali,Synthetic profile 0555; record variant 2; seed 20260925.,361854
subject-0555-record-03,subject-0555,Synthetic User 0555,user0555@example.test,+91-90000-0555,Mohali,Synthetic profile 0555; record variant 3; seed 20260925.,402963
subject-0555-record-04,subject-0555,Synthetic User 0555,user0555@example.test,+91-90000-0555,Mohali,Synthetic profile 0555; record variant 4; seed 20260925.,656826
subject-0556-record-00,subject-0556,Synthetic User 0556,user0556@example.test,+91-90000-0556,Delhi,Synthetic profile 0556; record variant 0; seed 20260925.,872695
subject-0556-record-01,subject-0556,Synthetic User 0556,user0556@example.test,+91-90000-0556,Delhi,Synthetic profile 0556; record variant 1; seed 20260925.,452585
subject-0556-record-02,subject-0556,Synthetic User 0556,user0556@example.test,+91-90000-0556,Delhi,Synthetic profile 0556; record variant 2; seed 20260925.,219829
subject-0556-record-03,subject-0556,Synthetic User 0556,user0556@example.test,+91-90000-0556,Delhi,Synthetic profile 0556; record variant 3; seed 20260925.,293465
subject-0556-record-04,subject-0556,Synthetic User 0556,user0556@example.test,+91-90000-0556,Delhi,Synthetic profile 0556; record variant 4; seed 20260925.,191939
subject-0557-record-00,subject-0557,Synthetic User 0557,user0557@example.test,+91-90000-0557,Pune,Synthetic profile 0557; record variant 0; seed 20260925.,352161
subject-0557-record-01,subject-0557,Synthetic User 0557,user0557@example.test,+91-90000-0557,Pune,Synthetic profile 0557; record variant 1; seed 20260925.,528783
subject-0557-record-02,subject-0557,Synthetic User 0557,user0557@example.test,+91-90000-0557,Pune,Synthetic profile 0557; record variant 2; seed 20260925.,392647
subject-0557-record-03,subject-0557,Synthetic User 0557,user0557@example.test,+91-90000-0557,Pune,Synthetic profile 0557; record variant 3; seed 20260925.,624755
subject-0557-record-04,subject-0557,Synthetic User 0557,user0557@example.test,+91-90000-0557,Pune,Synthetic profile 0557; record variant 4; seed 20260925.,198213
subject-0558-record-00,subject-0558,Synthetic User 0558,user0558@example.test,+91-90000-0558,Bengaluru,Synthetic profile 0558; record variant 0; seed 20260925.,617150
subject-0558-record-01,subject-0558,Synthetic User 0558,user0558@example.test,+91-90000-0558,Bengaluru,Synthetic profile 0558; record variant 1; seed 20260925.,205311
subject-0558-record-02,subject-0558,Synthetic User 0558,user0558@example.test,+91-90000-0558,Bengaluru,Synthetic profile 0558; record variant 2; seed 20260925.,492490
subject-0558-record-03,subject-0558,Synthetic User 0558,user0558@example.test,+91-90000-0558,Bengaluru,Synthetic profile 0558; record variant 3; seed 20260925.,276122
subject-0558-record-04,subject-0558,Synthetic User 0558,user0558@example.test,+91-90000-0558,Bengaluru,Synthetic profile 0558; record variant 4; seed 20260925.,853866
subject-0559-record-00,subject-0559,Synthetic User 0559,user0559@example.test,+91-90000-0559,Jaipur,Synthetic profile 0559; record variant 0; seed 20260925.,864105
subject-0559-record-01,subject-0559,Synthetic User 0559,user0559@example.test,+91-90000-0559,Jaipur,Synthetic profile 0559; record variant 1; seed 20260925.,509789
subject-0559-record-02,subject-0559,Synthetic User 0559,user0559@example.test,+91-90000-0559,Jaipur,Synthetic profile 0559; record variant 2; seed 20260925.,125144
subject-0559-record-03,subject-0559,Synthetic User 0559,user0559@example.test,+91-90000-0559,Jaipur,Synthetic profile 0559; record variant 3; seed 20260925.,695156
subject-0559-record-04,subject-0559,Synthetic User 0559,user0559@example.test,+91-90000-0559,Jaipur,Synthetic profile 0559; record variant 4; seed 20260925.,444473
subject-0560-record-00,subject-0560,Synthetic User 0560,user0560@example.test,+91-90000-0560,Mohali,Synthetic profile 0560; record variant 0; seed 20260925.,734806
subject-0560-record-01,subject-0560,Synthetic User 0560,user0560@example.test,+91-90000-0560,Mohali,Synthetic profile 0560; record variant 1; seed 20260925.,599218
subject-0560-record-02,subject-0560,Synthetic User 0560,user0560@example.test,+91-90000-0560,Mohali,Synthetic profile 0560; record variant 2; seed 20260925.,997408
subject-0560-record-03,subject-0560,Synthetic User 0560,user0560@example.test,+91-90000-0560,Mohali,Synthetic profile 0560; record variant 3; seed 20260925.,236025
subject-0560-record-04,subject-0560,Synthetic User 0560,user0560@example.test,+91-90000-0560,Mohali,Synthetic profile 0560; record variant 4; seed 20260925.,514172
subject-0561-record-00,subject-0561,Synthetic User 0561,user0561@example.test,+91-90000-0561,Delhi,Synthetic profile 0561; record variant 0; seed 20260925.,671081
subject-0561-record-01,subject-0561,Synthetic User 0561,user0561@example.test,+91-90000-0561,Delhi,Synthetic profile 0561; record variant 1; seed 20260925.,922586
subject-0561-record-02,subject-0561,Synthetic User 0561,user0561@example.test,+91-90000-0561,Delhi,Synthetic profile 0561; record variant 2; seed 20260925.,587685
subject-0561-record-03,subject-0561,Synthetic User 0561,user0561@example.test,+91-90000-0561,Delhi,Synthetic profile 0561; record variant 3; seed 20260925.,575238
subject-0561-record-04,subject-0561,Synthetic User 0561,user0561@example.test,+91-90000-0561,Delhi,Synthetic profile 0561; record variant 4; seed 20260925.,416840
subject-0562-record-00,subject-0562,Synthetic User 0562,user0562@example.test,+91-90000-0562,Pune,Synthetic profile 0562; record variant 0; seed 20260925.,574479
subject-0562-record-01,subject-0562,Synthetic User 0562,user0562@example.test,+91-90000-0562,Pune,Synthetic profile 0562; record variant 1; seed 20260925.,299981
subject-0562-record-02,subject-0562,Synthetic User 0562,user0562@example.test,+91-90000-0562,Pune,Synthetic profile 0562; record variant 2; seed 20260925.,594461
subject-0562-record-03,subject-0562,Synthetic User 0562,user0562@example.test,+91-90000-0562,Pune,Synthetic profile 0562; record variant 3; seed 20260925.,169444
subject-0562-record-04,subject-0562,Synthetic User 0562,user0562@example.test,+91-90000-0562,Pune,Synthetic profile 0562; record variant 4; seed 20260925.,875335
subject-0563-record-00,subject-0563,Synthetic User 0563,user0563@example.test,+91-90000-0563,Bengaluru,Synthetic profile 0563; record variant 0; seed 20260925.,551513
subject-0563-record-01,subject-0563,Synthetic User 0563,user0563@example.test,+91-90000-0563,Bengaluru,Synthetic profile 0563; record variant 1; seed 20260925.,227089
subject-0563-record-02,subject-0563,Synthetic User 0563,user0563@example.test,+91-90000-0563,Bengaluru,Synthetic profile 0563; record variant 2; seed 20260925.,115898
subject-0563-record-03,subject-0563,Synthetic User 0563,user0563@example.test,+91-90000-0563,Bengaluru,Synthetic profile 0563; record variant 3; seed 20260925.,129189
subject-0563-record-04,subject-0563,Synthetic User 0563,user0563@example.test,+91-90000-0563,Bengaluru,Synthetic profile 0563; record variant 4; seed 20260925.,393747
subject-0564-record-00,subject-0564,Synthetic User 0564,user0564@example.test,+91-90000-0564,Jaipur,Synthetic profile 0564; record variant 0; seed 20260925.,110333
subject-0564-record-01,subject-0564,Synthetic User 0564,user0564@example.test,+91-90000-0564,Jaipur,Synthetic profile 0564; record variant 1; seed 20260925.,741570
subject-0564-record-02,subject-0564,Synthetic User 0564,user0564@example.test,+91-90000-0564,Jaipur,Synthetic profile 0564; record variant 2; seed 20260925.,237075
subject-0564-record-03,subject-0564,Synthetic User 0564,user0564@example.test,+91-90000-0564,Jaipur,Synthetic profile 0564; record variant 3; seed 20260925.,279095
subject-0564-record-04,subject-0564,Synthetic User 0564,user0564@example.test,+91-90000-0564,Jaipur,Synthetic profile 0564; record variant 4; seed 20260925.,933216
subject-0565-record-00,subject-0565,Synthetic User 0565,user0565@example.test,+91-90000-0565,Mohali,Synthetic profile 0565; record variant 0; seed 20260925.,192551
subject-0565-record-01,subject-0565,Synthetic User 0565,user0565@example.test,+91-90000-0565,Mohali,Synthetic profile 0565; record variant 1; seed 20260925.,407388
subject-0565-record-02,subject-0565,Synthetic User 0565,user0565@example.test,+91-90000-0565,Mohali,Synthetic profile 0565; record variant 2; seed 20260925.,808409
subject-0565-record-03,subject-0565,Synthetic User 0565,user0565@example.test,+91-90000-0565,Mohali,Synthetic profile 0565; record variant 3; seed 20260925.,443959
subject-0565-record-04,subject-0565,Synthetic User 0565,user0565@example.test,+91-90000-0565,Mohali,Synthetic profile 0565; record variant 4; seed 20260925.,596983
subject-0566-record-00,subject-0566,Synthetic User 0566,user0566@example.test,+91-90000-0566,Delhi,Synthetic profile 0566; record variant 0; seed 20260925.,239522
subject-0566-record-01,subject-0566,Synthetic User 0566,user0566@example.test,+91-90000-0566,Delhi,Synthetic profile 0566; record variant 1; seed 20260925.,265300
subject-0566-record-02,subject-0566,Synthetic User 0566,user0566@example.test,+91-90000-0566,Delhi,Synthetic profile 0566; record variant 2; seed 20260925.,809044
subject-0566-record-03,subject-0566,Synthetic User 0566,user0566@example.test,+91-90000-0566,Delhi,Synthetic profile 0566; record variant 3; seed 20260925.,583329
subject-0566-record-04,subject-0566,Synthetic User 0566,user0566@example.test,+91-90000-0566,Delhi,Synthetic profile 0566; record variant 4; seed 20260925.,707144
subject-0567-record-00,subject-0567,Synthetic User 0567,user0567@example.test,+91-90000-0567,Pune,Synthetic profile 0567; record variant 0; seed 20260925.,279045
subject-0567-record-01,subject-0567,Synthetic User 0567,user0567@example.test,+91-90000-0567,Pune,Synthetic profile 0567; record variant 1; seed 20260925.,392282
subject-0567-record-02,subject-0567,Synthetic User 0567,user0567@example.test,+91-90000-0567,Pune,Synthetic profile 0567; record variant 2; seed 20260925.,150534
subject-0567-record-03,subject-0567,Synthetic User 0567,user0567@example.test,+91-90000-0567,Pune,Synthetic profile 0567; record variant 3; seed 20260925.,760906
subject-0567-record-04,subject-0567,Synthetic User 0567,user0567@example.test,+91-90000-0567,Pune,Synthetic profile 0567; record variant 4; seed 20260925.,649174
subject-0568-record-00,subject-0568,Synthetic User 0568,user0568@example.test,+91-90000-0568,Bengaluru,Synthetic profile 0568; record variant 0; seed 20260925.,526996
subject-0568-record-01,subject-0568,Synthetic User 0568,user0568@example.test,+91-90000-0568,Bengaluru,Synthetic profile 0568; record variant 1; seed 20260925.,561698
subject-0568-record-02,subject-0568,Synthetic User 0568,user0568@example.test,+91-90000-0568,Bengaluru,Synthetic profile 0568; record variant 2; seed 20260925.,613477
subject-0568-record-03,subject-0568,Synthetic User 0568,user0568@example.test,+91-90000-0568,Bengaluru,Synthetic profile 0568; record variant 3; seed 20260925.,571963
subject-0568-record-04,subject-0568,Synthetic User 0568,user0568@example.test,+91-90000-0568,Bengaluru,Synthetic profile 0568; record variant 4; seed 20260925.,934573
subject-0569-record-00,subject-0569,Synthetic User 0569,user0569@example.test,+91-90000-0569,Jaipur,Synthetic profile 0569; record variant 0; seed 20260925.,290418
subject-0569-record-01,subject-0569,Synthetic User 0569,user0569@example.test,+91-90000-0569,Jaipur,Synthetic profile 0569; record variant 1; seed 20260925.,504285
subject-0569-record-02,subject-0569,Synthetic User 0569,user0569@example.test,+91-90000-0569,Jaipur,Synthetic profile 0569; record variant 2; seed 20260925.,880772
subject-0569-record-03,subject-0569,Synthetic User 0569,user0569@example.test,+91-90000-0569,Jaipur,Synthetic profile 0569; record variant 3; seed 20260925.,141496
subject-0569-record-04,subject-0569,Synthetic User 0569,user0569@example.test,+91-90000-0569,Jaipur,Synthetic profile 0569; record variant 4; seed 20260925.,975982
subject-0570-record-00,subject-0570,Synthetic User 0570,user0570@example.test,+91-90000-0570,Mohali,Synthetic profile 0570; record variant 0; seed 20260925.,486020
subject-0570-record-01,subject-0570,Synthetic User 0570,user0570@example.test,+91-90000-0570,Mohali,Synthetic profile 0570; record variant 1; seed 20260925.,472130
subject-0570-record-02,subject-0570,Synthetic User 0570,user0570@example.test,+91-90000-0570,Mohali,Synthetic profile 0570; record variant 2; seed 20260925.,679339
subject-0570-record-03,subject-0570,Synthetic User 0570,user0570@example.test,+91-90000-0570,Mohali,Synthetic profile 0570; record variant 3; seed 20260925.,393859
subject-0570-record-04,subject-0570,Synthetic User 0570,user0570@example.test,+91-90000-0570,Mohali,Synthetic profile 0570; record variant 4; seed 20260925.,777418
subject-0571-record-00,subject-0571,Synthetic User 0571,user0571@example.test,+91-90000-0571,Delhi,Synthetic profile 0571; record variant 0; seed 20260925.,294511
subject-0571-record-01,subject-0571,Synthetic User 0571,user0571@example.test,+91-90000-0571,Delhi,Synthetic profile 0571; record variant 1; seed 20260925.,682817
subject-0571-record-02,subject-0571,Synthetic User 0571,user0571@example.test,+91-90000-0571,Delhi,Synthetic profile 0571; record variant 2; seed 20260925.,258110
subject-0571-record-03,subject-0571,Synthetic User 0571,user0571@example.test,+91-90000-0571,Delhi,Synthetic profile 0571; record variant 3; seed 20260925.,463031
subject-0571-record-04,subject-0571,Synthetic User 0571,user0571@example.test,+91-90000-0571,Delhi,Synthetic profile 0571; record variant 4; seed 20260925.,171507
subject-0572-record-00,subject-0572,Synthetic User 0572,user0572@example.test,+91-90000-0572,Pune,Synthetic profile 0572; record variant 0; seed 20260925.,705476
subject-0572-record-01,subject-0572,Synthetic User 0572,user0572@example.test,+91-90000-0572,Pune,Synthetic profile 0572; record variant 1; seed 20260925.,473681
subject-0572-record-02,subject-0572,Synthetic User 0572,user0572@example.test,+91-90000-0572,Pune,Synthetic profile 0572; record variant 2; seed 20260925.,277942
subject-0572-record-03,subject-0572,Synthetic User 0572,user0572@example.test,+91-90000-0572,Pune,Synthetic profile 0572; record variant 3; seed 20260925.,527793
subject-0572-record-04,subject-0572,Synthetic User 0572,user0572@example.test,+91-90000-0572,Pune,Synthetic profile 0572; record variant 4; seed 20260925.,467406
subject-0573-record-00,subject-0573,Synthetic User 0573,user0573@example.test,+91-90000-0573,Bengaluru,Synthetic profile 0573; record variant 0; seed 20260925.,816019
subject-0573-record-01,subject-0573,Synthetic User 0573,user0573@example.test,+91-90000-0573,Bengaluru,Synthetic profile 0573; record variant 1; seed 20260925.,321558
subject-0573-record-02,subject-0573,Synthetic User 0573,user0573@example.test,+91-90000-0573,Bengaluru,Synthetic profile 0573; record variant 2; seed 20260925.,742660
subject-0573-record-03,subject-0573,Synthetic User 0573,user0573@example.test,+91-90000-0573,Bengaluru,Synthetic profile 0573; record variant 3; seed 20260925.,139863
subject-0573-record-04,subject-0573,Synthetic User 0573,user0573@example.test,+91-90000-0573,Bengaluru,Synthetic profile 0573; record variant 4; seed 20260925.,835368
subject-0574-record-00,subject-0574,Synthetic User 0574,user0574@example.test,+91-90000-0574,Jaipur,Synthetic profile 0574; record variant 0; seed 20260925.,366556
subject-0574-record-01,subject-0574,Synthetic User 0574,user0574@example.test,+91-90000-0574,Jaipur,Synthetic profile 0574; record variant 1; seed 20260925.,385302
subject-0574-record-02,subject-0574,Synthetic User 0574,user0574@example.test,+91-90000-0574,Jaipur,Synthetic profile 0574; record variant 2; seed 20260925.,144240
subject-0574-record-03,subject-0574,Synthetic User 0574,user0574@example.test,+91-90000-0574,Jaipur,Synthetic profile 0574; record variant 3; seed 20260925.,997566
subject-0574-record-04,subject-0574,Synthetic User 0574,user0574@example.test,+91-90000-0574,Jaipur,Synthetic profile 0574; record variant 4; seed 20260925.,330842
subject-0575-record-00,subject-0575,Synthetic User 0575,user0575@example.test,+91-90000-0575,Mohali,Synthetic profile 0575; record variant 0; seed 20260925.,219316
subject-0575-record-01,subject-0575,Synthetic User 0575,user0575@example.test,+91-90000-0575,Mohali,Synthetic profile 0575; record variant 1; seed 20260925.,848259
subject-0575-record-02,subject-0575,Synthetic User 0575,user0575@example.test,+91-90000-0575,Mohali,Synthetic profile 0575; record variant 2; seed 20260925.,286509
subject-0575-record-03,subject-0575,Synthetic User 0575,user0575@example.test,+91-90000-0575,Mohali,Synthetic profile 0575; record variant 3; seed 20260925.,780463
subject-0575-record-04,subject-0575,Synthetic User 0575,user0575@example.test,+91-90000-0575,Mohali,Synthetic profile 0575; record variant 4; seed 20260925.,575731
subject-0576-record-00,subject-0576,Synthetic User 0576,user0576@example.test,+91-90000-0576,Delhi,Synthetic profile 0576; record variant 0; seed 20260925.,790240
subject-0576-record-01,subject-0576,Synthetic User 0576,user0576@example.test,+91-90000-0576,Delhi,Synthetic profile 0576; record variant 1; seed 20260925.,882607
subject-0576-record-02,subject-0576,Synthetic User 0576,user0576@example.test,+91-90000-0576,Delhi,Synthetic profile 0576; record variant 2; seed 20260925.,188225
subject-0576-record-03,subject-0576,Synthetic User 0576,user0576@example.test,+91-90000-0576,Delhi,Synthetic profile 0576; record variant 3; seed 20260925.,999905
subject-0576-record-04,subject-0576,Synthetic User 0576,user0576@example.test,+91-90000-0576,Delhi,Synthetic profile 0576; record variant 4; seed 20260925.,219660
subject-0577-record-00,subject-0577,Synthetic User 0577,user0577@example.test,+91-90000-0577,Pune,Synthetic profile 0577; record variant 0; seed 20260925.,830071
subject-0577-record-01,subject-0577,Synthetic User 0577,user0577@example.test,+91-90000-0577,Pune,Synthetic profile 0577; record variant 1; seed 20260925.,880641
subject-0577-record-02,subject-0577,Synthetic User 0577,user0577@example.test,+91-90000-0577,Pune,Synthetic profile 0577; record variant 2; seed 20260925.,349506
subject-0577-record-03,subject-0577,Synthetic User 0577,user0577@example.test,+91-90000-0577,Pune,Synthetic profile 0577; record variant 3; seed 20260925.,389426
subject-0577-record-04,subject-0577,Synthetic User 0577,user0577@example.test,+91-90000-0577,Pune,Synthetic profile 0577; record variant 4; seed 20260925.,767108
subject-0578-record-00,subject-0578,Synthetic User 0578,user0578@example.test,+91-90000-0578,Bengaluru,Synthetic profile 0578; record variant 0; seed 20260925.,637735
subject-0578-record-01,subject-0578,Synthetic User 0578,user0578@example.test,+91-90000-0578,Bengaluru,Synthetic profile 0578; record variant 1; seed 20260925.,367657
subject-0578-record-02,subject-0578,Synthetic User 0578,user0578@example.test,+91-90000-0578,Bengaluru,Synthetic profile 0578; record variant 2; seed 20260925.,855659
subject-0578-record-03,subject-0578,Synthetic User 0578,user0578@example.test,+91-90000-0578,Bengaluru,Synthetic profile 0578; record variant 3; seed 20260925.,386660
subject-0578-record-04,subject-0578,Synthetic User 0578,user0578@example.test,+91-90000-0578,Bengaluru,Synthetic profile 0578; record variant 4; seed 20260925.,729831
subject-0579-record-00,subject-0579,Synthetic User 0579,user0579@example.test,+91-90000-0579,Jaipur,Synthetic profile 0579; record variant 0; seed 20260925.,303860
subject-0579-record-01,subject-0579,Synthetic User 0579,user0579@example.test,+91-90000-0579,Jaipur,Synthetic profile 0579; record variant 1; seed 20260925.,477829
subject-0579-record-02,subject-0579,Synthetic User 0579,user0579@example.test,+91-90000-0579,Jaipur,Synthetic profile 0579; record variant 2; seed 20260925.,413708
subject-0579-record-03,subject-0579,Synthetic User 0579,user0579@example.test,+91-90000-0579,Jaipur,Synthetic profile 0579; record variant 3; seed 20260925.,762980
subject-0579-record-04,subject-0579,Synthetic User 0579,user0579@example.test,+91-90000-0579,Jaipur,Synthetic profile 0579; record variant 4; seed 20260925.,113450
subject-0580-record-00,subject-0580,Synthetic User 0580,user0580@example.test,+91-90000-0580,Mohali,Synthetic profile 0580; record variant 0; seed 20260925.,729590
subject-0580-record-01,subject-0580,Synthetic User 0580,user0580@example.test,+91-90000-0580,Mohali,Synthetic profile 0580; record variant 1; seed 20260925.,632015
subject-0580-record-02,subject-0580,Synthetic User 0580,user0580@example.test,+91-90000-0580,Mohali,Synthetic profile 0580; record variant 2; seed 20260925.,296499
subject-0580-record-03,subject-0580,Synthetic User 0580,user0580@example.test,+91-90000-0580,Mohali,Synthetic profile 0580; record variant 3; seed 20260925.,171740
subject-0580-record-04,subject-0580,Synthetic User 0580,user0580@example.test,+91-90000-0580,Mohali,Synthetic profile 0580; record variant 4; seed 20260925.,257604
subject-0581-record-00,subject-0581,Synthetic User 0581,user0581@example.test,+91-90000-0581,Delhi,Synthetic profile 0581; record variant 0; seed 20260925.,378502
subject-0581-record-01,subject-0581,Synthetic User 0581,user0581@example.test,+91-90000-0581,Delhi,Synthetic profile 0581; record variant 1; seed 20260925.,834996
subject-0581-record-02,subject-0581,Synthetic User 0581,user0581@example.test,+91-90000-0581,Delhi,Synthetic profile 0581; record variant 2; seed 20260925.,948434
subject-0581-record-03,subject-0581,Synthetic User 0581,user0581@example.test,+91-90000-0581,Delhi,Synthetic profile 0581; record variant 3; seed 20260925.,250870
subject-0581-record-04,subject-0581,Synthetic User 0581,user0581@example.test,+91-90000-0581,Delhi,Synthetic profile 0581; record variant 4; seed 20260925.,300774
subject-0582-record-00,subject-0582,Synthetic User 0582,user0582@example.test,+91-90000-0582,Pune,Synthetic profile 0582; record variant 0; seed 20260925.,283753
subject-0582-record-01,subject-0582,Synthetic User 0582,user0582@example.test,+91-90000-0582,Pune,Synthetic profile 0582; record variant 1; seed 20260925.,695139
subject-0582-record-02,subject-0582,Synthetic User 0582,user0582@example.test,+91-90000-0582,Pune,Synthetic profile 0582; record variant 2; seed 20260925.,654088
subject-0582-record-03,subject-0582,Synthetic User 0582,user0582@example.test,+91-90000-0582,Pune,Synthetic profile 0582; record variant 3; seed 20260925.,449222
subject-0582-record-04,subject-0582,Synthetic User 0582,user0582@example.test,+91-90000-0582,Pune,Synthetic profile 0582; record variant 4; seed 20260925.,118005
subject-0583-record-00,subject-0583,Synthetic User 0583,user0583@example.test,+91-90000-0583,Bengaluru,Synthetic profile 0583; record variant 0; seed 20260925.,795321
subject-0583-record-01,subject-0583,Synthetic User 0583,user0583@example.test,+91-90000-0583,Bengaluru,Synthetic profile 0583; record variant 1; seed 20260925.,488559
subject-0583-record-02,subject-0583,Synthetic User 0583,user0583@example.test,+91-90000-0583,Bengaluru,Synthetic profile 0583; record variant 2; seed 20260925.,643374
subject-0583-record-03,subject-0583,Synthetic User 0583,user0583@example.test,+91-90000-0583,Bengaluru,Synthetic profile 0583; record variant 3; seed 20260925.,647317
subject-0583-record-04,subject-0583,Synthetic User 0583,user0583@example.test,+91-90000-0583,Bengaluru,Synthetic profile 0583; record variant 4; seed 20260925.,816139
subject-0584-record-00,subject-0584,Synthetic User 0584,user0584@example.test,+91-90000-0584,Jaipur,Synthetic profile 0584; record variant 0; seed 20260925.,559901
subject-0584-record-01,subject-0584,Synthetic User 0584,user0584@example.test,+91-90000-0584,Jaipur,Synthetic profile 0584; record variant 1; seed 20260925.,473585
subject-0584-record-02,subject-0584,Synthetic User 0584,user0584@example.test,+91-90000-0584,Jaipur,Synthetic profile 0584; record variant 2; seed 20260925.,543860
subject-0584-record-03,subject-0584,Synthetic User 0584,user0584@example.test,+91-90000-0584,Jaipur,Synthetic profile 0584; record variant 3; seed 20260925.,640589
subject-0584-record-04,subject-0584,Synthetic User 0584,user0584@example.test,+91-90000-0584,Jaipur,Synthetic profile 0584; record variant 4; seed 20260925.,974159
subject-0585-record-00,subject-0585,Synthetic User 0585,user0585@example.test,+91-90000-0585,Mohali,Synthetic profile 0585; record variant 0; seed 20260925.,893111
subject-0585-record-01,subject-0585,Synthetic User 0585,user0585@example.test,+91-90000-0585,Mohali,Synthetic profile 0585; record variant 1; seed 20260925.,803744
subject-0585-record-02,subject-0585,Synthetic User 0585,user0585@example.test,+91-90000-0585,Mohali,Synthetic profile 0585; record variant 2; seed 20260925.,455670
subject-0585-record-03,subject-0585,Synthetic User 0585,user0585@example.test,+91-90000-0585,Mohali,Synthetic profile 0585; record variant 3; seed 20260925.,211980
subject-0585-record-04,subject-0585,Synthetic User 0585,user0585@example.test,+91-90000-0585,Mohali,Synthetic profile 0585; record variant 4; seed 20260925.,699972
subject-0586-record-00,subject-0586,Synthetic User 0586,user0586@example.test,+91-90000-0586,Delhi,Synthetic profile 0586; record variant 0; seed 20260925.,317705
subject-0586-record-01,subject-0586,Synthetic User 0586,user0586@example.test,+91-90000-0586,Delhi,Synthetic profile 0586; record variant 1; seed 20260925.,610617
subject-0586-record-02,subject-0586,Synthetic User 0586,user0586@example.test,+91-90000-0586,Delhi,Synthetic profile 0586; record variant 2; seed 20260925.,747093
subject-0586-record-03,subject-0586,Synthetic User 0586,user0586@example.test,+91-90000-0586,Delhi,Synthetic profile 0586; record variant 3; seed 20260925.,151609
subject-0586-record-04,subject-0586,Synthetic User 0586,user0586@example.test,+91-90000-0586,Delhi,Synthetic profile 0586; record variant 4; seed 20260925.,741926
subject-0587-record-00,subject-0587,Synthetic User 0587,user0587@example.test,+91-90000-0587,Pune,Synthetic profile 0587; record variant 0; seed 20260925.,814330
subject-0587-record-01,subject-0587,Synthetic User 0587,user0587@example.test,+91-90000-0587,Pune,Synthetic profile 0587; record variant 1; seed 20260925.,780679
subject-0587-record-02,subject-0587,Synthetic User 0587,user0587@example.test,+91-90000-0587,Pune,Synthetic profile 0587; record variant 2; seed 20260925.,834273
subject-0587-record-03,subject-0587,Synthetic User 0587,user0587@example.test,+91-90000-0587,Pune,Synthetic profile 0587; record variant 3; seed 20260925.,780848
subject-0587-record-04,subject-0587,Synthetic User 0587,user0587@example.test,+91-90000-0587,Pune,Synthetic profile 0587; record variant 4; seed 20260925.,707388
subject-0588-record-00,subject-0588,Synthetic User 0588,user0588@example.test,+91-90000-0588,Bengaluru,Synthetic profile 0588; record variant 0; seed 20260925.,719194
subject-0588-record-01,subject-0588,Synthetic User 0588,user0588@example.test,+91-90000-0588,Bengaluru,Synthetic profile 0588; record variant 1; seed 20260925.,928415
subject-0588-record-02,subject-0588,Synthetic User 0588,user0588@example.test,+91-90000-0588,Bengaluru,Synthetic profile 0588; record variant 2; seed 20260925.,410016
subject-0588-record-03,subject-0588,Synthetic User 0588,user0588@example.test,+91-90000-0588,Bengaluru,Synthetic profile 0588; record variant 3; seed 20260925.,213441
subject-0588-record-04,subject-0588,Synthetic User 0588,user0588@example.test,+91-90000-0588,Bengaluru,Synthetic profile 0588; record variant 4; seed 20260925.,292678
subject-0589-record-00,subject-0589,Synthetic User 0589,user0589@example.test,+91-90000-0589,Jaipur,Synthetic profile 0589; record variant 0; seed 20260925.,511372
subject-0589-record-01,subject-0589,Synthetic User 0589,user0589@example.test,+91-90000-0589,Jaipur,Synthetic profile 0589; record variant 1; seed 20260925.,369368
subject-0589-record-02,subject-0589,Synthetic User 0589,user0589@example.test,+91-90000-0589,Jaipur,Synthetic profile 0589; record variant 2; seed 20260925.,199479
subject-0589-record-03,subject-0589,Synthetic User 0589,user0589@example.test,+91-90000-0589,Jaipur,Synthetic profile 0589; record variant 3; seed 20260925.,726910
subject-0589-record-04,subject-0589,Synthetic User 0589,user0589@example.test,+91-90000-0589,Jaipur,Synthetic profile 0589; record variant 4; seed 20260925.,138713
subject-0590-record-00,subject-0590,Synthetic User 0590,user0590@example.test,+91-90000-0590,Mohali,Synthetic profile 0590; record variant 0; seed 20260925.,343791
subject-0590-record-01,subject-0590,Synthetic User 0590,user0590@example.test,+91-90000-0590,Mohali,Synthetic profile 0590; record variant 1; seed 20260925.,821593
subject-0590-record-02,subject-0590,Synthetic User 0590,user0590@example.test,+91-90000-0590,Mohali,Synthetic profile 0590; record variant 2; seed 20260925.,784371
subject-0590-record-03,subject-0590,Synthetic User 0590,user0590@example.test,+91-90000-0590,Mohali,Synthetic profile 0590; record variant 3; seed 20260925.,896806
subject-0590-record-04,subject-0590,Synthetic User 0590,user0590@example.test,+91-90000-0590,Mohali,Synthetic profile 0590; record variant 4; seed 20260925.,783746
subject-0591-record-00,subject-0591,Synthetic User 0591,user0591@example.test,+91-90000-0591,Delhi,Synthetic profile 0591; record variant 0; seed 20260925.,914054
subject-0591-record-01,subject-0591,Synthetic User 0591,user0591@example.test,+91-90000-0591,Delhi,Synthetic profile 0591; record variant 1; seed 20260925.,319275
subject-0591-record-02,subject-0591,Synthetic User 0591,user0591@example.test,+91-90000-0591,Delhi,Synthetic profile 0591; record variant 2; seed 20260925.,363717
subject-0591-record-03,subject-0591,Synthetic User 0591,user0591@example.test,+91-90000-0591,Delhi,Synthetic profile 0591; record variant 3; seed 20260925.,555465
subject-0591-record-04,subject-0591,Synthetic User 0591,user0591@example.test,+91-90000-0591,Delhi,Synthetic profile 0591; record variant 4; seed 20260925.,788607
subject-0592-record-00,subject-0592,Synthetic User 0592,user0592@example.test,+91-90000-0592,Pune,Synthetic profile 0592; record variant 0; seed 20260925.,548148
subject-0592-record-01,subject-0592,Synthetic User 0592,user0592@example.test,+91-90000-0592,Pune,Synthetic profile 0592; record variant 1; seed 20260925.,499678
subject-0592-record-02,subject-0592,Synthetic User 0592,user0592@example.test,+91-90000-0592,Pune,Synthetic profile 0592; record variant 2; seed 20260925.,887797
subject-0592-record-03,subject-0592,Synthetic User 0592,user0592@example.test,+91-90000-0592,Pune,Synthetic profile 0592; record variant 3; seed 20260925.,731628
subject-0592-record-04,subject-0592,Synthetic User 0592,user0592@example.test,+91-90000-0592,Pune,Synthetic profile 0592; record variant 4; seed 20260925.,275549
subject-0593-record-00,subject-0593,Synthetic User 0593,user0593@example.test,+91-90000-0593,Bengaluru,Synthetic profile 0593; record variant 0; seed 20260925.,743910
subject-0593-record-01,subject-0593,Synthetic User 0593,user0593@example.test,+91-90000-0593,Bengaluru,Synthetic profile 0593; record variant 1; seed 20260925.,427926
subject-0593-record-02,subject-0593,Synthetic User 0593,user0593@example.test,+91-90000-0593,Bengaluru,Synthetic profile 0593; record variant 2; seed 20260925.,657791
subject-0593-record-03,subject-0593,Synthetic User 0593,user0593@example.test,+91-90000-0593,Bengaluru,Synthetic profile 0593; record variant 3; seed 20260925.,486967
subject-0593-record-04,subject-0593,Synthetic User 0593,user0593@example.test,+91-90000-0593,Bengaluru,Synthetic profile 0593; record variant 4; seed 20260925.,639758
subject-0594-record-00,subject-0594,Synthetic User 0594,user0594@example.test,+91-90000-0594,Jaipur,Synthetic profile 0594; record variant 0; seed 20260925.,361372
subject-0594-record-01,subject-0594,Synthetic User 0594,user0594@example.test,+91-90000-0594,Jaipur,Synthetic profile 0594; record variant 1; seed 20260925.,392124
subject-0594-record-02,subject-0594,Synthetic User 0594,user0594@example.test,+91-90000-0594,Jaipur,Synthetic profile 0594; record variant 2; seed 20260925.,658560
subject-0594-record-03,subject-0594,Synthetic User 0594,user0594@example.test,+91-90000-0594,Jaipur,Synthetic profile 0594; record variant 3; seed 20260925.,860325
subject-0594-record-04,subject-0594,Synthetic User 0594,user0594@example.test,+91-90000-0594,Jaipur,Synthetic profile 0594; record variant 4; seed 20260925.,637202
subject-0595-record-00,subject-0595,Synthetic User 0595,user0595@example.test,+91-90000-0595,Mohali,Synthetic profile 0595; record variant 0; seed 20260925.,551004
subject-0595-record-01,subject-0595,Synthetic User 0595,user0595@example.test,+91-90000-0595,Mohali,Synthetic profile 0595; record variant 1; seed 20260925.,911776
subject-0595-record-02,subject-0595,Synthetic User 0595,user0595@example.test,+91-90000-0595,Mohali,Synthetic profile 0595; record variant 2; seed 20260925.,168875
subject-0595-record-03,subject-0595,Synthetic User 0595,user0595@example.test,+91-90000-0595,Mohali,Synthetic profile 0595; record variant 3; seed 20260925.,672442
subject-0595-record-04,subject-0595,Synthetic User 0595,user0595@example.test,+91-90000-0595,Mohali,Synthetic profile 0595; record variant 4; seed 20260925.,545668
subject-0596-record-00,subject-0596,Synthetic User 0596,user0596@example.test,+91-90000-0596,Delhi,Synthetic profile 0596; record variant 0; seed 20260925.,862526
subject-0596-record-01,subject-0596,Synthetic User 0596,user0596@example.test,+91-90000-0596,Delhi,Synthetic profile 0596; record variant 1; seed 20260925.,251167
subject-0596-record-02,subject-0596,Synthetic User 0596,user0596@example.test,+91-90000-0596,Delhi,Synthetic profile 0596; record variant 2; seed 20260925.,628706
subject-0596-record-03,subject-0596,Synthetic User 0596,user0596@example.test,+91-90000-0596,Delhi,Synthetic profile 0596; record variant 3; seed 20260925.,601062
subject-0596-record-04,subject-0596,Synthetic User 0596,user0596@example.test,+91-90000-0596,Delhi,Synthetic profile 0596; record variant 4; seed 20260925.,787944
subject-0597-record-00,subject-0597,Synthetic User 0597,user0597@example.test,+91-90000-0597,Pune,Synthetic profile 0597; record variant 0; seed 20260925.,744761
subject-0597-record-01,subject-0597,Synthetic User 0597,user0597@example.test,+91-90000-0597,Pune,Synthetic profile 0597; record variant 1; seed 20260925.,781393
subject-0597-record-02,subject-0597,Synthetic User 0597,user0597@example.test,+91-90000-0597,Pune,Synthetic profile 0597; record variant 2; seed 20260925.,996598
subject-0597-record-03,subject-0597,Synthetic User 0597,user0597@example.test,+91-90000-0597,Pune,Synthetic profile 0597; record variant 3; seed 20260925.,111077
subject-0597-record-04,subject-0597,Synthetic User 0597,user0597@example.test,+91-90000-0597,Pune,Synthetic profile 0597; record variant 4; seed 20260925.,900034
subject-0598-record-00,subject-0598,Synthetic User 0598,user0598@example.test,+91-90000-0598,Bengaluru,Synthetic profile 0598; record variant 0; seed 20260925.,664477
subject-0598-record-01,subject-0598,Synthetic User 0598,user0598@example.test,+91-90000-0598,Bengaluru,Synthetic profile 0598; record variant 1; seed 20260925.,468515
subject-0598-record-02,subject-0598,Synthetic User 0598,user0598@example.test,+91-90000-0598,Bengaluru,Synthetic profile 0598; record variant 2; seed 20260925.,866769
subject-0598-record-03,subject-0598,Synthetic User 0598,user0598@example.test,+91-90000-0598,Bengaluru,Synthetic profile 0598; record variant 3; seed 20260925.,238103
subject-0598-record-04,subject-0598,Synthetic User 0598,user0598@example.test,+91-90000-0598,Bengaluru,Synthetic profile 0598; record variant 4; seed 20260925.,893868
subject-0599-record-00,subject-0599,Synthetic User 0599,user0599@example.test,+91-90000-0599,Jaipur,Synthetic profile 0599; record variant 0; seed 20260925.,109440
subject-0599-record-01,subject-0599,Synthetic User 0599,user0599@example.test,+91-90000-0599,Jaipur,Synthetic profile 0599; record variant 1; seed 20260925.,729018
subject-0599-record-02,subject-0599,Synthetic User 0599,user0599@example.test,+91-90000-0599,Jaipur,Synthetic profile 0599; record variant 2; seed 20260925.,770632
subject-0599-record-03,subject-0599,Synthetic User 0599,user0599@example.test,+91-90000-0599,Jaipur,Synthetic profile 0599; record variant 3; seed 20260925.,300493
subject-0599-record-04,subject-0599,Synthetic User 0599,user0599@example.test,+91-90000-0599,Jaipur,Synthetic profile 0599; record variant 4; seed 20260925.,487663
subject-0600-record-00,subject-0600,Synthetic User 0600,user0600@example.test,+91-90000-0600,Mohali,Synthetic profile 0600; record variant 0; seed 20260925.,283950
subject-0600-record-01,subject-0600,Synthetic User 0600,user0600@example.test,+91-90000-0600,Mohali,Synthetic profile 0600; record variant 1; seed 20260925.,127248
subject-0600-record-02,subject-0600,Synthetic User 0600,user0600@example.test,+91-90000-0600,Mohali,Synthetic profile 0600; record variant 2; seed 20260925.,466356
subject-0600-record-03,subject-0600,Synthetic User 0600,user0600@example.test,+91-90000-0600,Mohali,Synthetic profile 0600; record variant 3; seed 20260925.,913547
subject-0600-record-04,subject-0600,Synthetic User 0600,user0600@example.test,+91-90000-0600,Mohali,Synthetic profile 0600; record variant 4; seed 20260925.,965891
subject-0601-record-00,subject-0601,Synthetic User 0601,user0601@example.test,+91-90000-0601,Delhi,Synthetic profile 0601; record variant 0; seed 20260925.,740506
subject-0601-record-01,subject-0601,Synthetic User 0601,user0601@example.test,+91-90000-0601,Delhi,Synthetic profile 0601; record variant 1; seed 20260925.,302713
subject-0601-record-02,subject-0601,Synthetic User 0601,user0601@example.test,+91-90000-0601,Delhi,Synthetic profile 0601; record variant 2; seed 20260925.,827751
subject-0601-record-03,subject-0601,Synthetic User 0601,user0601@example.test,+91-90000-0601,Delhi,Synthetic profile 0601; record variant 3; seed 20260925.,369340
subject-0601-record-04,subject-0601,Synthetic User 0601,user0601@example.test,+91-90000-0601,Delhi,Synthetic profile 0601; record variant 4; seed 20260925.,125326
subject-0602-record-00,subject-0602,Synthetic User 0602,user0602@example.test,+91-90000-0602,Pune,Synthetic profile 0602; record variant 0; seed 20260925.,973289
subject-0602-record-01,subject-0602,Synthetic User 0602,user0602@example.test,+91-90000-0602,Pune,Synthetic profile 0602; record variant 1; seed 20260925.,696245
subject-0602-record-02,subject-0602,Synthetic User 0602,user0602@example.test,+91-90000-0602,Pune,Synthetic profile 0602; record variant 2; seed 20260925.,389798
subject-0602-record-03,subject-0602,Synthetic User 0602,user0602@example.test,+91-90000-0602,Pune,Synthetic profile 0602; record variant 3; seed 20260925.,956971
subject-0602-record-04,subject-0602,Synthetic User 0602,user0602@example.test,+91-90000-0602,Pune,Synthetic profile 0602; record variant 4; seed 20260925.,412378
subject-0603-record-00,subject-0603,Synthetic User 0603,user0603@example.test,+91-90000-0603,Bengaluru,Synthetic profile 0603; record variant 0; seed 20260925.,649339
subject-0603-record-01,subject-0603,Synthetic User 0603,user0603@example.test,+91-90000-0603,Bengaluru,Synthetic profile 0603; record variant 1; seed 20260925.,150706
subject-0603-record-02,subject-0603,Synthetic User 0603,user0603@example.test,+91-90000-0603,Bengaluru,Synthetic profile 0603; record variant 2; seed 20260925.,950919
subject-0603-record-03,subject-0603,Synthetic User 0603,user0603@example.test,+91-90000-0603,Bengaluru,Synthetic profile 0603; record variant 3; seed 20260925.,364299
subject-0603-record-04,subject-0603,Synthetic User 0603,user0603@example.test,+91-90000-0603,Bengaluru,Synthetic profile 0603; record variant 4; seed 20260925.,477894
subject-0604-record-00,subject-0604,Synthetic User 0604,user0604@example.test,+91-90000-0604,Jaipur,Synthetic profile 0604; record variant 0; seed 20260925.,416143
subject-0604-record-01,subject-0604,Synthetic User 0604,user0604@example.test,+91-90000-0604,Jaipur,Synthetic profile 0604; record variant 1; seed 20260925.,512490
subject-0604-record-02,subject-0604,Synthetic User 0604,user0604@example.test,+91-90000-0604,Jaipur,Synthetic profile 0604; record variant 2; seed 20260925.,694114
subject-0604-record-03,subject-0604,Synthetic User 0604,user0604@example.test,+91-90000-0604,Jaipur,Synthetic profile 0604; record variant 3; seed 20260925.,761334
subject-0604-record-04,subject-0604,Synthetic User 0604,user0604@example.test,+91-90000-0604,Jaipur,Synthetic profile 0604; record variant 4; seed 20260925.,475362
subject-0605-record-00,subject-0605,Synthetic User 0605,user0605@example.test,+91-90000-0605,Mohali,Synthetic profile 0605; record variant 0; seed 20260925.,649597
subject-0605-record-01,subject-0605,Synthetic User 0605,user0605@example.test,+91-90000-0605,Mohali,Synthetic profile 0605; record variant 1; seed 20260925.,152451
subject-0605-record-02,subject-0605,Synthetic User 0605,user0605@example.test,+91-90000-0605,Mohali,Synthetic profile 0605; record variant 2; seed 20260925.,116240
subject-0605-record-03,subject-0605,Synthetic User 0605,user0605@example.test,+91-90000-0605,Mohali,Synthetic profile 0605; record variant 3; seed 20260925.,612932
subject-0605-record-04,subject-0605,Synthetic User 0605,user0605@example.test,+91-90000-0605,Mohali,Synthetic profile 0605; record variant 4; seed 20260925.,711587
subject-0606-record-00,subject-0606,Synthetic User 0606,user0606@example.test,+91-90000-0606,Delhi,Synthetic profile 0606; record variant 0; seed 20260925.,138588
subject-0606-record-01,subject-0606,Synthetic User 0606,user0606@example.test,+91-90000-0606,Delhi,Synthetic profile 0606; record variant 1; seed 20260925.,604804
subject-0606-record-02,subject-0606,Synthetic User 0606,user0606@example.test,+91-90000-0606,Delhi,Synthetic profile 0606; record variant 2; seed 20260925.,266821
subject-0606-record-03,subject-0606,Synthetic User 0606,user0606@example.test,+91-90000-0606,Delhi,Synthetic profile 0606; record variant 3; seed 20260925.,358404
subject-0606-record-04,subject-0606,Synthetic User 0606,user0606@example.test,+91-90000-0606,Delhi,Synthetic profile 0606; record variant 4; seed 20260925.,902666
subject-0607-record-00,subject-0607,Synthetic User 0607,user0607@example.test,+91-90000-0607,Pune,Synthetic profile 0607; record variant 0; seed 20260925.,458073
subject-0607-record-01,subject-0607,Synthetic User 0607,user0607@example.test,+91-90000-0607,Pune,Synthetic profile 0607; record variant 1; seed 20260925.,157761
subject-0607-record-02,subject-0607,Synthetic User 0607,user0607@example.test,+91-90000-0607,Pune,Synthetic profile 0607; record variant 2; seed 20260925.,688977
subject-0607-record-03,subject-0607,Synthetic User 0607,user0607@example.test,+91-90000-0607,Pune,Synthetic profile 0607; record variant 3; seed 20260925.,994101
subject-0607-record-04,subject-0607,Synthetic User 0607,user0607@example.test,+91-90000-0607,Pune,Synthetic profile 0607; record variant 4; seed 20260925.,536561
subject-0608-record-00,subject-0608,Synthetic User 0608,user0608@example.test,+91-90000-0608,Bengaluru,Synthetic profile 0608; record variant 0; seed 20260925.,309940
subject-0608-record-01,subject-0608,Synthetic User 0608,user0608@example.test,+91-90000-0608,Bengaluru,Synthetic profile 0608; record variant 1; seed 20260925.,217728
subject-0608-record-02,subject-0608,Synthetic User 0608,user0608@example.test,+91-90000-0608,Bengaluru,Synthetic profile 0608; record variant 2; seed 20260925.,411222
subject-0608-record-03,subject-0608,Synthetic User 0608,user0608@example.test,+91-90000-0608,Bengaluru,Synthetic profile 0608; record variant 3; seed 20260925.,407296
subject-0608-record-04,subject-0608,Synthetic User 0608,user0608@example.test,+91-90000-0608,Bengaluru,Synthetic profile 0608; record variant 4; seed 20260925.,366143
subject-0609-record-00,subject-0609,Synthetic User 0609,user0609@example.test,+91-90000-0609,Jaipur,Synthetic profile 0609; record variant 0; seed 20260925.,418821
subject-0609-record-01,subject-0609,Synthetic User 0609,user0609@example.test,+91-90000-0609,Jaipur,Synthetic profile 0609; record variant 1; seed 20260925.,338514
subject-0609-record-02,subject-0609,Synthetic User 0609,user0609@example.test,+91-90000-0609,Jaipur,Synthetic profile 0609; record variant 2; seed 20260925.,705842
subject-0609-record-03,subject-0609,Synthetic User 0609,user0609@example.test,+91-90000-0609,Jaipur,Synthetic profile 0609; record variant 3; seed 20260925.,450749
subject-0609-record-04,subject-0609,Synthetic User 0609,user0609@example.test,+91-90000-0609,Jaipur,Synthetic profile 0609; record variant 4; seed 20260925.,262500
subject-0610-record-00,subject-0610,Synthetic User 0610,user0610@example.test,+91-90000-0610,Mohali,Synthetic profile 0610; record variant 0; seed 20260925.,633439
subject-0610-record-01,subject-0610,Synthetic User 0610,user0610@example.test,+91-90000-0610,Mohali,Synthetic profile 0610; record variant 1; seed 20260925.,520906
subject-0610-record-02,subject-0610,Synthetic User 0610,user0610@example.test,+91-90000-0610,Mohali,Synthetic profile 0610; record variant 2; seed 20260925.,666329
subject-0610-record-03,subject-0610,Synthetic User 0610,user0610@example.test,+91-90000-0610,Mohali,Synthetic profile 0610; record variant 3; seed 20260925.,720353
subject-0610-record-04,subject-0610,Synthetic User 0610,user0610@example.test,+91-90000-0610,Mohali,Synthetic profile 0610; record variant 4; seed 20260925.,560716
subject-0611-record-00,subject-0611,Synthetic User 0611,user0611@example.test,+91-90000-0611,Delhi,Synthetic profile 0611; record variant 0; seed 20260925.,345157
subject-0611-record-01,subject-0611,Synthetic User 0611,user0611@example.test,+91-90000-0611,Delhi,Synthetic profile 0611; record variant 1; seed 20260925.,195715
subject-0611-record-02,subject-0611,Synthetic User 0611,user0611@example.test,+91-90000-0611,Delhi,Synthetic profile 0611; record variant 2; seed 20260925.,119024
subject-0611-record-03,subject-0611,Synthetic User 0611,user0611@example.test,+91-90000-0611,Delhi,Synthetic profile 0611; record variant 3; seed 20260925.,206445
subject-0611-record-04,subject-0611,Synthetic User 0611,user0611@example.test,+91-90000-0611,Delhi,Synthetic profile 0611; record variant 4; seed 20260925.,462468
subject-0612-record-00,subject-0612,Synthetic User 0612,user0612@example.test,+91-90000-0612,Pune,Synthetic profile 0612; record variant 0; seed 20260925.,924152
subject-0612-record-01,subject-0612,Synthetic User 0612,user0612@example.test,+91-90000-0612,Pune,Synthetic profile 0612; record variant 1; seed 20260925.,773910
subject-0612-record-02,subject-0612,Synthetic User 0612,user0612@example.test,+91-90000-0612,Pune,Synthetic profile 0612; record variant 2; seed 20260925.,988609
subject-0612-record-03,subject-0612,Synthetic User 0612,user0612@example.test,+91-90000-0612,Pune,Synthetic profile 0612; record variant 3; seed 20260925.,929293
subject-0612-record-04,subject-0612,Synthetic User 0612,user0612@example.test,+91-90000-0612,Pune,Synthetic profile 0612; record variant 4; seed 20260925.,840206
subject-0613-record-00,subject-0613,Synthetic User 0613,user0613@example.test,+91-90000-0613,Bengaluru,Synthetic profile 0613; record variant 0; seed 20260925.,851453
subject-0613-record-01,subject-0613,Synthetic User 0613,user0613@example.test,+91-90000-0613,Bengaluru,Synthetic profile 0613; record variant 1; seed 20260925.,445327
subject-0613-record-02,subject-0613,Synthetic User 0613,user0613@example.test,+91-90000-0613,Bengaluru,Synthetic profile 0613; record variant 2; seed 20260925.,705541
subject-0613-record-03,subject-0613,Synthetic User 0613,user0613@example.test,+91-90000-0613,Bengaluru,Synthetic profile 0613; record variant 3; seed 20260925.,785484
subject-0613-record-04,subject-0613,Synthetic User 0613,user0613@example.test,+91-90000-0613,Bengaluru,Synthetic profile 0613; record variant 4; seed 20260925.,823320
subject-0614-record-00,subject-0614,Synthetic User 0614,user0614@example.test,+91-90000-0614,Jaipur,Synthetic profile 0614; record variant 0; seed 20260925.,408012
subject-0614-record-01,subject-0614,Synthetic User 0614,user0614@example.test,+91-90000-0614,Jaipur,Synthetic profile 0614; record variant 1; seed 20260925.,150149
subject-0614-record-02,subject-0614,Synthetic User 0614,user0614@example.test,+91-90000-0614,Jaipur,Synthetic profile 0614; record variant 2; seed 20260925.,697778
subject-0614-record-03,subject-0614,Synthetic User 0614,user0614@example.test,+91-90000-0614,Jaipur,Synthetic profile 0614; record variant 3; seed 20260925.,214975
subject-0614-record-04,subject-0614,Synthetic User 0614,user0614@example.test,+91-90000-0614,Jaipur,Synthetic profile 0614; record variant 4; seed 20260925.,340718
subject-0615-record-00,subject-0615,Synthetic User 0615,user0615@example.test,+91-90000-0615,Mohali,Synthetic profile 0615; record variant 0; seed 20260925.,318298
subject-0615-record-01,subject-0615,Synthetic User 0615,user0615@example.test,+91-90000-0615,Mohali,Synthetic profile 0615; record variant 1; seed 20260925.,492720
subject-0615-record-02,subject-0615,Synthetic User 0615,user0615@example.test,+91-90000-0615,Mohali,Synthetic profile 0615; record variant 2; seed 20260925.,133351
subject-0615-record-03,subject-0615,Synthetic User 0615,user0615@example.test,+91-90000-0615,Mohali,Synthetic profile 0615; record variant 3; seed 20260925.,850819
subject-0615-record-04,subject-0615,Synthetic User 0615,user0615@example.test,+91-90000-0615,Mohali,Synthetic profile 0615; record variant 4; seed 20260925.,999246
subject-0616-record-00,subject-0616,Synthetic User 0616,user0616@example.test,+91-90000-0616,Delhi,Synthetic profile 0616; record variant 0; seed 20260925.,829216
subject-0616-record-01,subject-0616,Synthetic User 0616,user0616@example.test,+91-90000-0616,Delhi,Synthetic profile 0616; record variant 1; seed 20260925.,630537
subject-0616-record-02,subject-0616,Synthetic User 0616,user0616@example.test,+91-90000-0616,Delhi,Synthetic profile 0616; record variant 2; seed 20260925.,878582
subject-0616-record-03,subject-0616,Synthetic User 0616,user0616@example.test,+91-90000-0616,Delhi,Synthetic profile 0616; record variant 3; seed 20260925.,694943
subject-0616-record-04,subject-0616,Synthetic User 0616,user0616@example.test,+91-90000-0616,Delhi,Synthetic profile 0616; record variant 4; seed 20260925.,804505
subject-0617-record-00,subject-0617,Synthetic User 0617,user0617@example.test,+91-90000-0617,Pune,Synthetic profile 0617; record variant 0; seed 20260925.,301399
subject-0617-record-01,subject-0617,Synthetic User 0617,user0617@example.test,+91-90000-0617,Pune,Synthetic profile 0617; record variant 1; seed 20260925.,549308
subject-0617-record-02,subject-0617,Synthetic User 0617,user0617@example.test,+91-90000-0617,Pune,Synthetic profile 0617; record variant 2; seed 20260925.,409908
subject-0617-record-03,subject-0617,Synthetic User 0617,user0617@example.test,+91-90000-0617,Pune,Synthetic profile 0617; record variant 3; seed 20260925.,753270
subject-0617-record-04,subject-0617,Synthetic User 0617,user0617@example.test,+91-90000-0617,Pune,Synthetic profile 0617; record variant 4; seed 20260925.,687862
subject-0618-record-00,subject-0618,Synthetic User 0618,user0618@example.test,+91-90000-0618,Bengaluru,Synthetic profile 0618; record variant 0; seed 20260925.,368856
subject-0618-record-01,subject-0618,Synthetic User 0618,user0618@example.test,+91-90000-0618,Bengaluru,Synthetic profile 0618; record variant 1; seed 20260925.,899884
subject-0618-record-02,subject-0618,Synthetic User 0618,user0618@example.test,+91-90000-0618,Bengaluru,Synthetic profile 0618; record variant 2; seed 20260925.,860737
subject-0618-record-03,subject-0618,Synthetic User 0618,user0618@example.test,+91-90000-0618,Bengaluru,Synthetic profile 0618; record variant 3; seed 20260925.,331532
subject-0618-record-04,subject-0618,Synthetic User 0618,user0618@example.test,+91-90000-0618,Bengaluru,Synthetic profile 0618; record variant 4; seed 20260925.,282533
subject-0619-record-00,subject-0619,Synthetic User 0619,user0619@example.test,+91-90000-0619,Jaipur,Synthetic profile 0619; record variant 0; seed 20260925.,742427
subject-0619-record-01,subject-0619,Synthetic User 0619,user0619@example.test,+91-90000-0619,Jaipur,Synthetic profile 0619; record variant 1; seed 20260925.,969043
subject-0619-record-02,subject-0619,Synthetic User 0619,user0619@example.test,+91-90000-0619,Jaipur,Synthetic profile 0619; record variant 2; seed 20260925.,429428
subject-0619-record-03,subject-0619,Synthetic User 0619,user0619@example.test,+91-90000-0619,Jaipur,Synthetic profile 0619; record variant 3; seed 20260925.,811292
subject-0619-record-04,subject-0619,Synthetic User 0619,user0619@example.test,+91-90000-0619,Jaipur,Synthetic profile 0619; record variant 4; seed 20260925.,342405
subject-0620-record-00,subject-0620,Synthetic User 0620,user0620@example.test,+91-90000-0620,Mohali,Synthetic profile 0620; record variant 0; seed 20260925.,593425
subject-0620-record-01,subject-0620,Synthetic User 0620,user0620@example.test,+91-90000-0620,Mohali,Synthetic profile 0620; record variant 1; seed 20260925.,137442
subject-0620-record-02,subject-0620,Synthetic User 0620,user0620@example.test,+91-90000-0620,Mohali,Synthetic profile 0620; record variant 2; seed 20260925.,112494
subject-0620-record-03,subject-0620,Synthetic User 0620,user0620@example.test,+91-90000-0620,Mohali,Synthetic profile 0620; record variant 3; seed 20260925.,296970
subject-0620-record-04,subject-0620,Synthetic User 0620,user0620@example.test,+91-90000-0620,Mohali,Synthetic profile 0620; record variant 4; seed 20260925.,595730
subject-0621-record-00,subject-0621,Synthetic User 0621,user0621@example.test,+91-90000-0621,Delhi,Synthetic profile 0621; record variant 0; seed 20260925.,996403
subject-0621-record-01,subject-0621,Synthetic User 0621,user0621@example.test,+91-90000-0621,Delhi,Synthetic profile 0621; record variant 1; seed 20260925.,231376
subject-0621-record-02,subject-0621,Synthetic User 0621,user0621@example.test,+91-90000-0621,Delhi,Synthetic profile 0621; record variant 2; seed 20260925.,962157
subject-0621-record-03,subject-0621,Synthetic User 0621,user0621@example.test,+91-90000-0621,Delhi,Synthetic profile 0621; record variant 3; seed 20260925.,434548
subject-0621-record-04,subject-0621,Synthetic User 0621,user0621@example.test,+91-90000-0621,Delhi,Synthetic profile 0621; record variant 4; seed 20260925.,254381
subject-0622-record-00,subject-0622,Synthetic User 0622,user0622@example.test,+91-90000-0622,Pune,Synthetic profile 0622; record variant 0; seed 20260925.,539635
subject-0622-record-01,subject-0622,Synthetic User 0622,user0622@example.test,+91-90000-0622,Pune,Synthetic profile 0622; record variant 1; seed 20260925.,472474
subject-0622-record-02,subject-0622,Synthetic User 0622,user0622@example.test,+91-90000-0622,Pune,Synthetic profile 0622; record variant 2; seed 20260925.,739350
subject-0622-record-03,subject-0622,Synthetic User 0622,user0622@example.test,+91-90000-0622,Pune,Synthetic profile 0622; record variant 3; seed 20260925.,258219
subject-0622-record-04,subject-0622,Synthetic User 0622,user0622@example.test,+91-90000-0622,Pune,Synthetic profile 0622; record variant 4; seed 20260925.,804694
subject-0623-record-00,subject-0623,Synthetic User 0623,user0623@example.test,+91-90000-0623,Bengaluru,Synthetic profile 0623; record variant 0; seed 20260925.,857964
subject-0623-record-01,subject-0623,Synthetic User 0623,user0623@example.test,+91-90000-0623,Bengaluru,Synthetic profile 0623; record variant 1; seed 20260925.,544028
subject-0623-record-02,subject-0623,Synthetic User 0623,user0623@example.test,+91-90000-0623,Bengaluru,Synthetic profile 0623; record variant 2; seed 20260925.,922604
subject-0623-record-03,subject-0623,Synthetic User 0623,user0623@example.test,+91-90000-0623,Bengaluru,Synthetic profile 0623; record variant 3; seed 20260925.,162412
subject-0623-record-04,subject-0623,Synthetic User 0623,user0623@example.test,+91-90000-0623,Bengaluru,Synthetic profile 0623; record variant 4; seed 20260925.,288782
subject-0624-record-00,subject-0624,Synthetic User 0624,user0624@example.test,+91-90000-0624,Jaipur,Synthetic profile 0624; record variant 0; seed 20260925.,657996
subject-0624-record-01,subject-0624,Synthetic User 0624,user0624@example.test,+91-90000-0624,Jaipur,Synthetic profile 0624; record variant 1; seed 20260925.,218956
subject-0624-record-02,subject-0624,Synthetic User 0624,user0624@example.test,+91-90000-0624,Jaipur,Synthetic profile 0624; record variant 2; seed 20260925.,282252
subject-0624-record-03,subject-0624,Synthetic User 0624,user0624@example.test,+91-90000-0624,Jaipur,Synthetic profile 0624; record variant 3; seed 20260925.,352507
subject-0624-record-04,subject-0624,Synthetic User 0624,user0624@example.test,+91-90000-0624,Jaipur,Synthetic profile 0624; record variant 4; seed 20260925.,550199
subject-0625-record-00,subject-0625,Synthetic User 0625,user0625@example.test,+91-90000-0625,Mohali,Synthetic profile 0625; record variant 0; seed 20260925.,461092
subject-0625-record-01,subject-0625,Synthetic User 0625,user0625@example.test,+91-90000-0625,Mohali,Synthetic profile 0625; record variant 1; seed 20260925.,350514
subject-0625-record-02,subject-0625,Synthetic User 0625,user0625@example.test,+91-90000-0625,Mohali,Synthetic profile 0625; record variant 2; seed 20260925.,161654
subject-0625-record-03,subject-0625,Synthetic User 0625,user0625@example.test,+91-90000-0625,Mohali,Synthetic profile 0625; record variant 3; seed 20260925.,762758
subject-0625-record-04,subject-0625,Synthetic User 0625,user0625@example.test,+91-90000-0625,Mohali,Synthetic profile 0625; record variant 4; seed 20260925.,318583
subject-0626-record-00,subject-0626,Synthetic User 0626,user0626@example.test,+91-90000-0626,Delhi,Synthetic profile 0626; record variant 0; seed 20260925.,243489
subject-0626-record-01,subject-0626,Synthetic User 0626,user0626@example.test,+91-90000-0626,Delhi,Synthetic profile 0626; record variant 1; seed 20260925.,567823
subject-0626-record-02,subject-0626,Synthetic User 0626,user0626@example.test,+91-90000-0626,Delhi,Synthetic profile 0626; record variant 2; seed 20260925.,627684
subject-0626-record-03,subject-0626,Synthetic User 0626,user0626@example.test,+91-90000-0626,Delhi,Synthetic profile 0626; record variant 3; seed 20260925.,683757
subject-0626-record-04,subject-0626,Synthetic User 0626,user0626@example.test,+91-90000-0626,Delhi,Synthetic profile 0626; record variant 4; seed 20260925.,917277
subject-0627-record-00,subject-0627,Synthetic User 0627,user0627@example.test,+91-90000-0627,Pune,Synthetic profile 0627; record variant 0; seed 20260925.,342799
subject-0627-record-01,subject-0627,Synthetic User 0627,user0627@example.test,+91-90000-0627,Pune,Synthetic profile 0627; record variant 1; seed 20260925.,591455
subject-0627-record-02,subject-0627,Synthetic User 0627,user0627@example.test,+91-90000-0627,Pune,Synthetic profile 0627; record variant 2; seed 20260925.,175577
subject-0627-record-03,subject-0627,Synthetic User 0627,user0627@example.test,+91-90000-0627,Pune,Synthetic profile 0627; record variant 3; seed 20260925.,126927
subject-0627-record-04,subject-0627,Synthetic User 0627,user0627@example.test,+91-90000-0627,Pune,Synthetic profile 0627; record variant 4; seed 20260925.,321492
subject-0628-record-00,subject-0628,Synthetic User 0628,user0628@example.test,+91-90000-0628,Bengaluru,Synthetic profile 0628; record variant 0; seed 20260925.,586901
subject-0628-record-01,subject-0628,Synthetic User 0628,user0628@example.test,+91-90000-0628,Bengaluru,Synthetic profile 0628; record variant 1; seed 20260925.,716789
subject-0628-record-02,subject-0628,Synthetic User 0628,user0628@example.test,+91-90000-0628,Bengaluru,Synthetic profile 0628; record variant 2; seed 20260925.,579817
subject-0628-record-03,subject-0628,Synthetic User 0628,user0628@example.test,+91-90000-0628,Bengaluru,Synthetic profile 0628; record variant 3; seed 20260925.,105833
subject-0628-record-04,subject-0628,Synthetic User 0628,user0628@example.test,+91-90000-0628,Bengaluru,Synthetic profile 0628; record variant 4; seed 20260925.,269780
subject-0629-record-00,subject-0629,Synthetic User 0629,user0629@example.test,+91-90000-0629,Jaipur,Synthetic profile 0629; record variant 0; seed 20260925.,772427
subject-0629-record-01,subject-0629,Synthetic User 0629,user0629@example.test,+91-90000-0629,Jaipur,Synthetic profile 0629; record variant 1; seed 20260925.,163865
subject-0629-record-02,subject-0629,Synthetic User 0629,user0629@example.test,+91-90000-0629,Jaipur,Synthetic profile 0629; record variant 2; seed 20260925.,178577
subject-0629-record-03,subject-0629,Synthetic User 0629,user0629@example.test,+91-90000-0629,Jaipur,Synthetic profile 0629; record variant 3; seed 20260925.,977705
subject-0629-record-04,subject-0629,Synthetic User 0629,user0629@example.test,+91-90000-0629,Jaipur,Synthetic profile 0629; record variant 4; seed 20260925.,254927
subject-0630-record-00,subject-0630,Synthetic User 0630,user0630@example.test,+91-90000-0630,Mohali,Synthetic profile 0630; record variant 0; seed 20260925.,234227
subject-0630-record-01,subject-0630,Synthetic User 0630,user0630@example.test,+91-90000-0630,Mohali,Synthetic profile 0630; record variant 1; seed 20260925.,477663
subject-0630-record-02,subject-0630,Synthetic User 0630,user0630@example.test,+91-90000-0630,Mohali,Synthetic profile 0630; record variant 2; seed 20260925.,427183
subject-0630-record-03,subject-0630,Synthetic User 0630,user0630@example.test,+91-90000-0630,Mohali,Synthetic profile 0630; record variant 3; seed 20260925.,349096
subject-0630-record-04,subject-0630,Synthetic User 0630,user0630@example.test,+91-90000-0630,Mohali,Synthetic profile 0630; record variant 4; seed 20260925.,496330
subject-0631-record-00,subject-0631,Synthetic User 0631,user0631@example.test,+91-90000-0631,Delhi,Synthetic profile 0631; record variant 0; seed 20260925.,774288
subject-0631-record-01,subject-0631,Synthetic User 0631,user0631@example.test,+91-90000-0631,Delhi,Synthetic profile 0631; record variant 1; seed 20260925.,726543
subject-0631-record-02,subject-0631,Synthetic User 0631,user0631@example.test,+91-90000-0631,Delhi,Synthetic profile 0631; record variant 2; seed 20260925.,668213
subject-0631-record-03,subject-0631,Synthetic User 0631,user0631@example.test,+91-90000-0631,Delhi,Synthetic profile 0631; record variant 3; seed 20260925.,529405
subject-0631-record-04,subject-0631,Synthetic User 0631,user0631@example.test,+91-90000-0631,Delhi,Synthetic profile 0631; record variant 4; seed 20260925.,709978
subject-0632-record-00,subject-0632,Synthetic User 0632,user0632@example.test,+91-90000-0632,Pune,Synthetic profile 0632; record variant 0; seed 20260925.,241477
subject-0632-record-01,subject-0632,Synthetic User 0632,user0632@example.test,+91-90000-0632,Pune,Synthetic profile 0632; record variant 1; seed 20260925.,898087
subject-0632-record-02,subject-0632,Synthetic User 0632,user0632@example.test,+91-90000-0632,Pune,Synthetic profile 0632; record variant 2; seed 20260925.,321549
subject-0632-record-03,subject-0632,Synthetic User 0632,user0632@example.test,+91-90000-0632,Pune,Synthetic profile 0632; record variant 3; seed 20260925.,807902
subject-0632-record-04,subject-0632,Synthetic User 0632,user0632@example.test,+91-90000-0632,Pune,Synthetic profile 0632; record variant 4; seed 20260925.,208748
subject-0633-record-00,subject-0633,Synthetic User 0633,user0633@example.test,+91-90000-0633,Bengaluru,Synthetic profile 0633; record variant 0; seed 20260925.,200238
subject-0633-record-01,subject-0633,Synthetic User 0633,user0633@example.test,+91-90000-0633,Bengaluru,Synthetic profile 0633; record variant 1; seed 20260925.,199732
subject-0633-record-02,subject-0633,Synthetic User 0633,user0633@example.test,+91-90000-0633,Bengaluru,Synthetic profile 0633; record variant 2; seed 20260925.,344207
subject-0633-record-03,subject-0633,Synthetic User 0633,user0633@example.test,+91-90000-0633,Bengaluru,Synthetic profile 0633; record variant 3; seed 20260925.,216753
subject-0633-record-04,subject-0633,Synthetic User 0633,user0633@example.test,+91-90000-0633,Bengaluru,Synthetic profile 0633; record variant 4; seed 20260925.,528754
subject-0634-record-00,subject-0634,Synthetic User 0634,user0634@example.test,+91-90000-0634,Jaipur,Synthetic profile 0634; record variant 0; seed 20260925.,745890
subject-0634-record-01,subject-0634,Synthetic User 0634,user0634@example.test,+91-90000-0634,Jaipur,Synthetic profile 0634; record variant 1; seed 20260925.,260411
subject-0634-record-02,subject-0634,Synthetic User 0634,user0634@example.test,+91-90000-0634,Jaipur,Synthetic profile 0634; record variant 2; seed 20260925.,403675
subject-0634-record-03,subject-0634,Synthetic User 0634,user0634@example.test,+91-90000-0634,Jaipur,Synthetic profile 0634; record variant 3; seed 20260925.,746188
subject-0634-record-04,subject-0634,Synthetic User 0634,user0634@example.test,+91-90000-0634,Jaipur,Synthetic profile 0634; record variant 4; seed 20260925.,968257
subject-0635-record-00,subject-0635,Synthetic User 0635,user0635@example.test,+91-90000-0635,Mohali,Synthetic profile 0635; record variant 0; seed 20260925.,974053
subject-0635-record-01,subject-0635,Synthetic User 0635,user0635@example.test,+91-90000-0635,Mohali,Synthetic profile 0635; record variant 1; seed 20260925.,709606
subject-0635-record-02,subject-0635,Synthetic User 0635,user0635@example.test,+91-90000-0635,Mohali,Synthetic profile 0635; record variant 2; seed 20260925.,939970
subject-0635-record-03,subject-0635,Synthetic User 0635,user0635@example.test,+91-90000-0635,Mohali,Synthetic profile 0635; record variant 3; seed 20260925.,603311
subject-0635-record-04,subject-0635,Synthetic User 0635,user0635@example.test,+91-90000-0635,Mohali,Synthetic profile 0635; record variant 4; seed 20260925.,540859
subject-0636-record-00,subject-0636,Synthetic User 0636,user0636@example.test,+91-90000-0636,Delhi,Synthetic profile 0636; record variant 0; seed 20260925.,846552
subject-0636-record-01,subject-0636,Synthetic User 0636,user0636@example.test,+91-90000-0636,Delhi,Synthetic profile 0636; record variant 1; seed 20260925.,459391
subject-0636-record-02,subject-0636,Synthetic User 0636,user0636@example.test,+91-90000-0636,Delhi,Synthetic profile 0636; record variant 2; seed 20260925.,219293
subject-0636-record-03,subject-0636,Synthetic User 0636,user0636@example.test,+91-90000-0636,Delhi,Synthetic profile 0636; record variant 3; seed 20260925.,803303
subject-0636-record-04,subject-0636,Synthetic User 0636,user0636@example.test,+91-90000-0636,Delhi,Synthetic profile 0636; record variant 4; seed 20260925.,689205
subject-0637-record-00,subject-0637,Synthetic User 0637,user0637@example.test,+91-90000-0637,Pune,Synthetic profile 0637; record variant 0; seed 20260925.,922974
subject-0637-record-01,subject-0637,Synthetic User 0637,user0637@example.test,+91-90000-0637,Pune,Synthetic profile 0637; record variant 1; seed 20260925.,342014
subject-0637-record-02,subject-0637,Synthetic User 0637,user0637@example.test,+91-90000-0637,Pune,Synthetic profile 0637; record variant 2; seed 20260925.,653991
subject-0637-record-03,subject-0637,Synthetic User 0637,user0637@example.test,+91-90000-0637,Pune,Synthetic profile 0637; record variant 3; seed 20260925.,884022
subject-0637-record-04,subject-0637,Synthetic User 0637,user0637@example.test,+91-90000-0637,Pune,Synthetic profile 0637; record variant 4; seed 20260925.,388018
subject-0638-record-00,subject-0638,Synthetic User 0638,user0638@example.test,+91-90000-0638,Bengaluru,Synthetic profile 0638; record variant 0; seed 20260925.,604902
subject-0638-record-01,subject-0638,Synthetic User 0638,user0638@example.test,+91-90000-0638,Bengaluru,Synthetic profile 0638; record variant 1; seed 20260925.,396768
subject-0638-record-02,subject-0638,Synthetic User 0638,user0638@example.test,+91-90000-0638,Bengaluru,Synthetic profile 0638; record variant 2; seed 20260925.,548966
subject-0638-record-03,subject-0638,Synthetic User 0638,user0638@example.test,+91-90000-0638,Bengaluru,Synthetic profile 0638; record variant 3; seed 20260925.,259795
subject-0638-record-04,subject-0638,Synthetic User 0638,user0638@example.test,+91-90000-0638,Bengaluru,Synthetic profile 0638; record variant 4; seed 20260925.,641227
subject-0639-record-00,subject-0639,Synthetic User 0639,user0639@example.test,+91-90000-0639,Jaipur,Synthetic profile 0639; record variant 0; seed 20260925.,141054
subject-0639-record-01,subject-0639,Synthetic User 0639,user0639@example.test,+91-90000-0639,Jaipur,Synthetic profile 0639; record variant 1; seed 20260925.,490402
subject-0639-record-02,subject-0639,Synthetic User 0639,user0639@example.test,+91-90000-0639,Jaipur,Synthetic profile 0639; record variant 2; seed 20260925.,887394
subject-0639-record-03,subject-0639,Synthetic User 0639,user0639@example.test,+91-90000-0639,Jaipur,Synthetic profile 0639; record variant 3; seed 20260925.,620497
subject-0639-record-04,subject-0639,Synthetic User 0639,user0639@example.test,+91-90000-0639,Jaipur,Synthetic profile 0639; record variant 4; seed 20260925.,474925
subject-0640-record-00,subject-0640,Synthetic User 0640,user0640@example.test,+91-90000-0640,Mohali,Synthetic profile 0640; record variant 0; seed 20260925.,538423
subject-0640-record-01,subject-0640,Synthetic User 0640,user0640@example.test,+91-90000-0640,Mohali,Synthetic profile 0640; record variant 1; seed 20260925.,502666
subject-0640-record-02,subject-0640,Synthetic User 0640,user0640@example.test,+91-90000-0640,Mohali,Synthetic profile 0640; record variant 2; seed 20260925.,631167
subject-0640-record-03,subject-0640,Synthetic User 0640,user0640@example.test,+91-90000-0640,Mohali,Synthetic profile 0640; record variant 3; seed 20260925.,732423
subject-0640-record-04,subject-0640,Synthetic User 0640,user0640@example.test,+91-90000-0640,Mohali,Synthetic profile 0640; record variant 4; seed 20260925.,353704
subject-0641-record-00,subject-0641,Synthetic User 0641,user0641@example.test,+91-90000-0641,Delhi,Synthetic profile 0641; record variant 0; seed 20260925.,205829
subject-0641-record-01,subject-0641,Synthetic User 0641,user0641@example.test,+91-90000-0641,Delhi,Synthetic profile 0641; record variant 1; seed 20260925.,900255
subject-0641-record-02,subject-0641,Synthetic User 0641,user0641@example.test,+91-90000-0641,Delhi,Synthetic profile 0641; record variant 2; seed 20260925.,245301
subject-0641-record-03,subject-0641,Synthetic User 0641,user0641@example.test,+91-90000-0641,Delhi,Synthetic profile 0641; record variant 3; seed 20260925.,833355
subject-0641-record-04,subject-0641,Synthetic User 0641,user0641@example.test,+91-90000-0641,Delhi,Synthetic profile 0641; record variant 4; seed 20260925.,272195
subject-0642-record-00,subject-0642,Synthetic User 0642,user0642@example.test,+91-90000-0642,Pune,Synthetic profile 0642; record variant 0; seed 20260925.,507370
subject-0642-record-01,subject-0642,Synthetic User 0642,user0642@example.test,+91-90000-0642,Pune,Synthetic profile 0642; record variant 1; seed 20260925.,233828
subject-0642-record-02,subject-0642,Synthetic User 0642,user0642@example.test,+91-90000-0642,Pune,Synthetic profile 0642; record variant 2; seed 20260925.,151917
subject-0642-record-03,subject-0642,Synthetic User 0642,user0642@example.test,+91-90000-0642,Pune,Synthetic profile 0642; record variant 3; seed 20260925.,233340
subject-0642-record-04,subject-0642,Synthetic User 0642,user0642@example.test,+91-90000-0642,Pune,Synthetic profile 0642; record variant 4; seed 20260925.,508448
subject-0643-record-00,subject-0643,Synthetic User 0643,user0643@example.test,+91-90000-0643,Bengaluru,Synthetic profile 0643; record variant 0; seed 20260925.,606607
subject-0643-record-01,subject-0643,Synthetic User 0643,user0643@example.test,+91-90000-0643,Bengaluru,Synthetic profile 0643; record variant 1; seed 20260925.,875418
subject-0643-record-02,subject-0643,Synthetic User 0643,user0643@example.test,+91-90000-0643,Bengaluru,Synthetic profile 0643; record variant 2; seed 20260925.,862827
subject-0643-record-03,subject-0643,Synthetic User 0643,user0643@example.test,+91-90000-0643,Bengaluru,Synthetic profile 0643; record variant 3; seed 20260925.,579620
subject-0643-record-04,subject-0643,Synthetic User 0643,user0643@example.test,+91-90000-0643,Bengaluru,Synthetic profile 0643; record variant 4; seed 20260925.,391494
subject-0644-record-00,subject-0644,Synthetic User 0644,user0644@example.test,+91-90000-0644,Jaipur,Synthetic profile 0644; record variant 0; seed 20260925.,488884
subject-0644-record-01,subject-0644,Synthetic User 0644,user0644@example.test,+91-90000-0644,Jaipur,Synthetic profile 0644; record variant 1; seed 20260925.,146548
subject-0644-record-02,subject-0644,Synthetic User 0644,user0644@example.test,+91-90000-0644,Jaipur,Synthetic profile 0644; record variant 2; seed 20260925.,799119
subject-0644-record-03,subject-0644,Synthetic User 0644,user0644@example.test,+91-90000-0644,Jaipur,Synthetic profile 0644; record variant 3; seed 20260925.,151703
subject-0644-record-04,subject-0644,Synthetic User 0644,user0644@example.test,+91-90000-0644,Jaipur,Synthetic profile 0644; record variant 4; seed 20260925.,365712
subject-0645-record-00,subject-0645,Synthetic User 0645,user0645@example.test,+91-90000-0645,Mohali,Synthetic profile 0645; record variant 0; seed 20260925.,526782
subject-0645-record-01,subject-0645,Synthetic User 0645,user0645@example.test,+91-90000-0645,Mohali,Synthetic profile 0645; record variant 1; seed 20260925.,173726
subject-0645-record-02,subject-0645,Synthetic User 0645,user0645@example.test,+91-90000-0645,Mohali,Synthetic profile 0645; record variant 2; seed 20260925.,352374
subject-0645-record-03,subject-0645,Synthetic User 0645,user0645@example.test,+91-90000-0645,Mohali,Synthetic profile 0645; record variant 3; seed 20260925.,264842
subject-0645-record-04,subject-0645,Synthetic User 0645,user0645@example.test,+91-90000-0645,Mohali,Synthetic profile 0645; record variant 4; seed 20260925.,236480
subject-0646-record-00,subject-0646,Synthetic User 0646,user0646@example.test,+91-90000-0646,Delhi,Synthetic profile 0646; record variant 0; seed 20260925.,465375
subject-0646-record-01,subject-0646,Synthetic User 0646,user0646@example.test,+91-90000-0646,Delhi,Synthetic profile 0646; record variant 1; seed 20260925.,891589
subject-0646-record-02,subject-0646,Synthetic User 0646,user0646@example.test,+91-90000-0646,Delhi,Synthetic profile 0646; record variant 2; seed 20260925.,484356
subject-0646-record-03,subject-0646,Synthetic User 0646,user0646@example.test,+91-90000-0646,Delhi,Synthetic profile 0646; record variant 3; seed 20260925.,776359
subject-0646-record-04,subject-0646,Synthetic User 0646,user0646@example.test,+91-90000-0646,Delhi,Synthetic profile 0646; record variant 4; seed 20260925.,394424
subject-0647-record-00,subject-0647,Synthetic User 0647,user0647@example.test,+91-90000-0647,Pune,Synthetic profile 0647; record variant 0; seed 20260925.,620426
subject-0647-record-01,subject-0647,Synthetic User 0647,user0647@example.test,+91-90000-0647,Pune,Synthetic profile 0647; record variant 1; seed 20260925.,737742
subject-0647-record-02,subject-0647,Synthetic User 0647,user0647@example.test,+91-90000-0647,Pune,Synthetic profile 0647; record variant 2; seed 20260925.,370497
subject-0647-record-03,subject-0647,Synthetic User 0647,user0647@example.test,+91-90000-0647,Pune,Synthetic profile 0647; record variant 3; seed 20260925.,614347
subject-0647-record-04,subject-0647,Synthetic User 0647,user0647@example.test,+91-90000-0647,Pune,Synthetic profile 0647; record variant 4; seed 20260925.,541365
subject-0648-record-00,subject-0648,Synthetic User 0648,user0648@example.test,+91-90000-0648,Bengaluru,Synthetic profile 0648; record variant 0; seed 20260925.,880896
subject-0648-record-01,subject-0648,Synthetic User 0648,user0648@example.test,+91-90000-0648,Bengaluru,Synthetic profile 0648; record variant 1; seed 20260925.,414251
subject-0648-record-02,subject-0648,Synthetic User 0648,user0648@example.test,+91-90000-0648,Bengaluru,Synthetic profile 0648; record variant 2; seed 20260925.,314575
subject-0648-record-03,subject-0648,Synthetic User 0648,user0648@example.test,+91-90000-0648,Bengaluru,Synthetic profile 0648; record variant 3; seed 20260925.,348915
subject-0648-record-04,subject-0648,Synthetic User 0648,user0648@example.test,+91-90000-0648,Bengaluru,Synthetic profile 0648; record variant 4; seed 20260925.,679089
subject-0649-record-00,subject-0649,Synthetic User 0649,user0649@example.test,+91-90000-0649,Jaipur,Synthetic profile 0649; record variant 0; seed 20260925.,852361
subject-0649-record-01,subject-0649,Synthetic User 0649,user0649@example.test,+91-90000-0649,Jaipur,Synthetic profile 0649; record variant 1; seed 20260925.,435909
subject-0649-record-02,subject-0649,Synthetic User 0649,user0649@example.test,+91-90000-0649,Jaipur,Synthetic profile 0649; record variant 2; seed 20260925.,340636
subject-0649-record-03,subject-0649,Synthetic User 0649,user0649@example.test,+91-90000-0649,Jaipur,Synthetic profile 0649; record variant 3; seed 20260925.,161409
subject-0649-record-04,subject-0649,Synthetic User 0649,user0649@example.test,+91-90000-0649,Jaipur,Synthetic profile 0649; record variant 4; seed 20260925.,631195
subject-0650-record-00,subject-0650,Synthetic User 0650,user0650@example.test,+91-90000-0650,Mohali,Synthetic profile 0650; record variant 0; seed 20260925.,749152
subject-0650-record-01,subject-0650,Synthetic User 0650,user0650@example.test,+91-90000-0650,Mohali,Synthetic profile 0650; record variant 1; seed 20260925.,673701
subject-0650-record-02,subject-0650,Synthetic User 0650,user0650@example.test,+91-90000-0650,Mohali,Synthetic profile 0650; record variant 2; seed 20260925.,306414
subject-0650-record-03,subject-0650,Synthetic User 0650,user0650@example.test,+91-90000-0650,Mohali,Synthetic profile 0650; record variant 3; seed 20260925.,707646
subject-0650-record-04,subject-0650,Synthetic User 0650,user0650@example.test,+91-90000-0650,Mohali,Synthetic profile 0650; record variant 4; seed 20260925.,101591
subject-0651-record-00,subject-0651,Synthetic User 0651,user0651@example.test,+91-90000-0651,Delhi,Synthetic profile 0651; record variant 0; seed 20260925.,591953
subject-0651-record-01,subject-0651,Synthetic User 0651,user0651@example.test,+91-90000-0651,Delhi,Synthetic profile 0651; record variant 1; seed 20260925.,705276
subject-0651-record-02,subject-0651,Synthetic User 0651,user0651@example.test,+91-90000-0651,Delhi,Synthetic profile 0651; record variant 2; seed 20260925.,524550
subject-0651-record-03,subject-0651,Synthetic User 0651,user0651@example.test,+91-90000-0651,Delhi,Synthetic profile 0651; record variant 3; seed 20260925.,559648
subject-0651-record-04,subject-0651,Synthetic User 0651,user0651@example.test,+91-90000-0651,Delhi,Synthetic profile 0651; record variant 4; seed 20260925.,864537
subject-0652-record-00,subject-0652,Synthetic User 0652,user0652@example.test,+91-90000-0652,Pune,Synthetic profile 0652; record variant 0; seed 20260925.,798446
subject-0652-record-01,subject-0652,Synthetic User 0652,user0652@example.test,+91-90000-0652,Pune,Synthetic profile 0652; record variant 1; seed 20260925.,328661
subject-0652-record-02,subject-0652,Synthetic User 0652,user0652@example.test,+91-90000-0652,Pune,Synthetic profile 0652; record variant 2; seed 20260925.,681772
subject-0652-record-03,subject-0652,Synthetic User 0652,user0652@example.test,+91-90000-0652,Pune,Synthetic profile 0652; record variant 3; seed 20260925.,515624
subject-0652-record-04,subject-0652,Synthetic User 0652,user0652@example.test,+91-90000-0652,Pune,Synthetic profile 0652; record variant 4; seed 20260925.,846046
subject-0653-record-00,subject-0653,Synthetic User 0653,user0653@example.test,+91-90000-0653,Bengaluru,Synthetic profile 0653; record variant 0; seed 20260925.,434728
subject-0653-record-01,subject-0653,Synthetic User 0653,user0653@example.test,+91-90000-0653,Bengaluru,Synthetic profile 0653; record variant 1; seed 20260925.,620119
subject-0653-record-02,subject-0653,Synthetic User 0653,user0653@example.test,+91-90000-0653,Bengaluru,Synthetic profile 0653; record variant 2; seed 20260925.,296102
subject-0653-record-03,subject-0653,Synthetic User 0653,user0653@example.test,+91-90000-0653,Bengaluru,Synthetic profile 0653; record variant 3; seed 20260925.,579430
subject-0653-record-04,subject-0653,Synthetic User 0653,user0653@example.test,+91-90000-0653,Bengaluru,Synthetic profile 0653; record variant 4; seed 20260925.,668374
subject-0654-record-00,subject-0654,Synthetic User 0654,user0654@example.test,+91-90000-0654,Jaipur,Synthetic profile 0654; record variant 0; seed 20260925.,666326
subject-0654-record-01,subject-0654,Synthetic User 0654,user0654@example.test,+91-90000-0654,Jaipur,Synthetic profile 0654; record variant 1; seed 20260925.,851092
subject-0654-record-02,subject-0654,Synthetic User 0654,user0654@example.test,+91-90000-0654,Jaipur,Synthetic profile 0654; record variant 2; seed 20260925.,520096
subject-0654-record-03,subject-0654,Synthetic User 0654,user0654@example.test,+91-90000-0654,Jaipur,Synthetic profile 0654; record variant 3; seed 20260925.,783335
subject-0654-record-04,subject-0654,Synthetic User 0654,user0654@example.test,+91-90000-0654,Jaipur,Synthetic profile 0654; record variant 4; seed 20260925.,383754
subject-0655-record-00,subject-0655,Synthetic User 0655,user0655@example.test,+91-90000-0655,Mohali,Synthetic profile 0655; record variant 0; seed 20260925.,633863
subject-0655-record-01,subject-0655,Synthetic User 0655,user0655@example.test,+91-90000-0655,Mohali,Synthetic profile 0655; record variant 1; seed 20260925.,828176
subject-0655-record-02,subject-0655,Synthetic User 0655,user0655@example.test,+91-90000-0655,Mohali,Synthetic profile 0655; record variant 2; seed 20260925.,299523
subject-0655-record-03,subject-0655,Synthetic User 0655,user0655@example.test,+91-90000-0655,Mohali,Synthetic profile 0655; record variant 3; seed 20260925.,786513
subject-0655-record-04,subject-0655,Synthetic User 0655,user0655@example.test,+91-90000-0655,Mohali,Synthetic profile 0655; record variant 4; seed 20260925.,326543
subject-0656-record-00,subject-0656,Synthetic User 0656,user0656@example.test,+91-90000-0656,Delhi,Synthetic profile 0656; record variant 0; seed 20260925.,992268
subject-0656-record-01,subject-0656,Synthetic User 0656,user0656@example.test,+91-90000-0656,Delhi,Synthetic profile 0656; record variant 1; seed 20260925.,513518
subject-0656-record-02,subject-0656,Synthetic User 0656,user0656@example.test,+91-90000-0656,Delhi,Synthetic profile 0656; record variant 2; seed 20260925.,226020
subject-0656-record-03,subject-0656,Synthetic User 0656,user0656@example.test,+91-90000-0656,Delhi,Synthetic profile 0656; record variant 3; seed 20260925.,693137
subject-0656-record-04,subject-0656,Synthetic User 0656,user0656@example.test,+91-90000-0656,Delhi,Synthetic profile 0656; record variant 4; seed 20260925.,377399
subject-0657-record-00,subject-0657,Synthetic User 0657,user0657@example.test,+91-90000-0657,Pune,Synthetic profile 0657; record variant 0; seed 20260925.,199497
subject-0657-record-01,subject-0657,Synthetic User 0657,user0657@example.test,+91-90000-0657,Pune,Synthetic profile 0657; record variant 1; seed 20260925.,847045
subject-0657-record-02,subject-0657,Synthetic User 0657,user0657@example.test,+91-90000-0657,Pune,Synthetic profile 0657; record variant 2; seed 20260925.,681948
subject-0657-record-03,subject-0657,Synthetic User 0657,user0657@example.test,+91-90000-0657,Pune,Synthetic profile 0657; record variant 3; seed 20260925.,407210
subject-0657-record-04,subject-0657,Synthetic User 0657,user0657@example.test,+91-90000-0657,Pune,Synthetic profile 0657; record variant 4; seed 20260925.,811974
subject-0658-record-00,subject-0658,Synthetic User 0658,user0658@example.test,+91-90000-0658,Bengaluru,Synthetic profile 0658; record variant 0; seed 20260925.,553162
subject-0658-record-01,subject-0658,Synthetic User 0658,user0658@example.test,+91-90000-0658,Bengaluru,Synthetic profile 0658; record variant 1; seed 20260925.,173537
subject-0658-record-02,subject-0658,Synthetic User 0658,user0658@example.test,+91-90000-0658,Bengaluru,Synthetic profile 0658; record variant 2; seed 20260925.,439241
subject-0658-record-03,subject-0658,Synthetic User 0658,user0658@example.test,+91-90000-0658,Bengaluru,Synthetic profile 0658; record variant 3; seed 20260925.,384044
subject-0658-record-04,subject-0658,Synthetic User 0658,user0658@example.test,+91-90000-0658,Bengaluru,Synthetic profile 0658; record variant 4; seed 20260925.,330097
subject-0659-record-00,subject-0659,Synthetic User 0659,user0659@example.test,+91-90000-0659,Jaipur,Synthetic profile 0659; record variant 0; seed 20260925.,775810
subject-0659-record-01,subject-0659,Synthetic User 0659,user0659@example.test,+91-90000-0659,Jaipur,Synthetic profile 0659; record variant 1; seed 20260925.,252004
subject-0659-record-02,subject-0659,Synthetic User 0659,user0659@example.test,+91-90000-0659,Jaipur,Synthetic profile 0659; record variant 2; seed 20260925.,690685
subject-0659-record-03,subject-0659,Synthetic User 0659,user0659@example.test,+91-90000-0659,Jaipur,Synthetic profile 0659; record variant 3; seed 20260925.,670696
subject-0659-record-04,subject-0659,Synthetic User 0659,user0659@example.test,+91-90000-0659,Jaipur,Synthetic profile 0659; record variant 4; seed 20260925.,554689
subject-0660-record-00,subject-0660,Synthetic User 0660,user0660@example.test,+91-90000-0660,Mohali,Synthetic profile 0660; record variant 0; seed 20260925.,355176
subject-0660-record-01,subject-0660,Synthetic User 0660,user0660@example.test,+91-90000-0660,Mohali,Synthetic profile 0660; record variant 1; seed 20260925.,205568
subject-0660-record-02,subject-0660,Synthetic User 0660,user0660@example.test,+91-90000-0660,Mohali,Synthetic profile 0660; record variant 2; seed 20260925.,681108
subject-0660-record-03,subject-0660,Synthetic User 0660,user0660@example.test,+91-90000-0660,Mohali,Synthetic profile 0660; record variant 3; seed 20260925.,508160
subject-0660-record-04,subject-0660,Synthetic User 0660,user0660@example.test,+91-90000-0660,Mohali,Synthetic profile 0660; record variant 4; seed 20260925.,961523
subject-0661-record-00,subject-0661,Synthetic User 0661,user0661@example.test,+91-90000-0661,Delhi,Synthetic profile 0661; record variant 0; seed 20260925.,102319
subject-0661-record-01,subject-0661,Synthetic User 0661,user0661@example.test,+91-90000-0661,Delhi,Synthetic profile 0661; record variant 1; seed 20260925.,304606
subject-0661-record-02,subject-0661,Synthetic User 0661,user0661@example.test,+91-90000-0661,Delhi,Synthetic profile 0661; record variant 2; seed 20260925.,903942
subject-0661-record-03,subject-0661,Synthetic User 0661,user0661@example.test,+91-90000-0661,Delhi,Synthetic profile 0661; record variant 3; seed 20260925.,168641
subject-0661-record-04,subject-0661,Synthetic User 0661,user0661@example.test,+91-90000-0661,Delhi,Synthetic profile 0661; record variant 4; seed 20260925.,281683
subject-0662-record-00,subject-0662,Synthetic User 0662,user0662@example.test,+91-90000-0662,Pune,Synthetic profile 0662; record variant 0; seed 20260925.,825172
subject-0662-record-01,subject-0662,Synthetic User 0662,user0662@example.test,+91-90000-0662,Pune,Synthetic profile 0662; record variant 1; seed 20260925.,800752
subject-0662-record-02,subject-0662,Synthetic User 0662,user0662@example.test,+91-90000-0662,Pune,Synthetic profile 0662; record variant 2; seed 20260925.,981867
subject-0662-record-03,subject-0662,Synthetic User 0662,user0662@example.test,+91-90000-0662,Pune,Synthetic profile 0662; record variant 3; seed 20260925.,784263
subject-0662-record-04,subject-0662,Synthetic User 0662,user0662@example.test,+91-90000-0662,Pune,Synthetic profile 0662; record variant 4; seed 20260925.,517114
subject-0663-record-00,subject-0663,Synthetic User 0663,user0663@example.test,+91-90000-0663,Bengaluru,Synthetic profile 0663; record variant 0; seed 20260925.,324180
subject-0663-record-01,subject-0663,Synthetic User 0663,user0663@example.test,+91-90000-0663,Bengaluru,Synthetic profile 0663; record variant 1; seed 20260925.,263632
subject-0663-record-02,subject-0663,Synthetic User 0663,user0663@example.test,+91-90000-0663,Bengaluru,Synthetic profile 0663; record variant 2; seed 20260925.,519047
subject-0663-record-03,subject-0663,Synthetic User 0663,user0663@example.test,+91-90000-0663,Bengaluru,Synthetic profile 0663; record variant 3; seed 20260925.,101161
subject-0663-record-04,subject-0663,Synthetic User 0663,user0663@example.test,+91-90000-0663,Bengaluru,Synthetic profile 0663; record variant 4; seed 20260925.,270484
subject-0664-record-00,subject-0664,Synthetic User 0664,user0664@example.test,+91-90000-0664,Jaipur,Synthetic profile 0664; record variant 0; seed 20260925.,285119
subject-0664-record-01,subject-0664,Synthetic User 0664,user0664@example.test,+91-90000-0664,Jaipur,Synthetic profile 0664; record variant 1; seed 20260925.,165024
subject-0664-record-02,subject-0664,Synthetic User 0664,user0664@example.test,+91-90000-0664,Jaipur,Synthetic profile 0664; record variant 2; seed 20260925.,172353
subject-0664-record-03,subject-0664,Synthetic User 0664,user0664@example.test,+91-90000-0664,Jaipur,Synthetic profile 0664; record variant 3; seed 20260925.,275111
subject-0664-record-04,subject-0664,Synthetic User 0664,user0664@example.test,+91-90000-0664,Jaipur,Synthetic profile 0664; record variant 4; seed 20260925.,393310
subject-0665-record-00,subject-0665,Synthetic User 0665,user0665@example.test,+91-90000-0665,Mohali,Synthetic profile 0665; record variant 0; seed 20260925.,195931
subject-0665-record-01,subject-0665,Synthetic User 0665,user0665@example.test,+91-90000-0665,Mohali,Synthetic profile 0665; record variant 1; seed 20260925.,484437
subject-0665-record-02,subject-0665,Synthetic User 0665,user0665@example.test,+91-90000-0665,Mohali,Synthetic profile 0665; record variant 2; seed 20260925.,891313
subject-0665-record-03,subject-0665,Synthetic User 0665,user0665@example.test,+91-90000-0665,Mohali,Synthetic profile 0665; record variant 3; seed 20260925.,527888
subject-0665-record-04,subject-0665,Synthetic User 0665,user0665@example.test,+91-90000-0665,Mohali,Synthetic profile 0665; record variant 4; seed 20260925.,338789
subject-0666-record-00,subject-0666,Synthetic User 0666,user0666@example.test,+91-90000-0666,Delhi,Synthetic profile 0666; record variant 0; seed 20260925.,321279
subject-0666-record-01,subject-0666,Synthetic User 0666,user0666@example.test,+91-90000-0666,Delhi,Synthetic profile 0666; record variant 1; seed 20260925.,693211
subject-0666-record-02,subject-0666,Synthetic User 0666,user0666@example.test,+91-90000-0666,Delhi,Synthetic profile 0666; record variant 2; seed 20260925.,545652
subject-0666-record-03,subject-0666,Synthetic User 0666,user0666@example.test,+91-90000-0666,Delhi,Synthetic profile 0666; record variant 3; seed 20260925.,623407
subject-0666-record-04,subject-0666,Synthetic User 0666,user0666@example.test,+91-90000-0666,Delhi,Synthetic profile 0666; record variant 4; seed 20260925.,354927
subject-0667-record-00,subject-0667,Synthetic User 0667,user0667@example.test,+91-90000-0667,Pune,Synthetic profile 0667; record variant 0; seed 20260925.,332433
subject-0667-record-01,subject-0667,Synthetic User 0667,user0667@example.test,+91-90000-0667,Pune,Synthetic profile 0667; record variant 1; seed 20260925.,933918
subject-0667-record-02,subject-0667,Synthetic User 0667,user0667@example.test,+91-90000-0667,Pune,Synthetic profile 0667; record variant 2; seed 20260925.,626158
subject-0667-record-03,subject-0667,Synthetic User 0667,user0667@example.test,+91-90000-0667,Pune,Synthetic profile 0667; record variant 3; seed 20260925.,960289
subject-0667-record-04,subject-0667,Synthetic User 0667,user0667@example.test,+91-90000-0667,Pune,Synthetic profile 0667; record variant 4; seed 20260925.,228849
subject-0668-record-00,subject-0668,Synthetic User 0668,user0668@example.test,+91-90000-0668,Bengaluru,Synthetic profile 0668; record variant 0; seed 20260925.,485308
subject-0668-record-01,subject-0668,Synthetic User 0668,user0668@example.test,+91-90000-0668,Bengaluru,Synthetic profile 0668; record variant 1; seed 20260925.,862769
subject-0668-record-02,subject-0668,Synthetic User 0668,user0668@example.test,+91-90000-0668,Bengaluru,Synthetic profile 0668; record variant 2; seed 20260925.,867813
subject-0668-record-03,subject-0668,Synthetic User 0668,user0668@example.test,+91-90000-0668,Bengaluru,Synthetic profile 0668; record variant 3; seed 20260925.,155087
subject-0668-record-04,subject-0668,Synthetic User 0668,user0668@example.test,+91-90000-0668,Bengaluru,Synthetic profile 0668; record variant 4; seed 20260925.,693230
subject-0669-record-00,subject-0669,Synthetic User 0669,user0669@example.test,+91-90000-0669,Jaipur,Synthetic profile 0669; record variant 0; seed 20260925.,376173
subject-0669-record-01,subject-0669,Synthetic User 0669,user0669@example.test,+91-90000-0669,Jaipur,Synthetic profile 0669; record variant 1; seed 20260925.,719091
subject-0669-record-02,subject-0669,Synthetic User 0669,user0669@example.test,+91-90000-0669,Jaipur,Synthetic profile 0669; record variant 2; seed 20260925.,334688
subject-0669-record-03,subject-0669,Synthetic User 0669,user0669@example.test,+91-90000-0669,Jaipur,Synthetic profile 0669; record variant 3; seed 20260925.,611384
subject-0669-record-04,subject-0669,Synthetic User 0669,user0669@example.test,+91-90000-0669,Jaipur,Synthetic profile 0669; record variant 4; seed 20260925.,391727
subject-0670-record-00,subject-0670,Synthetic User 0670,user0670@example.test,+91-90000-0670,Mohali,Synthetic profile 0670; record variant 0; seed 20260925.,120909
subject-0670-record-01,subject-0670,Synthetic User 0670,user0670@example.test,+91-90000-0670,Mohali,Synthetic profile 0670; record variant 1; seed 20260925.,728080
subject-0670-record-02,subject-0670,Synthetic User 0670,user0670@example.test,+91-90000-0670,Mohali,Synthetic profile 0670; record variant 2; seed 20260925.,108388
subject-0670-record-03,subject-0670,Synthetic User 0670,user0670@example.test,+91-90000-0670,Mohali,Synthetic profile 0670; record variant 3; seed 20260925.,205467
subject-0670-record-04,subject-0670,Synthetic User 0670,user0670@example.test,+91-90000-0670,Mohali,Synthetic profile 0670; record variant 4; seed 20260925.,800928
subject-0671-record-00,subject-0671,Synthetic User 0671,user0671@example.test,+91-90000-0671,Delhi,Synthetic profile 0671; record variant 0; seed 20260925.,822625
subject-0671-record-01,subject-0671,Synthetic User 0671,user0671@example.test,+91-90000-0671,Delhi,Synthetic profile 0671; record variant 1; seed 20260925.,203869
subject-0671-record-02,subject-0671,Synthetic User 0671,user0671@example.test,+91-90000-0671,Delhi,Synthetic profile 0671; record variant 2; seed 20260925.,525284
subject-0671-record-03,subject-0671,Synthetic User 0671,user0671@example.test,+91-90000-0671,Delhi,Synthetic profile 0671; record variant 3; seed 20260925.,902298
subject-0671-record-04,subject-0671,Synthetic User 0671,user0671@example.test,+91-90000-0671,Delhi,Synthetic profile 0671; record variant 4; seed 20260925.,178032
subject-0672-record-00,subject-0672,Synthetic User 0672,user0672@example.test,+91-90000-0672,Pune,Synthetic profile 0672; record variant 0; seed 20260925.,882540
subject-0672-record-01,subject-0672,Synthetic User 0672,user0672@example.test,+91-90000-0672,Pune,Synthetic profile 0672; record variant 1; seed 20260925.,770309
subject-0672-record-02,subject-0672,Synthetic User 0672,user0672@example.test,+91-90000-0672,Pune,Synthetic profile 0672; record variant 2; seed 20260925.,950171
subject-0672-record-03,subject-0672,Synthetic User 0672,user0672@example.test,+91-90000-0672,Pune,Synthetic profile 0672; record variant 3; seed 20260925.,102846
subject-0672-record-04,subject-0672,Synthetic User 0672,user0672@example.test,+91-90000-0672,Pune,Synthetic profile 0672; record variant 4; seed 20260925.,519032
subject-0673-record-00,subject-0673,Synthetic User 0673,user0673@example.test,+91-90000-0673,Bengaluru,Synthetic profile 0673; record variant 0; seed 20260925.,869141
subject-0673-record-01,subject-0673,Synthetic User 0673,user0673@example.test,+91-90000-0673,Bengaluru,Synthetic profile 0673; record variant 1; seed 20260925.,267841
subject-0673-record-02,subject-0673,Synthetic User 0673,user0673@example.test,+91-90000-0673,Bengaluru,Synthetic profile 0673; record variant 2; seed 20260925.,599042
subject-0673-record-03,subject-0673,Synthetic User 0673,user0673@example.test,+91-90000-0673,Bengaluru,Synthetic profile 0673; record variant 3; seed 20260925.,495579
subject-0673-record-04,subject-0673,Synthetic User 0673,user0673@example.test,+91-90000-0673,Bengaluru,Synthetic profile 0673; record variant 4; seed 20260925.,139036
subject-0674-record-00,subject-0674,Synthetic User 0674,user0674@example.test,+91-90000-0674,Jaipur,Synthetic profile 0674; record variant 0; seed 20260925.,374926
subject-0674-record-01,subject-0674,Synthetic User 0674,user0674@example.test,+91-90000-0674,Jaipur,Synthetic profile 0674; record variant 1; seed 20260925.,572663
subject-0674-record-02,subject-0674,Synthetic User 0674,user0674@example.test,+91-90000-0674,Jaipur,Synthetic profile 0674; record variant 2; seed 20260925.,495326
subject-0674-record-03,subject-0674,Synthetic User 0674,user0674@example.test,+91-90000-0674,Jaipur,Synthetic profile 0674; record variant 3; seed 20260925.,559698
subject-0674-record-04,subject-0674,Synthetic User 0674,user0674@example.test,+91-90000-0674,Jaipur,Synthetic profile 0674; record variant 4; seed 20260925.,463823
subject-0675-record-00,subject-0675,Synthetic User 0675,user0675@example.test,+91-90000-0675,Mohali,Synthetic profile 0675; record variant 0; seed 20260925.,840152
subject-0675-record-01,subject-0675,Synthetic User 0675,user0675@example.test,+91-90000-0675,Mohali,Synthetic profile 0675; record variant 1; seed 20260925.,727865
subject-0675-record-02,subject-0675,Synthetic User 0675,user0675@example.test,+91-90000-0675,Mohali,Synthetic profile 0675; record variant 2; seed 20260925.,354451
subject-0675-record-03,subject-0675,Synthetic User 0675,user0675@example.test,+91-90000-0675,Mohali,Synthetic profile 0675; record variant 3; seed 20260925.,337390
subject-0675-record-04,subject-0675,Synthetic User 0675,user0675@example.test,+91-90000-0675,Mohali,Synthetic profile 0675; record variant 4; seed 20260925.,703812
subject-0676-record-00,subject-0676,Synthetic User 0676,user0676@example.test,+91-90000-0676,Delhi,Synthetic profile 0676; record variant 0; seed 20260925.,699073
subject-0676-record-01,subject-0676,Synthetic User 0676,user0676@example.test,+91-90000-0676,Delhi,Synthetic profile 0676; record variant 1; seed 20260925.,503434
subject-0676-record-02,subject-0676,Synthetic User 0676,user0676@example.test,+91-90000-0676,Delhi,Synthetic profile 0676; record variant 2; seed 20260925.,707969
subject-0676-record-03,subject-0676,Synthetic User 0676,user0676@example.test,+91-90000-0676,Delhi,Synthetic profile 0676; record variant 3; seed 20260925.,226675
subject-0676-record-04,subject-0676,Synthetic User 0676,user0676@example.test,+91-90000-0676,Delhi,Synthetic profile 0676; record variant 4; seed 20260925.,839111
subject-0677-record-00,subject-0677,Synthetic User 0677,user0677@example.test,+91-90000-0677,Pune,Synthetic profile 0677; record variant 0; seed 20260925.,257900
subject-0677-record-01,subject-0677,Synthetic User 0677,user0677@example.test,+91-90000-0677,Pune,Synthetic profile 0677; record variant 1; seed 20260925.,350629
subject-0677-record-02,subject-0677,Synthetic User 0677,user0677@example.test,+91-90000-0677,Pune,Synthetic profile 0677; record variant 2; seed 20260925.,300632
subject-0677-record-03,subject-0677,Synthetic User 0677,user0677@example.test,+91-90000-0677,Pune,Synthetic profile 0677; record variant 3; seed 20260925.,834871
subject-0677-record-04,subject-0677,Synthetic User 0677,user0677@example.test,+91-90000-0677,Pune,Synthetic profile 0677; record variant 4; seed 20260925.,765851
subject-0678-record-00,subject-0678,Synthetic User 0678,user0678@example.test,+91-90000-0678,Bengaluru,Synthetic profile 0678; record variant 0; seed 20260925.,481770
subject-0678-record-01,subject-0678,Synthetic User 0678,user0678@example.test,+91-90000-0678,Bengaluru,Synthetic profile 0678; record variant 1; seed 20260925.,349560
subject-0678-record-02,subject-0678,Synthetic User 0678,user0678@example.test,+91-90000-0678,Bengaluru,Synthetic profile 0678; record variant 2; seed 20260925.,589067
subject-0678-record-03,subject-0678,Synthetic User 0678,user0678@example.test,+91-90000-0678,Bengaluru,Synthetic profile 0678; record variant 3; seed 20260925.,916342
subject-0678-record-04,subject-0678,Synthetic User 0678,user0678@example.test,+91-90000-0678,Bengaluru,Synthetic profile 0678; record variant 4; seed 20260925.,103930
subject-0679-record-00,subject-0679,Synthetic User 0679,user0679@example.test,+91-90000-0679,Jaipur,Synthetic profile 0679; record variant 0; seed 20260925.,740570
subject-0679-record-01,subject-0679,Synthetic User 0679,user0679@example.test,+91-90000-0679,Jaipur,Synthetic profile 0679; record variant 1; seed 20260925.,490714
subject-0679-record-02,subject-0679,Synthetic User 0679,user0679@example.test,+91-90000-0679,Jaipur,Synthetic profile 0679; record variant 2; seed 20260925.,198618
subject-0679-record-03,subject-0679,Synthetic User 0679,user0679@example.test,+91-90000-0679,Jaipur,Synthetic profile 0679; record variant 3; seed 20260925.,152974
subject-0679-record-04,subject-0679,Synthetic User 0679,user0679@example.test,+91-90000-0679,Jaipur,Synthetic profile 0679; record variant 4; seed 20260925.,590759
subject-0680-record-00,subject-0680,Synthetic User 0680,user0680@example.test,+91-90000-0680,Mohali,Synthetic profile 0680; record variant 0; seed 20260925.,251064
subject-0680-record-01,subject-0680,Synthetic User 0680,user0680@example.test,+91-90000-0680,Mohali,Synthetic profile 0680; record variant 1; seed 20260925.,309121
subject-0680-record-02,subject-0680,Synthetic User 0680,user0680@example.test,+91-90000-0680,Mohali,Synthetic profile 0680; record variant 2; seed 20260925.,357460
subject-0680-record-03,subject-0680,Synthetic User 0680,user0680@example.test,+91-90000-0680,Mohali,Synthetic profile 0680; record variant 3; seed 20260925.,664696
subject-0680-record-04,subject-0680,Synthetic User 0680,user0680@example.test,+91-90000-0680,Mohali,Synthetic profile 0680; record variant 4; seed 20260925.,454658
subject-0681-record-00,subject-0681,Synthetic User 0681,user0681@example.test,+91-90000-0681,Delhi,Synthetic profile 0681; record variant 0; seed 20260925.,678464
subject-0681-record-01,subject-0681,Synthetic User 0681,user0681@example.test,+91-90000-0681,Delhi,Synthetic profile 0681; record variant 1; seed 20260925.,351034
subject-0681-record-02,subject-0681,Synthetic User 0681,user0681@example.test,+91-90000-0681,Delhi,Synthetic profile 0681; record variant 2; seed 20260925.,486845
subject-0681-record-03,subject-0681,Synthetic User 0681,user0681@example.test,+91-90000-0681,Delhi,Synthetic profile 0681; record variant 3; seed 20260925.,272752
subject-0681-record-04,subject-0681,Synthetic User 0681,user0681@example.test,+91-90000-0681,Delhi,Synthetic profile 0681; record variant 4; seed 20260925.,475066
subject-0682-record-00,subject-0682,Synthetic User 0682,user0682@example.test,+91-90000-0682,Pune,Synthetic profile 0682; record variant 0; seed 20260925.,632434
subject-0682-record-01,subject-0682,Synthetic User 0682,user0682@example.test,+91-90000-0682,Pune,Synthetic profile 0682; record variant 1; seed 20260925.,114722
subject-0682-record-02,subject-0682,Synthetic User 0682,user0682@example.test,+91-90000-0682,Pune,Synthetic profile 0682; record variant 2; seed 20260925.,886300
subject-0682-record-03,subject-0682,Synthetic User 0682,user0682@example.test,+91-90000-0682,Pune,Synthetic profile 0682; record variant 3; seed 20260925.,858651
subject-0682-record-04,subject-0682,Synthetic User 0682,user0682@example.test,+91-90000-0682,Pune,Synthetic profile 0682; record variant 4; seed 20260925.,201010
subject-0683-record-00,subject-0683,Synthetic User 0683,user0683@example.test,+91-90000-0683,Bengaluru,Synthetic profile 0683; record variant 0; seed 20260925.,408965
subject-0683-record-01,subject-0683,Synthetic User 0683,user0683@example.test,+91-90000-0683,Bengaluru,Synthetic profile 0683; record variant 1; seed 20260925.,735910
subject-0683-record-02,subject-0683,Synthetic User 0683,user0683@example.test,+91-90000-0683,Bengaluru,Synthetic profile 0683; record variant 2; seed 20260925.,272002
subject-0683-record-03,subject-0683,Synthetic User 0683,user0683@example.test,+91-90000-0683,Bengaluru,Synthetic profile 0683; record variant 3; seed 20260925.,285612
subject-0683-record-04,subject-0683,Synthetic User 0683,user0683@example.test,+91-90000-0683,Bengaluru,Synthetic profile 0683; record variant 4; seed 20260925.,177979
subject-0684-record-00,subject-0684,Synthetic User 0684,user0684@example.test,+91-90000-0684,Jaipur,Synthetic profile 0684; record variant 0; seed 20260925.,929285
subject-0684-record-01,subject-0684,Synthetic User 0684,user0684@example.test,+91-90000-0684,Jaipur,Synthetic profile 0684; record variant 1; seed 20260925.,689805
subject-0684-record-02,subject-0684,Synthetic User 0684,user0684@example.test,+91-90000-0684,Jaipur,Synthetic profile 0684; record variant 2; seed 20260925.,711464
subject-0684-record-03,subject-0684,Synthetic User 0684,user0684@example.test,+91-90000-0684,Jaipur,Synthetic profile 0684; record variant 3; seed 20260925.,879411
subject-0684-record-04,subject-0684,Synthetic User 0684,user0684@example.test,+91-90000-0684,Jaipur,Synthetic profile 0684; record variant 4; seed 20260925.,571991
subject-0685-record-00,subject-0685,Synthetic User 0685,user0685@example.test,+91-90000-0685,Mohali,Synthetic profile 0685; record variant 0; seed 20260925.,968906
subject-0685-record-01,subject-0685,Synthetic User 0685,user0685@example.test,+91-90000-0685,Mohali,Synthetic profile 0685; record variant 1; seed 20260925.,394791
subject-0685-record-02,subject-0685,Synthetic User 0685,user0685@example.test,+91-90000-0685,Mohali,Synthetic profile 0685; record variant 2; seed 20260925.,476686
subject-0685-record-03,subject-0685,Synthetic User 0685,user0685@example.test,+91-90000-0685,Mohali,Synthetic profile 0685; record variant 3; seed 20260925.,619649
subject-0685-record-04,subject-0685,Synthetic User 0685,user0685@example.test,+91-90000-0685,Mohali,Synthetic profile 0685; record variant 4; seed 20260925.,293470
subject-0686-record-00,subject-0686,Synthetic User 0686,user0686@example.test,+91-90000-0686,Delhi,Synthetic profile 0686; record variant 0; seed 20260925.,160462
subject-0686-record-01,subject-0686,Synthetic User 0686,user0686@example.test,+91-90000-0686,Delhi,Synthetic profile 0686; record variant 1; seed 20260925.,850610
subject-0686-record-02,subject-0686,Synthetic User 0686,user0686@example.test,+91-90000-0686,Delhi,Synthetic profile 0686; record variant 2; seed 20260925.,198766
subject-0686-record-03,subject-0686,Synthetic User 0686,user0686@example.test,+91-90000-0686,Delhi,Synthetic profile 0686; record variant 3; seed 20260925.,329316
subject-0686-record-04,subject-0686,Synthetic User 0686,user0686@example.test,+91-90000-0686,Delhi,Synthetic profile 0686; record variant 4; seed 20260925.,462117
subject-0687-record-00,subject-0687,Synthetic User 0687,user0687@example.test,+91-90000-0687,Pune,Synthetic profile 0687; record variant 0; seed 20260925.,720233
subject-0687-record-01,subject-0687,Synthetic User 0687,user0687@example.test,+91-90000-0687,Pune,Synthetic profile 0687; record variant 1; seed 20260925.,544131
subject-0687-record-02,subject-0687,Synthetic User 0687,user0687@example.test,+91-90000-0687,Pune,Synthetic profile 0687; record variant 2; seed 20260925.,527930
subject-0687-record-03,subject-0687,Synthetic User 0687,user0687@example.test,+91-90000-0687,Pune,Synthetic profile 0687; record variant 3; seed 20260925.,518983
subject-0687-record-04,subject-0687,Synthetic User 0687,user0687@example.test,+91-90000-0687,Pune,Synthetic profile 0687; record variant 4; seed 20260925.,468234
subject-0688-record-00,subject-0688,Synthetic User 0688,user0688@example.test,+91-90000-0688,Bengaluru,Synthetic profile 0688; record variant 0; seed 20260925.,383716
subject-0688-record-01,subject-0688,Synthetic User 0688,user0688@example.test,+91-90000-0688,Bengaluru,Synthetic profile 0688; record variant 1; seed 20260925.,632795
subject-0688-record-02,subject-0688,Synthetic User 0688,user0688@example.test,+91-90000-0688,Bengaluru,Synthetic profile 0688; record variant 2; seed 20260925.,897763
subject-0688-record-03,subject-0688,Synthetic User 0688,user0688@example.test,+91-90000-0688,Bengaluru,Synthetic profile 0688; record variant 3; seed 20260925.,726075
subject-0688-record-04,subject-0688,Synthetic User 0688,user0688@example.test,+91-90000-0688,Bengaluru,Synthetic profile 0688; record variant 4; seed 20260925.,901583
subject-0689-record-00,subject-0689,Synthetic User 0689,user0689@example.test,+91-90000-0689,Jaipur,Synthetic profile 0689; record variant 0; seed 20260925.,619784
subject-0689-record-01,subject-0689,Synthetic User 0689,user0689@example.test,+91-90000-0689,Jaipur,Synthetic profile 0689; record variant 1; seed 20260925.,423669
subject-0689-record-02,subject-0689,Synthetic User 0689,user0689@example.test,+91-90000-0689,Jaipur,Synthetic profile 0689; record variant 2; seed 20260925.,356415
subject-0689-record-03,subject-0689,Synthetic User 0689,user0689@example.test,+91-90000-0689,Jaipur,Synthetic profile 0689; record variant 3; seed 20260925.,523849
subject-0689-record-04,subject-0689,Synthetic User 0689,user0689@example.test,+91-90000-0689,Jaipur,Synthetic profile 0689; record variant 4; seed 20260925.,281337
subject-0690-record-00,subject-0690,Synthetic User 0690,user0690@example.test,+91-90000-0690,Mohali,Synthetic profile 0690; record variant 0; seed 20260925.,547967
subject-0690-record-01,subject-0690,Synthetic User 0690,user0690@example.test,+91-90000-0690,Mohali,Synthetic profile 0690; record variant 1; seed 20260925.,503140
subject-0690-record-02,subject-0690,Synthetic User 0690,user0690@example.test,+91-90000-0690,Mohali,Synthetic profile 0690; record variant 2; seed 20260925.,188131
subject-0690-record-03,subject-0690,Synthetic User 0690,user0690@example.test,+91-90000-0690,Mohali,Synthetic profile 0690; record variant 3; seed 20260925.,802674
subject-0690-record-04,subject-0690,Synthetic User 0690,user0690@example.test,+91-90000-0690,Mohali,Synthetic profile 0690; record variant 4; seed 20260925.,155646
subject-0691-record-00,subject-0691,Synthetic User 0691,user0691@example.test,+91-90000-0691,Delhi,Synthetic profile 0691; record variant 0; seed 20260925.,410716
subject-0691-record-01,subject-0691,Synthetic User 0691,user0691@example.test,+91-90000-0691,Delhi,Synthetic profile 0691; record variant 1; seed 20260925.,616631
subject-0691-record-02,subject-0691,Synthetic User 0691,user0691@example.test,+91-90000-0691,Delhi,Synthetic profile 0691; record variant 2; seed 20260925.,955185
subject-0691-record-03,subject-0691,Synthetic User 0691,user0691@example.test,+91-90000-0691,Delhi,Synthetic profile 0691; record variant 3; seed 20260925.,126732
subject-0691-record-04,subject-0691,Synthetic User 0691,user0691@example.test,+91-90000-0691,Delhi,Synthetic profile 0691; record variant 4; seed 20260925.,425739
subject-0692-record-00,subject-0692,Synthetic User 0692,user0692@example.test,+91-90000-0692,Pune,Synthetic profile 0692; record variant 0; seed 20260925.,859193
subject-0692-record-01,subject-0692,Synthetic User 0692,user0692@example.test,+91-90000-0692,Pune,Synthetic profile 0692; record variant 1; seed 20260925.,984732
subject-0692-record-02,subject-0692,Synthetic User 0692,user0692@example.test,+91-90000-0692,Pune,Synthetic profile 0692; record variant 2; seed 20260925.,693925
subject-0692-record-03,subject-0692,Synthetic User 0692,user0692@example.test,+91-90000-0692,Pune,Synthetic profile 0692; record variant 3; seed 20260925.,298338
subject-0692-record-04,subject-0692,Synthetic User 0692,user0692@example.test,+91-90000-0692,Pune,Synthetic profile 0692; record variant 4; seed 20260925.,490055
subject-0693-record-00,subject-0693,Synthetic User 0693,user0693@example.test,+91-90000-0693,Bengaluru,Synthetic profile 0693; record variant 0; seed 20260925.,684337
subject-0693-record-01,subject-0693,Synthetic User 0693,user0693@example.test,+91-90000-0693,Bengaluru,Synthetic profile 0693; record variant 1; seed 20260925.,308664
subject-0693-record-02,subject-0693,Synthetic User 0693,user0693@example.test,+91-90000-0693,Bengaluru,Synthetic profile 0693; record variant 2; seed 20260925.,209669
subject-0693-record-03,subject-0693,Synthetic User 0693,user0693@example.test,+91-90000-0693,Bengaluru,Synthetic profile 0693; record variant 3; seed 20260925.,379995
subject-0693-record-04,subject-0693,Synthetic User 0693,user0693@example.test,+91-90000-0693,Bengaluru,Synthetic profile 0693; record variant 4; seed 20260925.,271424
subject-0694-record-00,subject-0694,Synthetic User 0694,user0694@example.test,+91-90000-0694,Jaipur,Synthetic profile 0694; record variant 0; seed 20260925.,560268
subject-0694-record-01,subject-0694,Synthetic User 0694,user0694@example.test,+91-90000-0694,Jaipur,Synthetic profile 0694; record variant 1; seed 20260925.,639596
subject-0694-record-02,subject-0694,Synthetic User 0694,user0694@example.test,+91-90000-0694,Jaipur,Synthetic profile 0694; record variant 2; seed 20260925.,715930
subject-0694-record-03,subject-0694,Synthetic User 0694,user0694@example.test,+91-90000-0694,Jaipur,Synthetic profile 0694; record variant 3; seed 20260925.,383563
subject-0694-record-04,subject-0694,Synthetic User 0694,user0694@example.test,+91-90000-0694,Jaipur,Synthetic profile 0694; record variant 4; seed 20260925.,755738
subject-0695-record-00,subject-0695,Synthetic User 0695,user0695@example.test,+91-90000-0695,Mohali,Synthetic profile 0695; record variant 0; seed 20260925.,797580
subject-0695-record-01,subject-0695,Synthetic User 0695,user0695@example.test,+91-90000-0695,Mohali,Synthetic profile 0695; record variant 1; seed 20260925.,886566
subject-0695-record-02,subject-0695,Synthetic User 0695,user0695@example.test,+91-90000-0695,Mohali,Synthetic profile 0695; record variant 2; seed 20260925.,537665
subject-0695-record-03,subject-0695,Synthetic User 0695,user0695@example.test,+91-90000-0695,Mohali,Synthetic profile 0695; record variant 3; seed 20260925.,921064
subject-0695-record-04,subject-0695,Synthetic User 0695,user0695@example.test,+91-90000-0695,Mohali,Synthetic profile 0695; record variant 4; seed 20260925.,255693
subject-0696-record-00,subject-0696,Synthetic User 0696,user0696@example.test,+91-90000-0696,Delhi,Synthetic profile 0696; record variant 0; seed 20260925.,779358
subject-0696-record-01,subject-0696,Synthetic User 0696,user0696@example.test,+91-90000-0696,Delhi,Synthetic profile 0696; record variant 1; seed 20260925.,497000
subject-0696-record-02,subject-0696,Synthetic User 0696,user0696@example.test,+91-90000-0696,Delhi,Synthetic profile 0696; record variant 2; seed 20260925.,408022
subject-0696-record-03,subject-0696,Synthetic User 0696,user0696@example.test,+91-90000-0696,Delhi,Synthetic profile 0696; record variant 3; seed 20260925.,439114
subject-0696-record-04,subject-0696,Synthetic User 0696,user0696@example.test,+91-90000-0696,Delhi,Synthetic profile 0696; record variant 4; seed 20260925.,913984
subject-0697-record-00,subject-0697,Synthetic User 0697,user0697@example.test,+91-90000-0697,Pune,Synthetic profile 0697; record variant 0; seed 20260925.,582081
subject-0697-record-01,subject-0697,Synthetic User 0697,user0697@example.test,+91-90000-0697,Pune,Synthetic profile 0697; record variant 1; seed 20260925.,160439
subject-0697-record-02,subject-0697,Synthetic User 0697,user0697@example.test,+91-90000-0697,Pune,Synthetic profile 0697; record variant 2; seed 20260925.,222515
subject-0697-record-03,subject-0697,Synthetic User 0697,user0697@example.test,+91-90000-0697,Pune,Synthetic profile 0697; record variant 3; seed 20260925.,302568
subject-0697-record-04,subject-0697,Synthetic User 0697,user0697@example.test,+91-90000-0697,Pune,Synthetic profile 0697; record variant 4; seed 20260925.,530506
subject-0698-record-00,subject-0698,Synthetic User 0698,user0698@example.test,+91-90000-0698,Bengaluru,Synthetic profile 0698; record variant 0; seed 20260925.,449880
subject-0698-record-01,subject-0698,Synthetic User 0698,user0698@example.test,+91-90000-0698,Bengaluru,Synthetic profile 0698; record variant 1; seed 20260925.,855249
subject-0698-record-02,subject-0698,Synthetic User 0698,user0698@example.test,+91-90000-0698,Bengaluru,Synthetic profile 0698; record variant 2; seed 20260925.,227327
subject-0698-record-03,subject-0698,Synthetic User 0698,user0698@example.test,+91-90000-0698,Bengaluru,Synthetic profile 0698; record variant 3; seed 20260925.,145638
subject-0698-record-04,subject-0698,Synthetic User 0698,user0698@example.test,+91-90000-0698,Bengaluru,Synthetic profile 0698; record variant 4; seed 20260925.,255062
subject-0699-record-00,subject-0699,Synthetic User 0699,user0699@example.test,+91-90000-0699,Jaipur,Synthetic profile 0699; record variant 0; seed 20260925.,361289
subject-0699-record-01,subject-0699,Synthetic User 0699,user0699@example.test,+91-90000-0699,Jaipur,Synthetic profile 0699; record variant 1; seed 20260925.,555353
subject-0699-record-02,subject-0699,Synthetic User 0699,user0699@example.test,+91-90000-0699,Jaipur,Synthetic profile 0699; record variant 2; seed 20260925.,371402
subject-0699-record-03,subject-0699,Synthetic User 0699,user0699@example.test,+91-90000-0699,Jaipur,Synthetic profile 0699; record variant 3; seed 20260925.,802846
subject-0699-record-04,subject-0699,Synthetic User 0699,user0699@example.test,+91-90000-0699,Jaipur,Synthetic profile 0699; record variant 4; seed 20260925.,535855
subject-0700-record-00,subject-0700,Synthetic User 0700,user0700@example.test,+91-90000-0700,Mohali,Synthetic profile 0700; record variant 0; seed 20260925.,789009
subject-0700-record-01,subject-0700,Synthetic User 0700,user0700@example.test,+91-90000-0700,Mohali,Synthetic profile 0700; record variant 1; seed 20260925.,771921
subject-0700-record-02,subject-0700,Synthetic User 0700,user0700@example.test,+91-90000-0700,Mohali,Synthetic profile 0700; record variant 2; seed 20260925.,554668
subject-0700-record-03,subject-0700,Synthetic User 0700,user0700@example.test,+91-90000-0700,Mohali,Synthetic profile 0700; record variant 3; seed 20260925.,689144
subject-0700-record-04,subject-0700,Synthetic User 0700,user0700@example.test,+91-90000-0700,Mohali,Synthetic profile 0700; record variant 4; seed 20260925.,322954
subject-0701-record-00,subject-0701,Synthetic User 0701,user0701@example.test,+91-90000-0701,Delhi,Synthetic profile 0701; record variant 0; seed 20260925.,311395
subject-0701-record-01,subject-0701,Synthetic User 0701,user0701@example.test,+91-90000-0701,Delhi,Synthetic profile 0701; record variant 1; seed 20260925.,182997
subject-0701-record-02,subject-0701,Synthetic User 0701,user0701@example.test,+91-90000-0701,Delhi,Synthetic profile 0701; record variant 2; seed 20260925.,371008
subject-0701-record-03,subject-0701,Synthetic User 0701,user0701@example.test,+91-90000-0701,Delhi,Synthetic profile 0701; record variant 3; seed 20260925.,946541
subject-0701-record-04,subject-0701,Synthetic User 0701,user0701@example.test,+91-90000-0701,Delhi,Synthetic profile 0701; record variant 4; seed 20260925.,460725
subject-0702-record-00,subject-0702,Synthetic User 0702,user0702@example.test,+91-90000-0702,Pune,Synthetic profile 0702; record variant 0; seed 20260925.,282255
subject-0702-record-01,subject-0702,Synthetic User 0702,user0702@example.test,+91-90000-0702,Pune,Synthetic profile 0702; record variant 1; seed 20260925.,839477
subject-0702-record-02,subject-0702,Synthetic User 0702,user0702@example.test,+91-90000-0702,Pune,Synthetic profile 0702; record variant 2; seed 20260925.,226898
subject-0702-record-03,subject-0702,Synthetic User 0702,user0702@example.test,+91-90000-0702,Pune,Synthetic profile 0702; record variant 3; seed 20260925.,817792
subject-0702-record-04,subject-0702,Synthetic User 0702,user0702@example.test,+91-90000-0702,Pune,Synthetic profile 0702; record variant 4; seed 20260925.,230665
subject-0703-record-00,subject-0703,Synthetic User 0703,user0703@example.test,+91-90000-0703,Bengaluru,Synthetic profile 0703; record variant 0; seed 20260925.,505784
subject-0703-record-01,subject-0703,Synthetic User 0703,user0703@example.test,+91-90000-0703,Bengaluru,Synthetic profile 0703; record variant 1; seed 20260925.,928075
subject-0703-record-02,subject-0703,Synthetic User 0703,user0703@example.test,+91-90000-0703,Bengaluru,Synthetic profile 0703; record variant 2; seed 20260925.,552481
subject-0703-record-03,subject-0703,Synthetic User 0703,user0703@example.test,+91-90000-0703,Bengaluru,Synthetic profile 0703; record variant 3; seed 20260925.,990434
subject-0703-record-04,subject-0703,Synthetic User 0703,user0703@example.test,+91-90000-0703,Bengaluru,Synthetic profile 0703; record variant 4; seed 20260925.,151604
subject-0704-record-00,subject-0704,Synthetic User 0704,user0704@example.test,+91-90000-0704,Jaipur,Synthetic profile 0704; record variant 0; seed 20260925.,487768
subject-0704-record-01,subject-0704,Synthetic User 0704,user0704@example.test,+91-90000-0704,Jaipur,Synthetic profile 0704; record variant 1; seed 20260925.,890328
subject-0704-record-02,subject-0704,Synthetic User 0704,user0704@example.test,+91-90000-0704,Jaipur,Synthetic profile 0704; record variant 2; seed 20260925.,752402
subject-0704-record-03,subject-0704,Synthetic User 0704,user0704@example.test,+91-90000-0704,Jaipur,Synthetic profile 0704; record variant 3; seed 20260925.,123429
subject-0704-record-04,subject-0704,Synthetic User 0704,user0704@example.test,+91-90000-0704,Jaipur,Synthetic profile 0704; record variant 4; seed 20260925.,538540
subject-0705-record-00,subject-0705,Synthetic User 0705,user0705@example.test,+91-90000-0705,Mohali,Synthetic profile 0705; record variant 0; seed 20260925.,500467
subject-0705-record-01,subject-0705,Synthetic User 0705,user0705@example.test,+91-90000-0705,Mohali,Synthetic profile 0705; record variant 1; seed 20260925.,943808
subject-0705-record-02,subject-0705,Synthetic User 0705,user0705@example.test,+91-90000-0705,Mohali,Synthetic profile 0705; record variant 2; seed 20260925.,258013
subject-0705-record-03,subject-0705,Synthetic User 0705,user0705@example.test,+91-90000-0705,Mohali,Synthetic profile 0705; record variant 3; seed 20260925.,514537
subject-0705-record-04,subject-0705,Synthetic User 0705,user0705@example.test,+91-90000-0705,Mohali,Synthetic profile 0705; record variant 4; seed 20260925.,791849
subject-0706-record-00,subject-0706,Synthetic User 0706,user0706@example.test,+91-90000-0706,Delhi,Synthetic profile 0706; record variant 0; seed 20260925.,951416
subject-0706-record-01,subject-0706,Synthetic User 0706,user0706@example.test,+91-90000-0706,Delhi,Synthetic profile 0706; record variant 1; seed 20260925.,372202
subject-0706-record-02,subject-0706,Synthetic User 0706,user0706@example.test,+91-90000-0706,Delhi,Synthetic profile 0706; record variant 2; seed 20260925.,641885
subject-0706-record-03,subject-0706,Synthetic User 0706,user0706@example.test,+91-90000-0706,Delhi,Synthetic profile 0706; record variant 3; seed 20260925.,804153
subject-0706-record-04,subject-0706,Synthetic User 0706,user0706@example.test,+91-90000-0706,Delhi,Synthetic profile 0706; record variant 4; seed 20260925.,637126
subject-0707-record-00,subject-0707,Synthetic User 0707,user0707@example.test,+91-90000-0707,Pune,Synthetic profile 0707; record variant 0; seed 20260925.,127071
subject-0707-record-01,subject-0707,Synthetic User 0707,user0707@example.test,+91-90000-0707,Pune,Synthetic profile 0707; record variant 1; seed 20260925.,110030
subject-0707-record-02,subject-0707,Synthetic User 0707,user0707@example.test,+91-90000-0707,Pune,Synthetic profile 0707; record variant 2; seed 20260925.,308127
subject-0707-record-03,subject-0707,Synthetic User 0707,user0707@example.test,+91-90000-0707,Pune,Synthetic profile 0707; record variant 3; seed 20260925.,738599
subject-0707-record-04,subject-0707,Synthetic User 0707,user0707@example.test,+91-90000-0707,Pune,Synthetic profile 0707; record variant 4; seed 20260925.,923730
subject-0708-record-00,subject-0708,Synthetic User 0708,user0708@example.test,+91-90000-0708,Bengaluru,Synthetic profile 0708; record variant 0; seed 20260925.,227909
subject-0708-record-01,subject-0708,Synthetic User 0708,user0708@example.test,+91-90000-0708,Bengaluru,Synthetic profile 0708; record variant 1; seed 20260925.,424622
subject-0708-record-02,subject-0708,Synthetic User 0708,user0708@example.test,+91-90000-0708,Bengaluru,Synthetic profile 0708; record variant 2; seed 20260925.,691067
subject-0708-record-03,subject-0708,Synthetic User 0708,user0708@example.test,+91-90000-0708,Bengaluru,Synthetic profile 0708; record variant 3; seed 20260925.,176219
subject-0708-record-04,subject-0708,Synthetic User 0708,user0708@example.test,+91-90000-0708,Bengaluru,Synthetic profile 0708; record variant 4; seed 20260925.,589855
subject-0709-record-00,subject-0709,Synthetic User 0709,user0709@example.test,+91-90000-0709,Jaipur,Synthetic profile 0709; record variant 0; seed 20260925.,985604
subject-0709-record-01,subject-0709,Synthetic User 0709,user0709@example.test,+91-90000-0709,Jaipur,Synthetic profile 0709; record variant 1; seed 20260925.,297013
subject-0709-record-02,subject-0709,Synthetic User 0709,user0709@example.test,+91-90000-0709,Jaipur,Synthetic profile 0709; record variant 2; seed 20260925.,772227
subject-0709-record-03,subject-0709,Synthetic User 0709,user0709@example.test,+91-90000-0709,Jaipur,Synthetic profile 0709; record variant 3; seed 20260925.,299984
subject-0709-record-04,subject-0709,Synthetic User 0709,user0709@example.test,+91-90000-0709,Jaipur,Synthetic profile 0709; record variant 4; seed 20260925.,268964
subject-0710-record-00,subject-0710,Synthetic User 0710,user0710@example.test,+91-90000-0710,Mohali,Synthetic profile 0710; record variant 0; seed 20260925.,512921
subject-0710-record-01,subject-0710,Synthetic User 0710,user0710@example.test,+91-90000-0710,Mohali,Synthetic profile 0710; record variant 1; seed 20260925.,812331
subject-0710-record-02,subject-0710,Synthetic User 0710,user0710@example.test,+91-90000-0710,Mohali,Synthetic profile 0710; record variant 2; seed 20260925.,507790
subject-0710-record-03,subject-0710,Synthetic User 0710,user0710@example.test,+91-90000-0710,Mohali,Synthetic profile 0710; record variant 3; seed 20260925.,324761
subject-0710-record-04,subject-0710,Synthetic User 0710,user0710@example.test,+91-90000-0710,Mohali,Synthetic profile 0710; record variant 4; seed 20260925.,801297
subject-0711-record-00,subject-0711,Synthetic User 0711,user0711@example.test,+91-90000-0711,Delhi,Synthetic profile 0711; record variant 0; seed 20260925.,947040
subject-0711-record-01,subject-0711,Synthetic User 0711,user0711@example.test,+91-90000-0711,Delhi,Synthetic profile 0711; record variant 1; seed 20260925.,228948
subject-0711-record-02,subject-0711,Synthetic User 0711,user0711@example.test,+91-90000-0711,Delhi,Synthetic profile 0711; record variant 2; seed 20260925.,275931
subject-0711-record-03,subject-0711,Synthetic User 0711,user0711@example.test,+91-90000-0711,Delhi,Synthetic profile 0711; record variant 3; seed 20260925.,420380
subject-0711-record-04,subject-0711,Synthetic User 0711,user0711@example.test,+91-90000-0711,Delhi,Synthetic profile 0711; record variant 4; seed 20260925.,543875
subject-0712-record-00,subject-0712,Synthetic User 0712,user0712@example.test,+91-90000-0712,Pune,Synthetic profile 0712; record variant 0; seed 20260925.,436256
subject-0712-record-01,subject-0712,Synthetic User 0712,user0712@example.test,+91-90000-0712,Pune,Synthetic profile 0712; record variant 1; seed 20260925.,661492
subject-0712-record-02,subject-0712,Synthetic User 0712,user0712@example.test,+91-90000-0712,Pune,Synthetic profile 0712; record variant 2; seed 20260925.,291700
subject-0712-record-03,subject-0712,Synthetic User 0712,user0712@example.test,+91-90000-0712,Pune,Synthetic profile 0712; record variant 3; seed 20260925.,390596
subject-0712-record-04,subject-0712,Synthetic User 0712,user0712@example.test,+91-90000-0712,Pune,Synthetic profile 0712; record variant 4; seed 20260925.,866966
subject-0713-record-00,subject-0713,Synthetic User 0713,user0713@example.test,+91-90000-0713,Bengaluru,Synthetic profile 0713; record variant 0; seed 20260925.,948638
subject-0713-record-01,subject-0713,Synthetic User 0713,user0713@example.test,+91-90000-0713,Bengaluru,Synthetic profile 0713; record variant 1; seed 20260925.,880624
subject-0713-record-02,subject-0713,Synthetic User 0713,user0713@example.test,+91-90000-0713,Bengaluru,Synthetic profile 0713; record variant 2; seed 20260925.,841736
subject-0713-record-03,subject-0713,Synthetic User 0713,user0713@example.test,+91-90000-0713,Bengaluru,Synthetic profile 0713; record variant 3; seed 20260925.,687472
subject-0713-record-04,subject-0713,Synthetic User 0713,user0713@example.test,+91-90000-0713,Bengaluru,Synthetic profile 0713; record variant 4; seed 20260925.,305246
subject-0714-record-00,subject-0714,Synthetic User 0714,user0714@example.test,+91-90000-0714,Jaipur,Synthetic profile 0714; record variant 0; seed 20260925.,252755
subject-0714-record-01,subject-0714,Synthetic User 0714,user0714@example.test,+91-90000-0714,Jaipur,Synthetic profile 0714; record variant 1; seed 20260925.,419023
subject-0714-record-02,subject-0714,Synthetic User 0714,user0714@example.test,+91-90000-0714,Jaipur,Synthetic profile 0714; record variant 2; seed 20260925.,335991
subject-0714-record-03,subject-0714,Synthetic User 0714,user0714@example.test,+91-90000-0714,Jaipur,Synthetic profile 0714; record variant 3; seed 20260925.,805708
subject-0714-record-04,subject-0714,Synthetic User 0714,user0714@example.test,+91-90000-0714,Jaipur,Synthetic profile 0714; record variant 4; seed 20260925.,513423
subject-0715-record-00,subject-0715,Synthetic User 0715,user0715@example.test,+91-90000-0715,Mohali,Synthetic profile 0715; record variant 0; seed 20260925.,905303
subject-0715-record-01,subject-0715,Synthetic User 0715,user0715@example.test,+91-90000-0715,Mohali,Synthetic profile 0715; record variant 1; seed 20260925.,364220
subject-0715-record-02,subject-0715,Synthetic User 0715,user0715@example.test,+91-90000-0715,Mohali,Synthetic profile 0715; record variant 2; seed 20260925.,302412
subject-0715-record-03,subject-0715,Synthetic User 0715,user0715@example.test,+91-90000-0715,Mohali,Synthetic profile 0715; record variant 3; seed 20260925.,727340
subject-0715-record-04,subject-0715,Synthetic User 0715,user0715@example.test,+91-90000-0715,Mohali,Synthetic profile 0715; record variant 4; seed 20260925.,366408
subject-0716-record-00,subject-0716,Synthetic User 0716,user0716@example.test,+91-90000-0716,Delhi,Synthetic profile 0716; record variant 0; seed 20260925.,414771
subject-0716-record-01,subject-0716,Synthetic User 0716,user0716@example.test,+91-90000-0716,Delhi,Synthetic profile 0716; record variant 1; seed 20260925.,458962
subject-0716-record-02,subject-0716,Synthetic User 0716,user0716@example.test,+91-90000-0716,Delhi,Synthetic profile 0716; record variant 2; seed 20260925.,655763
subject-0716-record-03,subject-0716,Synthetic User 0716,user0716@example.test,+91-90000-0716,Delhi,Synthetic profile 0716; record variant 3; seed 20260925.,581795
subject-0716-record-04,subject-0716,Synthetic User 0716,user0716@example.test,+91-90000-0716,Delhi,Synthetic profile 0716; record variant 4; seed 20260925.,976437
subject-0717-record-00,subject-0717,Synthetic User 0717,user0717@example.test,+91-90000-0717,Pune,Synthetic profile 0717; record variant 0; seed 20260925.,262336
subject-0717-record-01,subject-0717,Synthetic User 0717,user0717@example.test,+91-90000-0717,Pune,Synthetic profile 0717; record variant 1; seed 20260925.,250783
subject-0717-record-02,subject-0717,Synthetic User 0717,user0717@example.test,+91-90000-0717,Pune,Synthetic profile 0717; record variant 2; seed 20260925.,863007
subject-0717-record-03,subject-0717,Synthetic User 0717,user0717@example.test,+91-90000-0717,Pune,Synthetic profile 0717; record variant 3; seed 20260925.,317585
subject-0717-record-04,subject-0717,Synthetic User 0717,user0717@example.test,+91-90000-0717,Pune,Synthetic profile 0717; record variant 4; seed 20260925.,379106
subject-0718-record-00,subject-0718,Synthetic User 0718,user0718@example.test,+91-90000-0718,Bengaluru,Synthetic profile 0718; record variant 0; seed 20260925.,737053
subject-0718-record-01,subject-0718,Synthetic User 0718,user0718@example.test,+91-90000-0718,Bengaluru,Synthetic profile 0718; record variant 1; seed 20260925.,488073
subject-0718-record-02,subject-0718,Synthetic User 0718,user0718@example.test,+91-90000-0718,Bengaluru,Synthetic profile 0718; record variant 2; seed 20260925.,319407
subject-0718-record-03,subject-0718,Synthetic User 0718,user0718@example.test,+91-90000-0718,Bengaluru,Synthetic profile 0718; record variant 3; seed 20260925.,329935
subject-0718-record-04,subject-0718,Synthetic User 0718,user0718@example.test,+91-90000-0718,Bengaluru,Synthetic profile 0718; record variant 4; seed 20260925.,306854
subject-0719-record-00,subject-0719,Synthetic User 0719,user0719@example.test,+91-90000-0719,Jaipur,Synthetic profile 0719; record variant 0; seed 20260925.,997358
subject-0719-record-01,subject-0719,Synthetic User 0719,user0719@example.test,+91-90000-0719,Jaipur,Synthetic profile 0719; record variant 1; seed 20260925.,679537
subject-0719-record-02,subject-0719,Synthetic User 0719,user0719@example.test,+91-90000-0719,Jaipur,Synthetic profile 0719; record variant 2; seed 20260925.,685842
subject-0719-record-03,subject-0719,Synthetic User 0719,user0719@example.test,+91-90000-0719,Jaipur,Synthetic profile 0719; record variant 3; seed 20260925.,595759
subject-0719-record-04,subject-0719,Synthetic User 0719,user0719@example.test,+91-90000-0719,Jaipur,Synthetic profile 0719; record variant 4; seed 20260925.,279741
subject-0720-record-00,subject-0720,Synthetic User 0720,user0720@example.test,+91-90000-0720,Mohali,Synthetic profile 0720; record variant 0; seed 20260925.,615534
subject-0720-record-01,subject-0720,Synthetic User 0720,user0720@example.test,+91-90000-0720,Mohali,Synthetic profile 0720; record variant 1; seed 20260925.,987389
subject-0720-record-02,subject-0720,Synthetic User 0720,user0720@example.test,+91-90000-0720,Mohali,Synthetic profile 0720; record variant 2; seed 20260925.,770924
subject-0720-record-03,subject-0720,Synthetic User 0720,user0720@example.test,+91-90000-0720,Mohali,Synthetic profile 0720; record variant 3; seed 20260925.,612228
subject-0720-record-04,subject-0720,Synthetic User 0720,user0720@example.test,+91-90000-0720,Mohali,Synthetic profile 0720; record variant 4; seed 20260925.,268565
subject-0721-record-00,subject-0721,Synthetic User 0721,user0721@example.test,+91-90000-0721,Delhi,Synthetic profile 0721; record variant 0; seed 20260925.,941591
subject-0721-record-01,subject-0721,Synthetic User 0721,user0721@example.test,+91-90000-0721,Delhi,Synthetic profile 0721; record variant 1; seed 20260925.,841858
subject-0721-record-02,subject-0721,Synthetic User 0721,user0721@example.test,+91-90000-0721,Delhi,Synthetic profile 0721; record variant 2; seed 20260925.,432262
subject-0721-record-03,subject-0721,Synthetic User 0721,user0721@example.test,+91-90000-0721,Delhi,Synthetic profile 0721; record variant 3; seed 20260925.,315142
subject-0721-record-04,subject-0721,Synthetic User 0721,user0721@example.test,+91-90000-0721,Delhi,Synthetic profile 0721; record variant 4; seed 20260925.,785333
subject-0722-record-00,subject-0722,Synthetic User 0722,user0722@example.test,+91-90000-0722,Pune,Synthetic profile 0722; record variant 0; seed 20260925.,288709
subject-0722-record-01,subject-0722,Synthetic User 0722,user0722@example.test,+91-90000-0722,Pune,Synthetic profile 0722; record variant 1; seed 20260925.,660708
subject-0722-record-02,subject-0722,Synthetic User 0722,user0722@example.test,+91-90000-0722,Pune,Synthetic profile 0722; record variant 2; seed 20260925.,399457
subject-0722-record-03,subject-0722,Synthetic User 0722,user0722@example.test,+91-90000-0722,Pune,Synthetic profile 0722; record variant 3; seed 20260925.,707066
subject-0722-record-04,subject-0722,Synthetic User 0722,user0722@example.test,+91-90000-0722,Pune,Synthetic profile 0722; record variant 4; seed 20260925.,561797
subject-0723-record-00,subject-0723,Synthetic User 0723,user0723@example.test,+91-90000-0723,Bengaluru,Synthetic profile 0723; record variant 0; seed 20260925.,290022
subject-0723-record-01,subject-0723,Synthetic User 0723,user0723@example.test,+91-90000-0723,Bengaluru,Synthetic profile 0723; record variant 1; seed 20260925.,496424
subject-0723-record-02,subject-0723,Synthetic User 0723,user0723@example.test,+91-90000-0723,Bengaluru,Synthetic profile 0723; record variant 2; seed 20260925.,898841
subject-0723-record-03,subject-0723,Synthetic User 0723,user0723@example.test,+91-90000-0723,Bengaluru,Synthetic profile 0723; record variant 3; seed 20260925.,562958
subject-0723-record-04,subject-0723,Synthetic User 0723,user0723@example.test,+91-90000-0723,Bengaluru,Synthetic profile 0723; record variant 4; seed 20260925.,543370
subject-0724-record-00,subject-0724,Synthetic User 0724,user0724@example.test,+91-90000-0724,Jaipur,Synthetic profile 0724; record variant 0; seed 20260925.,945724
subject-0724-record-01,subject-0724,Synthetic User 0724,user0724@example.test,+91-90000-0724,Jaipur,Synthetic profile 0724; record variant 1; seed 20260925.,359762
subject-0724-record-02,subject-0724,Synthetic User 0724,user0724@example.test,+91-90000-0724,Jaipur,Synthetic profile 0724; record variant 2; seed 20260925.,196486
subject-0724-record-03,subject-0724,Synthetic User 0724,user0724@example.test,+91-90000-0724,Jaipur,Synthetic profile 0724; record variant 3; seed 20260925.,197442
subject-0724-record-04,subject-0724,Synthetic User 0724,user0724@example.test,+91-90000-0724,Jaipur,Synthetic profile 0724; record variant 4; seed 20260925.,287792
subject-0725-record-00,subject-0725,Synthetic User 0725,user0725@example.test,+91-90000-0725,Mohali,Synthetic profile 0725; record variant 0; seed 20260925.,857359
subject-0725-record-01,subject-0725,Synthetic User 0725,user0725@example.test,+91-90000-0725,Mohali,Synthetic profile 0725; record variant 1; seed 20260925.,524969
subject-0725-record-02,subject-0725,Synthetic User 0725,user0725@example.test,+91-90000-0725,Mohali,Synthetic profile 0725; record variant 2; seed 20260925.,306960
subject-0725-record-03,subject-0725,Synthetic User 0725,user0725@example.test,+91-90000-0725,Mohali,Synthetic profile 0725; record variant 3; seed 20260925.,292386
subject-0725-record-04,subject-0725,Synthetic User 0725,user0725@example.test,+91-90000-0725,Mohali,Synthetic profile 0725; record variant 4; seed 20260925.,588642
subject-0726-record-00,subject-0726,Synthetic User 0726,user0726@example.test,+91-90000-0726,Delhi,Synthetic profile 0726; record variant 0; seed 20260925.,304876
subject-0726-record-01,subject-0726,Synthetic User 0726,user0726@example.test,+91-90000-0726,Delhi,Synthetic profile 0726; record variant 1; seed 20260925.,750298
subject-0726-record-02,subject-0726,Synthetic User 0726,user0726@example.test,+91-90000-0726,Delhi,Synthetic profile 0726; record variant 2; seed 20260925.,154498
subject-0726-record-03,subject-0726,Synthetic User 0726,user0726@example.test,+91-90000-0726,Delhi,Synthetic profile 0726; record variant 3; seed 20260925.,832521
subject-0726-record-04,subject-0726,Synthetic User 0726,user0726@example.test,+91-90000-0726,Delhi,Synthetic profile 0726; record variant 4; seed 20260925.,396689
subject-0727-record-00,subject-0727,Synthetic User 0727,user0727@example.test,+91-90000-0727,Pune,Synthetic profile 0727; record variant 0; seed 20260925.,866901
subject-0727-record-01,subject-0727,Synthetic User 0727,user0727@example.test,+91-90000-0727,Pune,Synthetic profile 0727; record variant 1; seed 20260925.,866132
subject-0727-record-02,subject-0727,Synthetic User 0727,user0727@example.test,+91-90000-0727,Pune,Synthetic profile 0727; record variant 2; seed 20260925.,164540
subject-0727-record-03,subject-0727,Synthetic User 0727,user0727@example.test,+91-90000-0727,Pune,Synthetic profile 0727; record variant 3; seed 20260925.,331280
subject-0727-record-04,subject-0727,Synthetic User 0727,user0727@example.test,+91-90000-0727,Pune,Synthetic profile 0727; record variant 4; seed 20260925.,432681
subject-0728-record-00,subject-0728,Synthetic User 0728,user0728@example.test,+91-90000-0728,Bengaluru,Synthetic profile 0728; record variant 0; seed 20260925.,901956
subject-0728-record-01,subject-0728,Synthetic User 0728,user0728@example.test,+91-90000-0728,Bengaluru,Synthetic profile 0728; record variant 1; seed 20260925.,489023
subject-0728-record-02,subject-0728,Synthetic User 0728,user0728@example.test,+91-90000-0728,Bengaluru,Synthetic profile 0728; record variant 2; seed 20260925.,291086
subject-0728-record-03,subject-0728,Synthetic User 0728,user0728@example.test,+91-90000-0728,Bengaluru,Synthetic profile 0728; record variant 3; seed 20260925.,832766
subject-0728-record-04,subject-0728,Synthetic User 0728,user0728@example.test,+91-90000-0728,Bengaluru,Synthetic profile 0728; record variant 4; seed 20260925.,870863
subject-0729-record-00,subject-0729,Synthetic User 0729,user0729@example.test,+91-90000-0729,Jaipur,Synthetic profile 0729; record variant 0; seed 20260925.,241673
subject-0729-record-01,subject-0729,Synthetic User 0729,user0729@example.test,+91-90000-0729,Jaipur,Synthetic profile 0729; record variant 1; seed 20260925.,183806
subject-0729-record-02,subject-0729,Synthetic User 0729,user0729@example.test,+91-90000-0729,Jaipur,Synthetic profile 0729; record variant 2; seed 20260925.,872973
subject-0729-record-03,subject-0729,Synthetic User 0729,user0729@example.test,+91-90000-0729,Jaipur,Synthetic profile 0729; record variant 3; seed 20260925.,763703
subject-0729-record-04,subject-0729,Synthetic User 0729,user0729@example.test,+91-90000-0729,Jaipur,Synthetic profile 0729; record variant 4; seed 20260925.,352100
subject-0730-record-00,subject-0730,Synthetic User 0730,user0730@example.test,+91-90000-0730,Mohali,Synthetic profile 0730; record variant 0; seed 20260925.,110809
subject-0730-record-01,subject-0730,Synthetic User 0730,user0730@example.test,+91-90000-0730,Mohali,Synthetic profile 0730; record variant 1; seed 20260925.,297694
subject-0730-record-02,subject-0730,Synthetic User 0730,user0730@example.test,+91-90000-0730,Mohali,Synthetic profile 0730; record variant 2; seed 20260925.,109908
subject-0730-record-03,subject-0730,Synthetic User 0730,user0730@example.test,+91-90000-0730,Mohali,Synthetic profile 0730; record variant 3; seed 20260925.,502382
subject-0730-record-04,subject-0730,Synthetic User 0730,user0730@example.test,+91-90000-0730,Mohali,Synthetic profile 0730; record variant 4; seed 20260925.,223034
subject-0731-record-00,subject-0731,Synthetic User 0731,user0731@example.test,+91-90000-0731,Delhi,Synthetic profile 0731; record variant 0; seed 20260925.,174662
subject-0731-record-01,subject-0731,Synthetic User 0731,user0731@example.test,+91-90000-0731,Delhi,Synthetic profile 0731; record variant 1; seed 20260925.,812750
subject-0731-record-02,subject-0731,Synthetic User 0731,user0731@example.test,+91-90000-0731,Delhi,Synthetic profile 0731; record variant 2; seed 20260925.,763096
subject-0731-record-03,subject-0731,Synthetic User 0731,user0731@example.test,+91-90000-0731,Delhi,Synthetic profile 0731; record variant 3; seed 20260925.,785328
subject-0731-record-04,subject-0731,Synthetic User 0731,user0731@example.test,+91-90000-0731,Delhi,Synthetic profile 0731; record variant 4; seed 20260925.,967116
subject-0732-record-00,subject-0732,Synthetic User 0732,user0732@example.test,+91-90000-0732,Pune,Synthetic profile 0732; record variant 0; seed 20260925.,754771
subject-0732-record-01,subject-0732,Synthetic User 0732,user0732@example.test,+91-90000-0732,Pune,Synthetic profile 0732; record variant 1; seed 20260925.,630658
subject-0732-record-02,subject-0732,Synthetic User 0732,user0732@example.test,+91-90000-0732,Pune,Synthetic profile 0732; record variant 2; seed 20260925.,277687
subject-0732-record-03,subject-0732,Synthetic User 0732,user0732@example.test,+91-90000-0732,Pune,Synthetic profile 0732; record variant 3; seed 20260925.,468811
subject-0732-record-04,subject-0732,Synthetic User 0732,user0732@example.test,+91-90000-0732,Pune,Synthetic profile 0732; record variant 4; seed 20260925.,880443
subject-0733-record-00,subject-0733,Synthetic User 0733,user0733@example.test,+91-90000-0733,Bengaluru,Synthetic profile 0733; record variant 0; seed 20260925.,590223
subject-0733-record-01,subject-0733,Synthetic User 0733,user0733@example.test,+91-90000-0733,Bengaluru,Synthetic profile 0733; record variant 1; seed 20260925.,442623
subject-0733-record-02,subject-0733,Synthetic User 0733,user0733@example.test,+91-90000-0733,Bengaluru,Synthetic profile 0733; record variant 2; seed 20260925.,125652
subject-0733-record-03,subject-0733,Synthetic User 0733,user0733@example.test,+91-90000-0733,Bengaluru,Synthetic profile 0733; record variant 3; seed 20260925.,473705
subject-0733-record-04,subject-0733,Synthetic User 0733,user0733@example.test,+91-90000-0733,Bengaluru,Synthetic profile 0733; record variant 4; seed 20260925.,538753
subject-0734-record-00,subject-0734,Synthetic User 0734,user0734@example.test,+91-90000-0734,Jaipur,Synthetic profile 0734; record variant 0; seed 20260925.,443920
subject-0734-record-01,subject-0734,Synthetic User 0734,user0734@example.test,+91-90000-0734,Jaipur,Synthetic profile 0734; record variant 1; seed 20260925.,541909
subject-0734-record-02,subject-0734,Synthetic User 0734,user0734@example.test,+91-90000-0734,Jaipur,Synthetic profile 0734; record variant 2; seed 20260925.,618718
subject-0734-record-03,subject-0734,Synthetic User 0734,user0734@example.test,+91-90000-0734,Jaipur,Synthetic profile 0734; record variant 3; seed 20260925.,307090
subject-0734-record-04,subject-0734,Synthetic User 0734,user0734@example.test,+91-90000-0734,Jaipur,Synthetic profile 0734; record variant 4; seed 20260925.,717647
subject-0735-record-00,subject-0735,Synthetic User 0735,user0735@example.test,+91-90000-0735,Mohali,Synthetic profile 0735; record variant 0; seed 20260925.,285390
subject-0735-record-01,subject-0735,Synthetic User 0735,user0735@example.test,+91-90000-0735,Mohali,Synthetic profile 0735; record variant 1; seed 20260925.,776170
subject-0735-record-02,subject-0735,Synthetic User 0735,user0735@example.test,+91-90000-0735,Mohali,Synthetic profile 0735; record variant 2; seed 20260925.,488186
subject-0735-record-03,subject-0735,Synthetic User 0735,user0735@example.test,+91-90000-0735,Mohali,Synthetic profile 0735; record variant 3; seed 20260925.,316889
subject-0735-record-04,subject-0735,Synthetic User 0735,user0735@example.test,+91-90000-0735,Mohali,Synthetic profile 0735; record variant 4; seed 20260925.,474898
subject-0736-record-00,subject-0736,Synthetic User 0736,user0736@example.test,+91-90000-0736,Delhi,Synthetic profile 0736; record variant 0; seed 20260925.,509447
subject-0736-record-01,subject-0736,Synthetic User 0736,user0736@example.test,+91-90000-0736,Delhi,Synthetic profile 0736; record variant 1; seed 20260925.,437282
subject-0736-record-02,subject-0736,Synthetic User 0736,user0736@example.test,+91-90000-0736,Delhi,Synthetic profile 0736; record variant 2; seed 20260925.,546175
subject-0736-record-03,subject-0736,Synthetic User 0736,user0736@example.test,+91-90000-0736,Delhi,Synthetic profile 0736; record variant 3; seed 20260925.,856684
subject-0736-record-04,subject-0736,Synthetic User 0736,user0736@example.test,+91-90000-0736,Delhi,Synthetic profile 0736; record variant 4; seed 20260925.,894460
subject-0737-record-00,subject-0737,Synthetic User 0737,user0737@example.test,+91-90000-0737,Pune,Synthetic profile 0737; record variant 0; seed 20260925.,364065
subject-0737-record-01,subject-0737,Synthetic User 0737,user0737@example.test,+91-90000-0737,Pune,Synthetic profile 0737; record variant 1; seed 20260925.,919668
subject-0737-record-02,subject-0737,Synthetic User 0737,user0737@example.test,+91-90000-0737,Pune,Synthetic profile 0737; record variant 2; seed 20260925.,549945
subject-0737-record-03,subject-0737,Synthetic User 0737,user0737@example.test,+91-90000-0737,Pune,Synthetic profile 0737; record variant 3; seed 20260925.,779638
subject-0737-record-04,subject-0737,Synthetic User 0737,user0737@example.test,+91-90000-0737,Pune,Synthetic profile 0737; record variant 4; seed 20260925.,844066
subject-0738-record-00,subject-0738,Synthetic User 0738,user0738@example.test,+91-90000-0738,Bengaluru,Synthetic profile 0738; record variant 0; seed 20260925.,176279
subject-0738-record-01,subject-0738,Synthetic User 0738,user0738@example.test,+91-90000-0738,Bengaluru,Synthetic profile 0738; record variant 1; seed 20260925.,724118
subject-0738-record-02,subject-0738,Synthetic User 0738,user0738@example.test,+91-90000-0738,Bengaluru,Synthetic profile 0738; record variant 2; seed 20260925.,267395
subject-0738-record-03,subject-0738,Synthetic User 0738,user0738@example.test,+91-90000-0738,Bengaluru,Synthetic profile 0738; record variant 3; seed 20260925.,512303
subject-0738-record-04,subject-0738,Synthetic User 0738,user0738@example.test,+91-90000-0738,Bengaluru,Synthetic profile 0738; record variant 4; seed 20260925.,707563
subject-0739-record-00,subject-0739,Synthetic User 0739,user0739@example.test,+91-90000-0739,Jaipur,Synthetic profile 0739; record variant 0; seed 20260925.,425872
subject-0739-record-01,subject-0739,Synthetic User 0739,user0739@example.test,+91-90000-0739,Jaipur,Synthetic profile 0739; record variant 1; seed 20260925.,957644
subject-0739-record-02,subject-0739,Synthetic User 0739,user0739@example.test,+91-90000-0739,Jaipur,Synthetic profile 0739; record variant 2; seed 20260925.,877578
subject-0739-record-03,subject-0739,Synthetic User 0739,user0739@example.test,+91-90000-0739,Jaipur,Synthetic profile 0739; record variant 3; seed 20260925.,158598
subject-0739-record-04,subject-0739,Synthetic User 0739,user0739@example.test,+91-90000-0739,Jaipur,Synthetic profile 0739; record variant 4; seed 20260925.,930245
subject-0740-record-00,subject-0740,Synthetic User 0740,user0740@example.test,+91-90000-0740,Mohali,Synthetic profile 0740; record variant 0; seed 20260925.,155905
subject-0740-record-01,subject-0740,Synthetic User 0740,user0740@example.test,+91-90000-0740,Mohali,Synthetic profile 0740; record variant 1; seed 20260925.,919914
subject-0740-record-02,subject-0740,Synthetic User 0740,user0740@example.test,+91-90000-0740,Mohali,Synthetic profile 0740; record variant 2; seed 20260925.,268166
subject-0740-record-03,subject-0740,Synthetic User 0740,user0740@example.test,+91-90000-0740,Mohali,Synthetic profile 0740; record variant 3; seed 20260925.,225868
subject-0740-record-04,subject-0740,Synthetic User 0740,user0740@example.test,+91-90000-0740,Mohali,Synthetic profile 0740; record variant 4; seed 20260925.,209684
subject-0741-record-00,subject-0741,Synthetic User 0741,user0741@example.test,+91-90000-0741,Delhi,Synthetic profile 0741; record variant 0; seed 20260925.,444419
subject-0741-record-01,subject-0741,Synthetic User 0741,user0741@example.test,+91-90000-0741,Delhi,Synthetic profile 0741; record variant 1; seed 20260925.,734314
subject-0741-record-02,subject-0741,Synthetic User 0741,user0741@example.test,+91-90000-0741,Delhi,Synthetic profile 0741; record variant 2; seed 20260925.,552166
subject-0741-record-03,subject-0741,Synthetic User 0741,user0741@example.test,+91-90000-0741,Delhi,Synthetic profile 0741; record variant 3; seed 20260925.,948762
subject-0741-record-04,subject-0741,Synthetic User 0741,user0741@example.test,+91-90000-0741,Delhi,Synthetic profile 0741; record variant 4; seed 20260925.,294030
subject-0742-record-00,subject-0742,Synthetic User 0742,user0742@example.test,+91-90000-0742,Pune,Synthetic profile 0742; record variant 0; seed 20260925.,950345
subject-0742-record-01,subject-0742,Synthetic User 0742,user0742@example.test,+91-90000-0742,Pune,Synthetic profile 0742; record variant 1; seed 20260925.,544000
subject-0742-record-02,subject-0742,Synthetic User 0742,user0742@example.test,+91-90000-0742,Pune,Synthetic profile 0742; record variant 2; seed 20260925.,523443
subject-0742-record-03,subject-0742,Synthetic User 0742,user0742@example.test,+91-90000-0742,Pune,Synthetic profile 0742; record variant 3; seed 20260925.,152621
subject-0742-record-04,subject-0742,Synthetic User 0742,user0742@example.test,+91-90000-0742,Pune,Synthetic profile 0742; record variant 4; seed 20260925.,980990
subject-0743-record-00,subject-0743,Synthetic User 0743,user0743@example.test,+91-90000-0743,Bengaluru,Synthetic profile 0743; record variant 0; seed 20260925.,344362
subject-0743-record-01,subject-0743,Synthetic User 0743,user0743@example.test,+91-90000-0743,Bengaluru,Synthetic profile 0743; record variant 1; seed 20260925.,585653
subject-0743-record-02,subject-0743,Synthetic User 0743,user0743@example.test,+91-90000-0743,Bengaluru,Synthetic profile 0743; record variant 2; seed 20260925.,859379
subject-0743-record-03,subject-0743,Synthetic User 0743,user0743@example.test,+91-90000-0743,Bengaluru,Synthetic profile 0743; record variant 3; seed 20260925.,983581
subject-0743-record-04,subject-0743,Synthetic User 0743,user0743@example.test,+91-90000-0743,Bengaluru,Synthetic profile 0743; record variant 4; seed 20260925.,489587
subject-0744-record-00,subject-0744,Synthetic User 0744,user0744@example.test,+91-90000-0744,Jaipur,Synthetic profile 0744; record variant 0; seed 20260925.,887274
subject-0744-record-01,subject-0744,Synthetic User 0744,user0744@example.test,+91-90000-0744,Jaipur,Synthetic profile 0744; record variant 1; seed 20260925.,758499
subject-0744-record-02,subject-0744,Synthetic User 0744,user0744@example.test,+91-90000-0744,Jaipur,Synthetic profile 0744; record variant 2; seed 20260925.,891579
subject-0744-record-03,subject-0744,Synthetic User 0744,user0744@example.test,+91-90000-0744,Jaipur,Synthetic profile 0744; record variant 3; seed 20260925.,884454
subject-0744-record-04,subject-0744,Synthetic User 0744,user0744@example.test,+91-90000-0744,Jaipur,Synthetic profile 0744; record variant 4; seed 20260925.,246952
subject-0745-record-00,subject-0745,Synthetic User 0745,user0745@example.test,+91-90000-0745,Mohali,Synthetic profile 0745; record variant 0; seed 20260925.,657714
subject-0745-record-01,subject-0745,Synthetic User 0745,user0745@example.test,+91-90000-0745,Mohali,Synthetic profile 0745; record variant 1; seed 20260925.,687521
subject-0745-record-02,subject-0745,Synthetic User 0745,user0745@example.test,+91-90000-0745,Mohali,Synthetic profile 0745; record variant 2; seed 20260925.,629734
subject-0745-record-03,subject-0745,Synthetic User 0745,user0745@example.test,+91-90000-0745,Mohali,Synthetic profile 0745; record variant 3; seed 20260925.,243228
subject-0745-record-04,subject-0745,Synthetic User 0745,user0745@example.test,+91-90000-0745,Mohali,Synthetic profile 0745; record variant 4; seed 20260925.,461494
subject-0746-record-00,subject-0746,Synthetic User 0746,user0746@example.test,+91-90000-0746,Delhi,Synthetic profile 0746; record variant 0; seed 20260925.,717907
subject-0746-record-01,subject-0746,Synthetic User 0746,user0746@example.test,+91-90000-0746,Delhi,Synthetic profile 0746; record variant 1; seed 20260925.,623981
subject-0746-record-02,subject-0746,Synthetic User 0746,user0746@example.test,+91-90000-0746,Delhi,Synthetic profile 0746; record variant 2; seed 20260925.,532268
subject-0746-record-03,subject-0746,Synthetic User 0746,user0746@example.test,+91-90000-0746,Delhi,Synthetic profile 0746; record variant 3; seed 20260925.,105033
subject-0746-record-04,subject-0746,Synthetic User 0746,user0746@example.test,+91-90000-0746,Delhi,Synthetic profile 0746; record variant 4; seed 20260925.,760083
subject-0747-record-00,subject-0747,Synthetic User 0747,user0747@example.test,+91-90000-0747,Pune,Synthetic profile 0747; record variant 0; seed 20260925.,867058
subject-0747-record-01,subject-0747,Synthetic User 0747,user0747@example.test,+91-90000-0747,Pune,Synthetic profile 0747; record variant 1; seed 20260925.,295606
subject-0747-record-02,subject-0747,Synthetic User 0747,user0747@example.test,+91-90000-0747,Pune,Synthetic profile 0747; record variant 2; seed 20260925.,903199
subject-0747-record-03,subject-0747,Synthetic User 0747,user0747@example.test,+91-90000-0747,Pune,Synthetic profile 0747; record variant 3; seed 20260925.,708472
subject-0747-record-04,subject-0747,Synthetic User 0747,user0747@example.test,+91-90000-0747,Pune,Synthetic profile 0747; record variant 4; seed 20260925.,856848
subject-0748-record-00,subject-0748,Synthetic User 0748,user0748@example.test,+91-90000-0748,Bengaluru,Synthetic profile 0748; record variant 0; seed 20260925.,327327
subject-0748-record-01,subject-0748,Synthetic User 0748,user0748@example.test,+91-90000-0748,Bengaluru,Synthetic profile 0748; record variant 1; seed 20260925.,394619
subject-0748-record-02,subject-0748,Synthetic User 0748,user0748@example.test,+91-90000-0748,Bengaluru,Synthetic profile 0748; record variant 2; seed 20260925.,881808
subject-0748-record-03,subject-0748,Synthetic User 0748,user0748@example.test,+91-90000-0748,Bengaluru,Synthetic profile 0748; record variant 3; seed 20260925.,375897
subject-0748-record-04,subject-0748,Synthetic User 0748,user0748@example.test,+91-90000-0748,Bengaluru,Synthetic profile 0748; record variant 4; seed 20260925.,296030
subject-0749-record-00,subject-0749,Synthetic User 0749,user0749@example.test,+91-90000-0749,Jaipur,Synthetic profile 0749; record variant 0; seed 20260925.,910165
subject-0749-record-01,subject-0749,Synthetic User 0749,user0749@example.test,+91-90000-0749,Jaipur,Synthetic profile 0749; record variant 1; seed 20260925.,575915
subject-0749-record-02,subject-0749,Synthetic User 0749,user0749@example.test,+91-90000-0749,Jaipur,Synthetic profile 0749; record variant 2; seed 20260925.,811649
subject-0749-record-03,subject-0749,Synthetic User 0749,user0749@example.test,+91-90000-0749,Jaipur,Synthetic profile 0749; record variant 3; seed 20260925.,488931
subject-0749-record-04,subject-0749,Synthetic User 0749,user0749@example.test,+91-90000-0749,Jaipur,Synthetic profile 0749; record variant 4; seed 20260925.,792028
subject-0750-record-00,subject-0750,Synthetic User 0750,user0750@example.test,+91-90000-0750,Mohali,Synthetic profile 0750; record variant 0; seed 20260925.,917817
subject-0750-record-01,subject-0750,Synthetic User 0750,user0750@example.test,+91-90000-0750,Mohali,Synthetic profile 0750; record variant 1; seed 20260925.,618948
subject-0750-record-02,subject-0750,Synthetic User 0750,user0750@example.test,+91-90000-0750,Mohali,Synthetic profile 0750; record variant 2; seed 20260925.,509953
subject-0750-record-03,subject-0750,Synthetic User 0750,user0750@example.test,+91-90000-0750,Mohali,Synthetic profile 0750; record variant 3; seed 20260925.,146022
subject-0750-record-04,subject-0750,Synthetic User 0750,user0750@example.test,+91-90000-0750,Mohali,Synthetic profile 0750; record variant 4; seed 20260925.,327025
subject-0751-record-00,subject-0751,Synthetic User 0751,user0751@example.test,+91-90000-0751,Delhi,Synthetic profile 0751; record variant 0; seed 20260925.,884001
subject-0751-record-01,subject-0751,Synthetic User 0751,user0751@example.test,+91-90000-0751,Delhi,Synthetic profile 0751; record variant 1; seed 20260925.,729871
subject-0751-record-02,subject-0751,Synthetic User 0751,user0751@example.test,+91-90000-0751,Delhi,Synthetic profile 0751; record variant 2; seed 20260925.,764831
subject-0751-record-03,subject-0751,Synthetic User 0751,user0751@example.test,+91-90000-0751,Delhi,Synthetic profile 0751; record variant 3; seed 20260925.,125069
subject-0751-record-04,subject-0751,Synthetic User 0751,user0751@example.test,+91-90000-0751,Delhi,Synthetic profile 0751; record variant 4; seed 20260925.,711330
subject-0752-record-00,subject-0752,Synthetic User 0752,user0752@example.test,+91-90000-0752,Pune,Synthetic profile 0752; record variant 0; seed 20260925.,632864
subject-0752-record-01,subject-0752,Synthetic User 0752,user0752@example.test,+91-90000-0752,Pune,Synthetic profile 0752; record variant 1; seed 20260925.,980236
subject-0752-record-02,subject-0752,Synthetic User 0752,user0752@example.test,+91-90000-0752,Pune,Synthetic profile 0752; record variant 2; seed 20260925.,873429
subject-0752-record-03,subject-0752,Synthetic User 0752,user0752@example.test,+91-90000-0752,Pune,Synthetic profile 0752; record variant 3; seed 20260925.,552694
subject-0752-record-04,subject-0752,Synthetic User 0752,user0752@example.test,+91-90000-0752,Pune,Synthetic profile 0752; record variant 4; seed 20260925.,316927
subject-0753-record-00,subject-0753,Synthetic User 0753,user0753@example.test,+91-90000-0753,Bengaluru,Synthetic profile 0753; record variant 0; seed 20260925.,788960
subject-0753-record-01,subject-0753,Synthetic User 0753,user0753@example.test,+91-90000-0753,Bengaluru,Synthetic profile 0753; record variant 1; seed 20260925.,289838
subject-0753-record-02,subject-0753,Synthetic User 0753,user0753@example.test,+91-90000-0753,Bengaluru,Synthetic profile 0753; record variant 2; seed 20260925.,871803
subject-0753-record-03,subject-0753,Synthetic User 0753,user0753@example.test,+91-90000-0753,Bengaluru,Synthetic profile 0753; record variant 3; seed 20260925.,376477
subject-0753-record-04,subject-0753,Synthetic User 0753,user0753@example.test,+91-90000-0753,Bengaluru,Synthetic profile 0753; record variant 4; seed 20260925.,597349
subject-0754-record-00,subject-0754,Synthetic User 0754,user0754@example.test,+91-90000-0754,Jaipur,Synthetic profile 0754; record variant 0; seed 20260925.,313252
subject-0754-record-01,subject-0754,Synthetic User 0754,user0754@example.test,+91-90000-0754,Jaipur,Synthetic profile 0754; record variant 1; seed 20260925.,502935
subject-0754-record-02,subject-0754,Synthetic User 0754,user0754@example.test,+91-90000-0754,Jaipur,Synthetic profile 0754; record variant 2; seed 20260925.,766678
subject-0754-record-03,subject-0754,Synthetic User 0754,user0754@example.test,+91-90000-0754,Jaipur,Synthetic profile 0754; record variant 3; seed 20260925.,235137
subject-0754-record-04,subject-0754,Synthetic User 0754,user0754@example.test,+91-90000-0754,Jaipur,Synthetic profile 0754; record variant 4; seed 20260925.,523372
subject-0755-record-00,subject-0755,Synthetic User 0755,user0755@example.test,+91-90000-0755,Mohali,Synthetic profile 0755; record variant 0; seed 20260925.,807823
subject-0755-record-01,subject-0755,Synthetic User 0755,user0755@example.test,+91-90000-0755,Mohali,Synthetic profile 0755; record variant 1; seed 20260925.,177265
subject-0755-record-02,subject-0755,Synthetic User 0755,user0755@example.test,+91-90000-0755,Mohali,Synthetic profile 0755; record variant 2; seed 20260925.,393517
subject-0755-record-03,subject-0755,Synthetic User 0755,user0755@example.test,+91-90000-0755,Mohali,Synthetic profile 0755; record variant 3; seed 20260925.,800763
subject-0755-record-04,subject-0755,Synthetic User 0755,user0755@example.test,+91-90000-0755,Mohali,Synthetic profile 0755; record variant 4; seed 20260925.,321428
subject-0756-record-00,subject-0756,Synthetic User 0756,user0756@example.test,+91-90000-0756,Delhi,Synthetic profile 0756; record variant 0; seed 20260925.,246905
subject-0756-record-01,subject-0756,Synthetic User 0756,user0756@example.test,+91-90000-0756,Delhi,Synthetic profile 0756; record variant 1; seed 20260925.,521971
subject-0756-record-02,subject-0756,Synthetic User 0756,user0756@example.test,+91-90000-0756,Delhi,Synthetic profile 0756; record variant 2; seed 20260925.,351911
subject-0756-record-03,subject-0756,Synthetic User 0756,user0756@example.test,+91-90000-0756,Delhi,Synthetic profile 0756; record variant 3; seed 20260925.,418313
subject-0756-record-04,subject-0756,Synthetic User 0756,user0756@example.test,+91-90000-0756,Delhi,Synthetic profile 0756; record variant 4; seed 20260925.,775124
subject-0757-record-00,subject-0757,Synthetic User 0757,user0757@example.test,+91-90000-0757,Pune,Synthetic profile 0757; record variant 0; seed 20260925.,221711
subject-0757-record-01,subject-0757,Synthetic User 0757,user0757@example.test,+91-90000-0757,Pune,Synthetic profile 0757; record variant 1; seed 20260925.,865701
subject-0757-record-02,subject-0757,Synthetic User 0757,user0757@example.test,+91-90000-0757,Pune,Synthetic profile 0757; record variant 2; seed 20260925.,892003
subject-0757-record-03,subject-0757,Synthetic User 0757,user0757@example.test,+91-90000-0757,Pune,Synthetic profile 0757; record variant 3; seed 20260925.,877989
subject-0757-record-04,subject-0757,Synthetic User 0757,user0757@example.test,+91-90000-0757,Pune,Synthetic profile 0757; record variant 4; seed 20260925.,437097
subject-0758-record-00,subject-0758,Synthetic User 0758,user0758@example.test,+91-90000-0758,Bengaluru,Synthetic profile 0758; record variant 0; seed 20260925.,701984
subject-0758-record-01,subject-0758,Synthetic User 0758,user0758@example.test,+91-90000-0758,Bengaluru,Synthetic profile 0758; record variant 1; seed 20260925.,768637
subject-0758-record-02,subject-0758,Synthetic User 0758,user0758@example.test,+91-90000-0758,Bengaluru,Synthetic profile 0758; record variant 2; seed 20260925.,756847
subject-0758-record-03,subject-0758,Synthetic User 0758,user0758@example.test,+91-90000-0758,Bengaluru,Synthetic profile 0758; record variant 3; seed 20260925.,926228
subject-0758-record-04,subject-0758,Synthetic User 0758,user0758@example.test,+91-90000-0758,Bengaluru,Synthetic profile 0758; record variant 4; seed 20260925.,590541
subject-0759-record-00,subject-0759,Synthetic User 0759,user0759@example.test,+91-90000-0759,Jaipur,Synthetic profile 0759; record variant 0; seed 20260925.,621108
subject-0759-record-01,subject-0759,Synthetic User 0759,user0759@example.test,+91-90000-0759,Jaipur,Synthetic profile 0759; record variant 1; seed 20260925.,663661
subject-0759-record-02,subject-0759,Synthetic User 0759,user0759@example.test,+91-90000-0759,Jaipur,Synthetic profile 0759; record variant 2; seed 20260925.,437651
subject-0759-record-03,subject-0759,Synthetic User 0759,user0759@example.test,+91-90000-0759,Jaipur,Synthetic profile 0759; record variant 3; seed 20260925.,207270
subject-0759-record-04,subject-0759,Synthetic User 0759,user0759@example.test,+91-90000-0759,Jaipur,Synthetic profile 0759; record variant 4; seed 20260925.,455707
subject-0760-record-00,subject-0760,Synthetic User 0760,user0760@example.test,+91-90000-0760,Mohali,Synthetic profile 0760; record variant 0; seed 20260925.,459997
subject-0760-record-01,subject-0760,Synthetic User 0760,user0760@example.test,+91-90000-0760,Mohali,Synthetic profile 0760; record variant 1; seed 20260925.,292658
subject-0760-record-02,subject-0760,Synthetic User 0760,user0760@example.test,+91-90000-0760,Mohali,Synthetic profile 0760; record variant 2; seed 20260925.,320575
subject-0760-record-03,subject-0760,Synthetic User 0760,user0760@example.test,+91-90000-0760,Mohali,Synthetic profile 0760; record variant 3; seed 20260925.,165743
subject-0760-record-04,subject-0760,Synthetic User 0760,user0760@example.test,+91-90000-0760,Mohali,Synthetic profile 0760; record variant 4; seed 20260925.,106171
subject-0761-record-00,subject-0761,Synthetic User 0761,user0761@example.test,+91-90000-0761,Delhi,Synthetic profile 0761; record variant 0; seed 20260925.,163363
subject-0761-record-01,subject-0761,Synthetic User 0761,user0761@example.test,+91-90000-0761,Delhi,Synthetic profile 0761; record variant 1; seed 20260925.,196246
subject-0761-record-02,subject-0761,Synthetic User 0761,user0761@example.test,+91-90000-0761,Delhi,Synthetic profile 0761; record variant 2; seed 20260925.,290962
subject-0761-record-03,subject-0761,Synthetic User 0761,user0761@example.test,+91-90000-0761,Delhi,Synthetic profile 0761; record variant 3; seed 20260925.,429329
subject-0761-record-04,subject-0761,Synthetic User 0761,user0761@example.test,+91-90000-0761,Delhi,Synthetic profile 0761; record variant 4; seed 20260925.,575931
subject-0762-record-00,subject-0762,Synthetic User 0762,user0762@example.test,+91-90000-0762,Pune,Synthetic profile 0762; record variant 0; seed 20260925.,387252
subject-0762-record-01,subject-0762,Synthetic User 0762,user0762@example.test,+91-90000-0762,Pune,Synthetic profile 0762; record variant 1; seed 20260925.,295461
subject-0762-record-02,subject-0762,Synthetic User 0762,user0762@example.test,+91-90000-0762,Pune,Synthetic profile 0762; record variant 2; seed 20260925.,444417
subject-0762-record-03,subject-0762,Synthetic User 0762,user0762@example.test,+91-90000-0762,Pune,Synthetic profile 0762; record variant 3; seed 20260925.,927282
subject-0762-record-04,subject-0762,Synthetic User 0762,user0762@example.test,+91-90000-0762,Pune,Synthetic profile 0762; record variant 4; seed 20260925.,634546
subject-0763-record-00,subject-0763,Synthetic User 0763,user0763@example.test,+91-90000-0763,Bengaluru,Synthetic profile 0763; record variant 0; seed 20260925.,607129
subject-0763-record-01,subject-0763,Synthetic User 0763,user0763@example.test,+91-90000-0763,Bengaluru,Synthetic profile 0763; record variant 1; seed 20260925.,874219
subject-0763-record-02,subject-0763,Synthetic User 0763,user0763@example.test,+91-90000-0763,Bengaluru,Synthetic profile 0763; record variant 2; seed 20260925.,751690
subject-0763-record-03,subject-0763,Synthetic User 0763,user0763@example.test,+91-90000-0763,Bengaluru,Synthetic profile 0763; record variant 3; seed 20260925.,878078
subject-0763-record-04,subject-0763,Synthetic User 0763,user0763@example.test,+91-90000-0763,Bengaluru,Synthetic profile 0763; record variant 4; seed 20260925.,575967
subject-0764-record-00,subject-0764,Synthetic User 0764,user0764@example.test,+91-90000-0764,Jaipur,Synthetic profile 0764; record variant 0; seed 20260925.,116695
subject-0764-record-01,subject-0764,Synthetic User 0764,user0764@example.test,+91-90000-0764,Jaipur,Synthetic profile 0764; record variant 1; seed 20260925.,200006
subject-0764-record-02,subject-0764,Synthetic User 0764,user0764@example.test,+91-90000-0764,Jaipur,Synthetic profile 0764; record variant 2; seed 20260925.,331992
subject-0764-record-03,subject-0764,Synthetic User 0764,user0764@example.test,+91-90000-0764,Jaipur,Synthetic profile 0764; record variant 3; seed 20260925.,249518
subject-0764-record-04,subject-0764,Synthetic User 0764,user0764@example.test,+91-90000-0764,Jaipur,Synthetic profile 0764; record variant 4; seed 20260925.,431808
subject-0765-record-00,subject-0765,Synthetic User 0765,user0765@example.test,+91-90000-0765,Mohali,Synthetic profile 0765; record variant 0; seed 20260925.,546149
subject-0765-record-01,subject-0765,Synthetic User 0765,user0765@example.test,+91-90000-0765,Mohali,Synthetic profile 0765; record variant 1; seed 20260925.,240838
subject-0765-record-02,subject-0765,Synthetic User 0765,user0765@example.test,+91-90000-0765,Mohali,Synthetic profile 0765; record variant 2; seed 20260925.,964689
subject-0765-record-03,subject-0765,Synthetic User 0765,user0765@example.test,+91-90000-0765,Mohali,Synthetic profile 0765; record variant 3; seed 20260925.,481873
subject-0765-record-04,subject-0765,Synthetic User 0765,user0765@example.test,+91-90000-0765,Mohali,Synthetic profile 0765; record variant 4; seed 20260925.,480477
subject-0766-record-00,subject-0766,Synthetic User 0766,user0766@example.test,+91-90000-0766,Delhi,Synthetic profile 0766; record variant 0; seed 20260925.,473455
subject-0766-record-01,subject-0766,Synthetic User 0766,user0766@example.test,+91-90000-0766,Delhi,Synthetic profile 0766; record variant 1; seed 20260925.,689443
subject-0766-record-02,subject-0766,Synthetic User 0766,user0766@example.test,+91-90000-0766,Delhi,Synthetic profile 0766; record variant 2; seed 20260925.,939965
subject-0766-record-03,subject-0766,Synthetic User 0766,user0766@example.test,+91-90000-0766,Delhi,Synthetic profile 0766; record variant 3; seed 20260925.,951888
subject-0766-record-04,subject-0766,Synthetic User 0766,user0766@example.test,+91-90000-0766,Delhi,Synthetic profile 0766; record variant 4; seed 20260925.,123397
subject-0767-record-00,subject-0767,Synthetic User 0767,user0767@example.test,+91-90000-0767,Pune,Synthetic profile 0767; record variant 0; seed 20260925.,226359
subject-0767-record-01,subject-0767,Synthetic User 0767,user0767@example.test,+91-90000-0767,Pune,Synthetic profile 0767; record variant 1; seed 20260925.,498411
subject-0767-record-02,subject-0767,Synthetic User 0767,user0767@example.test,+91-90000-0767,Pune,Synthetic profile 0767; record variant 2; seed 20260925.,847212
subject-0767-record-03,subject-0767,Synthetic User 0767,user0767@example.test,+91-90000-0767,Pune,Synthetic profile 0767; record variant 3; seed 20260925.,959587
subject-0767-record-04,subject-0767,Synthetic User 0767,user0767@example.test,+91-90000-0767,Pune,Synthetic profile 0767; record variant 4; seed 20260925.,437088
subject-0768-record-00,subject-0768,Synthetic User 0768,user0768@example.test,+91-90000-0768,Bengaluru,Synthetic profile 0768; record variant 0; seed 20260925.,519162
subject-0768-record-01,subject-0768,Synthetic User 0768,user0768@example.test,+91-90000-0768,Bengaluru,Synthetic profile 0768; record variant 1; seed 20260925.,494563
subject-0768-record-02,subject-0768,Synthetic User 0768,user0768@example.test,+91-90000-0768,Bengaluru,Synthetic profile 0768; record variant 2; seed 20260925.,404506
subject-0768-record-03,subject-0768,Synthetic User 0768,user0768@example.test,+91-90000-0768,Bengaluru,Synthetic profile 0768; record variant 3; seed 20260925.,158432
subject-0768-record-04,subject-0768,Synthetic User 0768,user0768@example.test,+91-90000-0768,Bengaluru,Synthetic profile 0768; record variant 4; seed 20260925.,902006
subject-0769-record-00,subject-0769,Synthetic User 0769,user0769@example.test,+91-90000-0769,Jaipur,Synthetic profile 0769; record variant 0; seed 20260925.,867569
subject-0769-record-01,subject-0769,Synthetic User 0769,user0769@example.test,+91-90000-0769,Jaipur,Synthetic profile 0769; record variant 1; seed 20260925.,635619
subject-0769-record-02,subject-0769,Synthetic User 0769,user0769@example.test,+91-90000-0769,Jaipur,Synthetic profile 0769; record variant 2; seed 20260925.,176503
subject-0769-record-03,subject-0769,Synthetic User 0769,user0769@example.test,+91-90000-0769,Jaipur,Synthetic profile 0769; record variant 3; seed 20260925.,485714
subject-0769-record-04,subject-0769,Synthetic User 0769,user0769@example.test,+91-90000-0769,Jaipur,Synthetic profile 0769; record variant 4; seed 20260925.,285274
subject-0770-record-00,subject-0770,Synthetic User 0770,user0770@example.test,+91-90000-0770,Mohali,Synthetic profile 0770; record variant 0; seed 20260925.,236514
subject-0770-record-01,subject-0770,Synthetic User 0770,user0770@example.test,+91-90000-0770,Mohali,Synthetic profile 0770; record variant 1; seed 20260925.,881042
subject-0770-record-02,subject-0770,Synthetic User 0770,user0770@example.test,+91-90000-0770,Mohali,Synthetic profile 0770; record variant 2; seed 20260925.,752243
subject-0770-record-03,subject-0770,Synthetic User 0770,user0770@example.test,+91-90000-0770,Mohali,Synthetic profile 0770; record variant 3; seed 20260925.,365369
subject-0770-record-04,subject-0770,Synthetic User 0770,user0770@example.test,+91-90000-0770,Mohali,Synthetic profile 0770; record variant 4; seed 20260925.,220941
subject-0771-record-00,subject-0771,Synthetic User 0771,user0771@example.test,+91-90000-0771,Delhi,Synthetic profile 0771; record variant 0; seed 20260925.,823623
subject-0771-record-01,subject-0771,Synthetic User 0771,user0771@example.test,+91-90000-0771,Delhi,Synthetic profile 0771; record variant 1; seed 20260925.,625916
subject-0771-record-02,subject-0771,Synthetic User 0771,user0771@example.test,+91-90000-0771,Delhi,Synthetic profile 0771; record variant 2; seed 20260925.,867808
subject-0771-record-03,subject-0771,Synthetic User 0771,user0771@example.test,+91-90000-0771,Delhi,Synthetic profile 0771; record variant 3; seed 20260925.,308724
subject-0771-record-04,subject-0771,Synthetic User 0771,user0771@example.test,+91-90000-0771,Delhi,Synthetic profile 0771; record variant 4; seed 20260925.,304845
subject-0772-record-00,subject-0772,Synthetic User 0772,user0772@example.test,+91-90000-0772,Pune,Synthetic profile 0772; record variant 0; seed 20260925.,660173
subject-0772-record-01,subject-0772,Synthetic User 0772,user0772@example.test,+91-90000-0772,Pune,Synthetic profile 0772; record variant 1; seed 20260925.,193561
subject-0772-record-02,subject-0772,Synthetic User 0772,user0772@example.test,+91-90000-0772,Pune,Synthetic profile 0772; record variant 2; seed 20260925.,343481
subject-0772-record-03,subject-0772,Synthetic User 0772,user0772@example.test,+91-90000-0772,Pune,Synthetic profile 0772; record variant 3; seed 20260925.,837204
subject-0772-record-04,subject-0772,Synthetic User 0772,user0772@example.test,+91-90000-0772,Pune,Synthetic profile 0772; record variant 4; seed 20260925.,726500
subject-0773-record-00,subject-0773,Synthetic User 0773,user0773@example.test,+91-90000-0773,Bengaluru,Synthetic profile 0773; record variant 0; seed 20260925.,928719
subject-0773-record-01,subject-0773,Synthetic User 0773,user0773@example.test,+91-90000-0773,Bengaluru,Synthetic profile 0773; record variant 1; seed 20260925.,281175
subject-0773-record-02,subject-0773,Synthetic User 0773,user0773@example.test,+91-90000-0773,Bengaluru,Synthetic profile 0773; record variant 2; seed 20260925.,762343
subject-0773-record-03,subject-0773,Synthetic User 0773,user0773@example.test,+91-90000-0773,Bengaluru,Synthetic profile 0773; record variant 3; seed 20260925.,270070
subject-0773-record-04,subject-0773,Synthetic User 0773,user0773@example.test,+91-90000-0773,Bengaluru,Synthetic profile 0773; record variant 4; seed 20260925.,564422
subject-0774-record-00,subject-0774,Synthetic User 0774,user0774@example.test,+91-90000-0774,Jaipur,Synthetic profile 0774; record variant 0; seed 20260925.,800176
subject-0774-record-01,subject-0774,Synthetic User 0774,user0774@example.test,+91-90000-0774,Jaipur,Synthetic profile 0774; record variant 1; seed 20260925.,371138
subject-0774-record-02,subject-0774,Synthetic User 0774,user0774@example.test,+91-90000-0774,Jaipur,Synthetic profile 0774; record variant 2; seed 20260925.,240069
subject-0774-record-03,subject-0774,Synthetic User 0774,user0774@example.test,+91-90000-0774,Jaipur,Synthetic profile 0774; record variant 3; seed 20260925.,325963
subject-0774-record-04,subject-0774,Synthetic User 0774,user0774@example.test,+91-90000-0774,Jaipur,Synthetic profile 0774; record variant 4; seed 20260925.,322923
subject-0775-record-00,subject-0775,Synthetic User 0775,user0775@example.test,+91-90000-0775,Mohali,Synthetic profile 0775; record variant 0; seed 20260925.,439590
subject-0775-record-01,subject-0775,Synthetic User 0775,user0775@example.test,+91-90000-0775,Mohali,Synthetic profile 0775; record variant 1; seed 20260925.,879365
subject-0775-record-02,subject-0775,Synthetic User 0775,user0775@example.test,+91-90000-0775,Mohali,Synthetic profile 0775; record variant 2; seed 20260925.,408388
subject-0775-record-03,subject-0775,Synthetic User 0775,user0775@example.test,+91-90000-0775,Mohali,Synthetic profile 0775; record variant 3; seed 20260925.,694579
subject-0775-record-04,subject-0775,Synthetic User 0775,user0775@example.test,+91-90000-0775,Mohali,Synthetic profile 0775; record variant 4; seed 20260925.,518005
subject-0776-record-00,subject-0776,Synthetic User 0776,user0776@example.test,+91-90000-0776,Delhi,Synthetic profile 0776; record variant 0; seed 20260925.,802044
subject-0776-record-01,subject-0776,Synthetic User 0776,user0776@example.test,+91-90000-0776,Delhi,Synthetic profile 0776; record variant 1; seed 20260925.,939579
subject-0776-record-02,subject-0776,Synthetic User 0776,user0776@example.test,+91-90000-0776,Delhi,Synthetic profile 0776; record variant 2; seed 20260925.,758809
subject-0776-record-03,subject-0776,Synthetic User 0776,user0776@example.test,+91-90000-0776,Delhi,Synthetic profile 0776; record variant 3; seed 20260925.,389014
subject-0776-record-04,subject-0776,Synthetic User 0776,user0776@example.test,+91-90000-0776,Delhi,Synthetic profile 0776; record variant 4; seed 20260925.,301408
subject-0777-record-00,subject-0777,Synthetic User 0777,user0777@example.test,+91-90000-0777,Pune,Synthetic profile 0777; record variant 0; seed 20260925.,476839
subject-0777-record-01,subject-0777,Synthetic User 0777,user0777@example.test,+91-90000-0777,Pune,Synthetic profile 0777; record variant 1; seed 20260925.,109465
subject-0777-record-02,subject-0777,Synthetic User 0777,user0777@example.test,+91-90000-0777,Pune,Synthetic profile 0777; record variant 2; seed 20260925.,762984
subject-0777-record-03,subject-0777,Synthetic User 0777,user0777@example.test,+91-90000-0777,Pune,Synthetic profile 0777; record variant 3; seed 20260925.,282414
subject-0777-record-04,subject-0777,Synthetic User 0777,user0777@example.test,+91-90000-0777,Pune,Synthetic profile 0777; record variant 4; seed 20260925.,508022
subject-0778-record-00,subject-0778,Synthetic User 0778,user0778@example.test,+91-90000-0778,Bengaluru,Synthetic profile 0778; record variant 0; seed 20260925.,965721
subject-0778-record-01,subject-0778,Synthetic User 0778,user0778@example.test,+91-90000-0778,Bengaluru,Synthetic profile 0778; record variant 1; seed 20260925.,574277
subject-0778-record-02,subject-0778,Synthetic User 0778,user0778@example.test,+91-90000-0778,Bengaluru,Synthetic profile 0778; record variant 2; seed 20260925.,122241
subject-0778-record-03,subject-0778,Synthetic User 0778,user0778@example.test,+91-90000-0778,Bengaluru,Synthetic profile 0778; record variant 3; seed 20260925.,168958
subject-0778-record-04,subject-0778,Synthetic User 0778,user0778@example.test,+91-90000-0778,Bengaluru,Synthetic profile 0778; record variant 4; seed 20260925.,356967
subject-0779-record-00,subject-0779,Synthetic User 0779,user0779@example.test,+91-90000-0779,Jaipur,Synthetic profile 0779; record variant 0; seed 20260925.,761749
subject-0779-record-01,subject-0779,Synthetic User 0779,user0779@example.test,+91-90000-0779,Jaipur,Synthetic profile 0779; record variant 1; seed 20260925.,437220
subject-0779-record-02,subject-0779,Synthetic User 0779,user0779@example.test,+91-90000-0779,Jaipur,Synthetic profile 0779; record variant 2; seed 20260925.,118744
subject-0779-record-03,subject-0779,Synthetic User 0779,user0779@example.test,+91-90000-0779,Jaipur,Synthetic profile 0779; record variant 3; seed 20260925.,915001
subject-0779-record-04,subject-0779,Synthetic User 0779,user0779@example.test,+91-90000-0779,Jaipur,Synthetic profile 0779; record variant 4; seed 20260925.,560526
subject-0780-record-00,subject-0780,Synthetic User 0780,user0780@example.test,+91-90000-0780,Mohali,Synthetic profile 0780; record variant 0; seed 20260925.,711278
subject-0780-record-01,subject-0780,Synthetic User 0780,user0780@example.test,+91-90000-0780,Mohali,Synthetic profile 0780; record variant 1; seed 20260925.,633835
subject-0780-record-02,subject-0780,Synthetic User 0780,user0780@example.test,+91-90000-0780,Mohali,Synthetic profile 0780; record variant 2; seed 20260925.,309377
subject-0780-record-03,subject-0780,Synthetic User 0780,user0780@example.test,+91-90000-0780,Mohali,Synthetic profile 0780; record variant 3; seed 20260925.,601557
subject-0780-record-04,subject-0780,Synthetic User 0780,user0780@example.test,+91-90000-0780,Mohali,Synthetic profile 0780; record variant 4; seed 20260925.,924059
subject-0781-record-00,subject-0781,Synthetic User 0781,user0781@example.test,+91-90000-0781,Delhi,Synthetic profile 0781; record variant 0; seed 20260925.,693642
subject-0781-record-01,subject-0781,Synthetic User 0781,user0781@example.test,+91-90000-0781,Delhi,Synthetic profile 0781; record variant 1; seed 20260925.,486720
subject-0781-record-02,subject-0781,Synthetic User 0781,user0781@example.test,+91-90000-0781,Delhi,Synthetic profile 0781; record variant 2; seed 20260925.,117051
subject-0781-record-03,subject-0781,Synthetic User 0781,user0781@example.test,+91-90000-0781,Delhi,Synthetic profile 0781; record variant 3; seed 20260925.,860174
subject-0781-record-04,subject-0781,Synthetic User 0781,user0781@example.test,+91-90000-0781,Delhi,Synthetic profile 0781; record variant 4; seed 20260925.,453365
subject-0782-record-00,subject-0782,Synthetic User 0782,user0782@example.test,+91-90000-0782,Pune,Synthetic profile 0782; record variant 0; seed 20260925.,504871
subject-0782-record-01,subject-0782,Synthetic User 0782,user0782@example.test,+91-90000-0782,Pune,Synthetic profile 0782; record variant 1; seed 20260925.,922606
subject-0782-record-02,subject-0782,Synthetic User 0782,user0782@example.test,+91-90000-0782,Pune,Synthetic profile 0782; record variant 2; seed 20260925.,108146
subject-0782-record-03,subject-0782,Synthetic User 0782,user0782@example.test,+91-90000-0782,Pune,Synthetic profile 0782; record variant 3; seed 20260925.,596691
subject-0782-record-04,subject-0782,Synthetic User 0782,user0782@example.test,+91-90000-0782,Pune,Synthetic profile 0782; record variant 4; seed 20260925.,479205
subject-0783-record-00,subject-0783,Synthetic User 0783,user0783@example.test,+91-90000-0783,Bengaluru,Synthetic profile 0783; record variant 0; seed 20260925.,647991
subject-0783-record-01,subject-0783,Synthetic User 0783,user0783@example.test,+91-90000-0783,Bengaluru,Synthetic profile 0783; record variant 1; seed 20260925.,596708
subject-0783-record-02,subject-0783,Synthetic User 0783,user0783@example.test,+91-90000-0783,Bengaluru,Synthetic profile 0783; record variant 2; seed 20260925.,585737
subject-0783-record-03,subject-0783,Synthetic User 0783,user0783@example.test,+91-90000-0783,Bengaluru,Synthetic profile 0783; record variant 3; seed 20260925.,404684
subject-0783-record-04,subject-0783,Synthetic User 0783,user0783@example.test,+91-90000-0783,Bengaluru,Synthetic profile 0783; record variant 4; seed 20260925.,555942
subject-0784-record-00,subject-0784,Synthetic User 0784,user0784@example.test,+91-90000-0784,Jaipur,Synthetic profile 0784; record variant 0; seed 20260925.,635000
subject-0784-record-01,subject-0784,Synthetic User 0784,user0784@example.test,+91-90000-0784,Jaipur,Synthetic profile 0784; record variant 1; seed 20260925.,490537
subject-0784-record-02,subject-0784,Synthetic User 0784,user0784@example.test,+91-90000-0784,Jaipur,Synthetic profile 0784; record variant 2; seed 20260925.,406552
subject-0784-record-03,subject-0784,Synthetic User 0784,user0784@example.test,+91-90000-0784,Jaipur,Synthetic profile 0784; record variant 3; seed 20260925.,479911
subject-0784-record-04,subject-0784,Synthetic User 0784,user0784@example.test,+91-90000-0784,Jaipur,Synthetic profile 0784; record variant 4; seed 20260925.,236494
subject-0785-record-00,subject-0785,Synthetic User 0785,user0785@example.test,+91-90000-0785,Mohali,Synthetic profile 0785; record variant 0; seed 20260925.,353746
subject-0785-record-01,subject-0785,Synthetic User 0785,user0785@example.test,+91-90000-0785,Mohali,Synthetic profile 0785; record variant 1; seed 20260925.,679048
subject-0785-record-02,subject-0785,Synthetic User 0785,user0785@example.test,+91-90000-0785,Mohali,Synthetic profile 0785; record variant 2; seed 20260925.,856492
subject-0785-record-03,subject-0785,Synthetic User 0785,user0785@example.test,+91-90000-0785,Mohali,Synthetic profile 0785; record variant 3; seed 20260925.,498839
subject-0785-record-04,subject-0785,Synthetic User 0785,user0785@example.test,+91-90000-0785,Mohali,Synthetic profile 0785; record variant 4; seed 20260925.,549714
subject-0786-record-00,subject-0786,Synthetic User 0786,user0786@example.test,+91-90000-0786,Delhi,Synthetic profile 0786; record variant 0; seed 20260925.,452546
subject-0786-record-01,subject-0786,Synthetic User 0786,user0786@example.test,+91-90000-0786,Delhi,Synthetic profile 0786; record variant 1; seed 20260925.,924680
subject-0786-record-02,subject-0786,Synthetic User 0786,user0786@example.test,+91-90000-0786,Delhi,Synthetic profile 0786; record variant 2; seed 20260925.,282922
subject-0786-record-03,subject-0786,Synthetic User 0786,user0786@example.test,+91-90000-0786,Delhi,Synthetic profile 0786; record variant 3; seed 20260925.,836080
subject-0786-record-04,subject-0786,Synthetic User 0786,user0786@example.test,+91-90000-0786,Delhi,Synthetic profile 0786; record variant 4; seed 20260925.,265431
subject-0787-record-00,subject-0787,Synthetic User 0787,user0787@example.test,+91-90000-0787,Pune,Synthetic profile 0787; record variant 0; seed 20260925.,639703
subject-0787-record-01,subject-0787,Synthetic User 0787,user0787@example.test,+91-90000-0787,Pune,Synthetic profile 0787; record variant 1; seed 20260925.,615261
subject-0787-record-02,subject-0787,Synthetic User 0787,user0787@example.test,+91-90000-0787,Pune,Synthetic profile 0787; record variant 2; seed 20260925.,321108
subject-0787-record-03,subject-0787,Synthetic User 0787,user0787@example.test,+91-90000-0787,Pune,Synthetic profile 0787; record variant 3; seed 20260925.,572994
subject-0787-record-04,subject-0787,Synthetic User 0787,user0787@example.test,+91-90000-0787,Pune,Synthetic profile 0787; record variant 4; seed 20260925.,628668
subject-0788-record-00,subject-0788,Synthetic User 0788,user0788@example.test,+91-90000-0788,Bengaluru,Synthetic profile 0788; record variant 0; seed 20260925.,179822
subject-0788-record-01,subject-0788,Synthetic User 0788,user0788@example.test,+91-90000-0788,Bengaluru,Synthetic profile 0788; record variant 1; seed 20260925.,738382
subject-0788-record-02,subject-0788,Synthetic User 0788,user0788@example.test,+91-90000-0788,Bengaluru,Synthetic profile 0788; record variant 2; seed 20260925.,375768
subject-0788-record-03,subject-0788,Synthetic User 0788,user0788@example.test,+91-90000-0788,Bengaluru,Synthetic profile 0788; record variant 3; seed 20260925.,177263
subject-0788-record-04,subject-0788,Synthetic User 0788,user0788@example.test,+91-90000-0788,Bengaluru,Synthetic profile 0788; record variant 4; seed 20260925.,998500
subject-0789-record-00,subject-0789,Synthetic User 0789,user0789@example.test,+91-90000-0789,Jaipur,Synthetic profile 0789; record variant 0; seed 20260925.,790256
subject-0789-record-01,subject-0789,Synthetic User 0789,user0789@example.test,+91-90000-0789,Jaipur,Synthetic profile 0789; record variant 1; seed 20260925.,529381
subject-0789-record-02,subject-0789,Synthetic User 0789,user0789@example.test,+91-90000-0789,Jaipur,Synthetic profile 0789; record variant 2; seed 20260925.,348320
subject-0789-record-03,subject-0789,Synthetic User 0789,user0789@example.test,+91-90000-0789,Jaipur,Synthetic profile 0789; record variant 3; seed 20260925.,261331
subject-0789-record-04,subject-0789,Synthetic User 0789,user0789@example.test,+91-90000-0789,Jaipur,Synthetic profile 0789; record variant 4; seed 20260925.,227740
subject-0790-record-00,subject-0790,Synthetic User 0790,user0790@example.test,+91-90000-0790,Mohali,Synthetic profile 0790; record variant 0; seed 20260925.,698641
subject-0790-record-01,subject-0790,Synthetic User 0790,user0790@example.test,+91-90000-0790,Mohali,Synthetic profile 0790; record variant 1; seed 20260925.,423140
subject-0790-record-02,subject-0790,Synthetic User 0790,user0790@example.test,+91-90000-0790,Mohali,Synthetic profile 0790; record variant 2; seed 20260925.,446831
subject-0790-record-03,subject-0790,Synthetic User 0790,user0790@example.test,+91-90000-0790,Mohali,Synthetic profile 0790; record variant 3; seed 20260925.,360252
subject-0790-record-04,subject-0790,Synthetic User 0790,user0790@example.test,+91-90000-0790,Mohali,Synthetic profile 0790; record variant 4; seed 20260925.,693924
subject-0791-record-00,subject-0791,Synthetic User 0791,user0791@example.test,+91-90000-0791,Delhi,Synthetic profile 0791; record variant 0; seed 20260925.,393383
subject-0791-record-01,subject-0791,Synthetic User 0791,user0791@example.test,+91-90000-0791,Delhi,Synthetic profile 0791; record variant 1; seed 20260925.,795880
subject-0791-record-02,subject-0791,Synthetic User 0791,user0791@example.test,+91-90000-0791,Delhi,Synthetic profile 0791; record variant 2; seed 20260925.,545599
subject-0791-record-03,subject-0791,Synthetic User 0791,user0791@example.test,+91-90000-0791,Delhi,Synthetic profile 0791; record variant 3; seed 20260925.,143004
subject-0791-record-04,subject-0791,Synthetic User 0791,user0791@example.test,+91-90000-0791,Delhi,Synthetic profile 0791; record variant 4; seed 20260925.,440023
subject-0792-record-00,subject-0792,Synthetic User 0792,user0792@example.test,+91-90000-0792,Pune,Synthetic profile 0792; record variant 0; seed 20260925.,244688
subject-0792-record-01,subject-0792,Synthetic User 0792,user0792@example.test,+91-90000-0792,Pune,Synthetic profile 0792; record variant 1; seed 20260925.,316340
subject-0792-record-02,subject-0792,Synthetic User 0792,user0792@example.test,+91-90000-0792,Pune,Synthetic profile 0792; record variant 2; seed 20260925.,782540
subject-0792-record-03,subject-0792,Synthetic User 0792,user0792@example.test,+91-90000-0792,Pune,Synthetic profile 0792; record variant 3; seed 20260925.,524000
subject-0792-record-04,subject-0792,Synthetic User 0792,user0792@example.test,+91-90000-0792,Pune,Synthetic profile 0792; record variant 4; seed 20260925.,252021
subject-0793-record-00,subject-0793,Synthetic User 0793,user0793@example.test,+91-90000-0793,Bengaluru,Synthetic profile 0793; record variant 0; seed 20260925.,106304
subject-0793-record-01,subject-0793,Synthetic User 0793,user0793@example.test,+91-90000-0793,Bengaluru,Synthetic profile 0793; record variant 1; seed 20260925.,476318
subject-0793-record-02,subject-0793,Synthetic User 0793,user0793@example.test,+91-90000-0793,Bengaluru,Synthetic profile 0793; record variant 2; seed 20260925.,123780
subject-0793-record-03,subject-0793,Synthetic User 0793,user0793@example.test,+91-90000-0793,Bengaluru,Synthetic profile 0793; record variant 3; seed 20260925.,403685
subject-0793-record-04,subject-0793,Synthetic User 0793,user0793@example.test,+91-90000-0793,Bengaluru,Synthetic profile 0793; record variant 4; seed 20260925.,508728
subject-0794-record-00,subject-0794,Synthetic User 0794,user0794@example.test,+91-90000-0794,Jaipur,Synthetic profile 0794; record variant 0; seed 20260925.,683724
subject-0794-record-01,subject-0794,Synthetic User 0794,user0794@example.test,+91-90000-0794,Jaipur,Synthetic profile 0794; record variant 1; seed 20260925.,454523
subject-0794-record-02,subject-0794,Synthetic User 0794,user0794@example.test,+91-90000-0794,Jaipur,Synthetic profile 0794; record variant 2; seed 20260925.,380927
subject-0794-record-03,subject-0794,Synthetic User 0794,user0794@example.test,+91-90000-0794,Jaipur,Synthetic profile 0794; record variant 3; seed 20260925.,941363
subject-0794-record-04,subject-0794,Synthetic User 0794,user0794@example.test,+91-90000-0794,Jaipur,Synthetic profile 0794; record variant 4; seed 20260925.,330876
subject-0795-record-00,subject-0795,Synthetic User 0795,user0795@example.test,+91-90000-0795,Mohali,Synthetic profile 0795; record variant 0; seed 20260925.,229025
subject-0795-record-01,subject-0795,Synthetic User 0795,user0795@example.test,+91-90000-0795,Mohali,Synthetic profile 0795; record variant 1; seed 20260925.,405234
subject-0795-record-02,subject-0795,Synthetic User 0795,user0795@example.test,+91-90000-0795,Mohali,Synthetic profile 0795; record variant 2; seed 20260925.,191566
subject-0795-record-03,subject-0795,Synthetic User 0795,user0795@example.test,+91-90000-0795,Mohali,Synthetic profile 0795; record variant 3; seed 20260925.,639613
subject-0795-record-04,subject-0795,Synthetic User 0795,user0795@example.test,+91-90000-0795,Mohali,Synthetic profile 0795; record variant 4; seed 20260925.,904111
subject-0796-record-00,subject-0796,Synthetic User 0796,user0796@example.test,+91-90000-0796,Delhi,Synthetic profile 0796; record variant 0; seed 20260925.,154310
subject-0796-record-01,subject-0796,Synthetic User 0796,user0796@example.test,+91-90000-0796,Delhi,Synthetic profile 0796; record variant 1; seed 20260925.,767356
subject-0796-record-02,subject-0796,Synthetic User 0796,user0796@example.test,+91-90000-0796,Delhi,Synthetic profile 0796; record variant 2; seed 20260925.,787146
subject-0796-record-03,subject-0796,Synthetic User 0796,user0796@example.test,+91-90000-0796,Delhi,Synthetic profile 0796; record variant 3; seed 20260925.,460339
subject-0796-record-04,subject-0796,Synthetic User 0796,user0796@example.test,+91-90000-0796,Delhi,Synthetic profile 0796; record variant 4; seed 20260925.,726989
subject-0797-record-00,subject-0797,Synthetic User 0797,user0797@example.test,+91-90000-0797,Pune,Synthetic profile 0797; record variant 0; seed 20260925.,517413
subject-0797-record-01,subject-0797,Synthetic User 0797,user0797@example.test,+91-90000-0797,Pune,Synthetic profile 0797; record variant 1; seed 20260925.,821152
subject-0797-record-02,subject-0797,Synthetic User 0797,user0797@example.test,+91-90000-0797,Pune,Synthetic profile 0797; record variant 2; seed 20260925.,625563
subject-0797-record-03,subject-0797,Synthetic User 0797,user0797@example.test,+91-90000-0797,Pune,Synthetic profile 0797; record variant 3; seed 20260925.,633018
subject-0797-record-04,subject-0797,Synthetic User 0797,user0797@example.test,+91-90000-0797,Pune,Synthetic profile 0797; record variant 4; seed 20260925.,663811
subject-0798-record-00,subject-0798,Synthetic User 0798,user0798@example.test,+91-90000-0798,Bengaluru,Synthetic profile 0798; record variant 0; seed 20260925.,386893
subject-0798-record-01,subject-0798,Synthetic User 0798,user0798@example.test,+91-90000-0798,Bengaluru,Synthetic profile 0798; record variant 1; seed 20260925.,518773
subject-0798-record-02,subject-0798,Synthetic User 0798,user0798@example.test,+91-90000-0798,Bengaluru,Synthetic profile 0798; record variant 2; seed 20260925.,211944
subject-0798-record-03,subject-0798,Synthetic User 0798,user0798@example.test,+91-90000-0798,Bengaluru,Synthetic profile 0798; record variant 3; seed 20260925.,117198
subject-0798-record-04,subject-0798,Synthetic User 0798,user0798@example.test,+91-90000-0798,Bengaluru,Synthetic profile 0798; record variant 4; seed 20260925.,558944
subject-0799-record-00,subject-0799,Synthetic User 0799,user0799@example.test,+91-90000-0799,Jaipur,Synthetic profile 0799; record variant 0; seed 20260925.,672556
subject-0799-record-01,subject-0799,Synthetic User 0799,user0799@example.test,+91-90000-0799,Jaipur,Synthetic profile 0799; record variant 1; seed 20260925.,460541
subject-0799-record-02,subject-0799,Synthetic User 0799,user0799@example.test,+91-90000-0799,Jaipur,Synthetic profile 0799; record variant 2; seed 20260925.,287648
subject-0799-record-03,subject-0799,Synthetic User 0799,user0799@example.test,+91-90000-0799,Jaipur,Synthetic profile 0799; record variant 3; seed 20260925.,625516
subject-0799-record-04,subject-0799,Synthetic User 0799,user0799@example.test,+91-90000-0799,Jaipur,Synthetic profile 0799; record variant 4; seed 20260925.,754267
subject-0800-record-00,subject-0800,Synthetic User 0800,user0800@example.test,+91-90000-0800,Mohali,Synthetic profile 0800; record variant 0; seed 20260925.,967030
subject-0800-record-01,subject-0800,Synthetic User 0800,user0800@example.test,+91-90000-0800,Mohali,Synthetic profile 0800; record variant 1; seed 20260925.,885634
subject-0800-record-02,subject-0800,Synthetic User 0800,user0800@example.test,+91-90000-0800,Mohali,Synthetic profile 0800; record variant 2; seed 20260925.,325371
subject-0800-record-03,subject-0800,Synthetic User 0800,user0800@example.test,+91-90000-0800,Mohali,Synthetic profile 0800; record variant 3; seed 20260925.,740045
subject-0800-record-04,subject-0800,Synthetic User 0800,user0800@example.test,+91-90000-0800,Mohali,Synthetic profile 0800; record variant 4; seed 20260925.,832671
subject-0801-record-00,subject-0801,Synthetic User 0801,user0801@example.test,+91-90000-0801,Delhi,Synthetic profile 0801; record variant 0; seed 20260925.,791790
subject-0801-record-01,subject-0801,Synthetic User 0801,user0801@example.test,+91-90000-0801,Delhi,Synthetic profile 0801; record variant 1; seed 20260925.,613783
subject-0801-record-02,subject-0801,Synthetic User 0801,user0801@example.test,+91-90000-0801,Delhi,Synthetic profile 0801; record variant 2; seed 20260925.,458722
subject-0801-record-03,subject-0801,Synthetic User 0801,user0801@example.test,+91-90000-0801,Delhi,Synthetic profile 0801; record variant 3; seed 20260925.,328859
subject-0801-record-04,subject-0801,Synthetic User 0801,user0801@example.test,+91-90000-0801,Delhi,Synthetic profile 0801; record variant 4; seed 20260925.,165852
subject-0802-record-00,subject-0802,Synthetic User 0802,user0802@example.test,+91-90000-0802,Pune,Synthetic profile 0802; record variant 0; seed 20260925.,679555
subject-0802-record-01,subject-0802,Synthetic User 0802,user0802@example.test,+91-90000-0802,Pune,Synthetic profile 0802; record variant 1; seed 20260925.,916575
subject-0802-record-02,subject-0802,Synthetic User 0802,user0802@example.test,+91-90000-0802,Pune,Synthetic profile 0802; record variant 2; seed 20260925.,982928
subject-0802-record-03,subject-0802,Synthetic User 0802,user0802@example.test,+91-90000-0802,Pune,Synthetic profile 0802; record variant 3; seed 20260925.,301450
subject-0802-record-04,subject-0802,Synthetic User 0802,user0802@example.test,+91-90000-0802,Pune,Synthetic profile 0802; record variant 4; seed 20260925.,389164
subject-0803-record-00,subject-0803,Synthetic User 0803,user0803@example.test,+91-90000-0803,Bengaluru,Synthetic profile 0803; record variant 0; seed 20260925.,733012
subject-0803-record-01,subject-0803,Synthetic User 0803,user0803@example.test,+91-90000-0803,Bengaluru,Synthetic profile 0803; record variant 1; seed 20260925.,935360
subject-0803-record-02,subject-0803,Synthetic User 0803,user0803@example.test,+91-90000-0803,Bengaluru,Synthetic profile 0803; record variant 2; seed 20260925.,653851
subject-0803-record-03,subject-0803,Synthetic User 0803,user0803@example.test,+91-90000-0803,Bengaluru,Synthetic profile 0803; record variant 3; seed 20260925.,534080
subject-0803-record-04,subject-0803,Synthetic User 0803,user0803@example.test,+91-90000-0803,Bengaluru,Synthetic profile 0803; record variant 4; seed 20260925.,175419
subject-0804-record-00,subject-0804,Synthetic User 0804,user0804@example.test,+91-90000-0804,Jaipur,Synthetic profile 0804; record variant 0; seed 20260925.,564558
subject-0804-record-01,subject-0804,Synthetic User 0804,user0804@example.test,+91-90000-0804,Jaipur,Synthetic profile 0804; record variant 1; seed 20260925.,537148
subject-0804-record-02,subject-0804,Synthetic User 0804,user0804@example.test,+91-90000-0804,Jaipur,Synthetic profile 0804; record variant 2; seed 20260925.,147241
subject-0804-record-03,subject-0804,Synthetic User 0804,user0804@example.test,+91-90000-0804,Jaipur,Synthetic profile 0804; record variant 3; seed 20260925.,618487
subject-0804-record-04,subject-0804,Synthetic User 0804,user0804@example.test,+91-90000-0804,Jaipur,Synthetic profile 0804; record variant 4; seed 20260925.,658339
subject-0805-record-00,subject-0805,Synthetic User 0805,user0805@example.test,+91-90000-0805,Mohali,Synthetic profile 0805; record variant 0; seed 20260925.,684345
subject-0805-record-01,subject-0805,Synthetic User 0805,user0805@example.test,+91-90000-0805,Mohali,Synthetic profile 0805; record variant 1; seed 20260925.,273138
subject-0805-record-02,subject-0805,Synthetic User 0805,user0805@example.test,+91-90000-0805,Mohali,Synthetic profile 0805; record variant 2; seed 20260925.,748865
subject-0805-record-03,subject-0805,Synthetic User 0805,user0805@example.test,+91-90000-0805,Mohali,Synthetic profile 0805; record variant 3; seed 20260925.,450319
subject-0805-record-04,subject-0805,Synthetic User 0805,user0805@example.test,+91-90000-0805,Mohali,Synthetic profile 0805; record variant 4; seed 20260925.,580978
subject-0806-record-00,subject-0806,Synthetic User 0806,user0806@example.test,+91-90000-0806,Delhi,Synthetic profile 0806; record variant 0; seed 20260925.,249499
subject-0806-record-01,subject-0806,Synthetic User 0806,user0806@example.test,+91-90000-0806,Delhi,Synthetic profile 0806; record variant 1; seed 20260925.,628015
subject-0806-record-02,subject-0806,Synthetic User 0806,user0806@example.test,+91-90000-0806,Delhi,Synthetic profile 0806; record variant 2; seed 20260925.,156361
subject-0806-record-03,subject-0806,Synthetic User 0806,user0806@example.test,+91-90000-0806,Delhi,Synthetic profile 0806; record variant 3; seed 20260925.,625148
subject-0806-record-04,subject-0806,Synthetic User 0806,user0806@example.test,+91-90000-0806,Delhi,Synthetic profile 0806; record variant 4; seed 20260925.,789277
subject-0807-record-00,subject-0807,Synthetic User 0807,user0807@example.test,+91-90000-0807,Pune,Synthetic profile 0807; record variant 0; seed 20260925.,952827
subject-0807-record-01,subject-0807,Synthetic User 0807,user0807@example.test,+91-90000-0807,Pune,Synthetic profile 0807; record variant 1; seed 20260925.,836887
subject-0807-record-02,subject-0807,Synthetic User 0807,user0807@example.test,+91-90000-0807,Pune,Synthetic profile 0807; record variant 2; seed 20260925.,227317
subject-0807-record-03,subject-0807,Synthetic User 0807,user0807@example.test,+91-90000-0807,Pune,Synthetic profile 0807; record variant 3; seed 20260925.,636106
subject-0807-record-04,subject-0807,Synthetic User 0807,user0807@example.test,+91-90000-0807,Pune,Synthetic profile 0807; record variant 4; seed 20260925.,878608
subject-0808-record-00,subject-0808,Synthetic User 0808,user0808@example.test,+91-90000-0808,Bengaluru,Synthetic profile 0808; record variant 0; seed 20260925.,360298
subject-0808-record-01,subject-0808,Synthetic User 0808,user0808@example.test,+91-90000-0808,Bengaluru,Synthetic profile 0808; record variant 1; seed 20260925.,924594
subject-0808-record-02,subject-0808,Synthetic User 0808,user0808@example.test,+91-90000-0808,Bengaluru,Synthetic profile 0808; record variant 2; seed 20260925.,894202
subject-0808-record-03,subject-0808,Synthetic User 0808,user0808@example.test,+91-90000-0808,Bengaluru,Synthetic profile 0808; record variant 3; seed 20260925.,847408
subject-0808-record-04,subject-0808,Synthetic User 0808,user0808@example.test,+91-90000-0808,Bengaluru,Synthetic profile 0808; record variant 4; seed 20260925.,718977
subject-0809-record-00,subject-0809,Synthetic User 0809,user0809@example.test,+91-90000-0809,Jaipur,Synthetic profile 0809; record variant 0; seed 20260925.,354478
subject-0809-record-01,subject-0809,Synthetic User 0809,user0809@example.test,+91-90000-0809,Jaipur,Synthetic profile 0809; record variant 1; seed 20260925.,267779
subject-0809-record-02,subject-0809,Synthetic User 0809,user0809@example.test,+91-90000-0809,Jaipur,Synthetic profile 0809; record variant 2; seed 20260925.,617298
subject-0809-record-03,subject-0809,Synthetic User 0809,user0809@example.test,+91-90000-0809,Jaipur,Synthetic profile 0809; record variant 3; seed 20260925.,136972
subject-0809-record-04,subject-0809,Synthetic User 0809,user0809@example.test,+91-90000-0809,Jaipur,Synthetic profile 0809; record variant 4; seed 20260925.,869187
subject-0810-record-00,subject-0810,Synthetic User 0810,user0810@example.test,+91-90000-0810,Mohali,Synthetic profile 0810; record variant 0; seed 20260925.,325369
subject-0810-record-01,subject-0810,Synthetic User 0810,user0810@example.test,+91-90000-0810,Mohali,Synthetic profile 0810; record variant 1; seed 20260925.,870647
subject-0810-record-02,subject-0810,Synthetic User 0810,user0810@example.test,+91-90000-0810,Mohali,Synthetic profile 0810; record variant 2; seed 20260925.,715752
subject-0810-record-03,subject-0810,Synthetic User 0810,user0810@example.test,+91-90000-0810,Mohali,Synthetic profile 0810; record variant 3; seed 20260925.,202492
subject-0810-record-04,subject-0810,Synthetic User 0810,user0810@example.test,+91-90000-0810,Mohali,Synthetic profile 0810; record variant 4; seed 20260925.,241648
subject-0811-record-00,subject-0811,Synthetic User 0811,user0811@example.test,+91-90000-0811,Delhi,Synthetic profile 0811; record variant 0; seed 20260925.,896044
subject-0811-record-01,subject-0811,Synthetic User 0811,user0811@example.test,+91-90000-0811,Delhi,Synthetic profile 0811; record variant 1; seed 20260925.,443109
subject-0811-record-02,subject-0811,Synthetic User 0811,user0811@example.test,+91-90000-0811,Delhi,Synthetic profile 0811; record variant 2; seed 20260925.,107749
subject-0811-record-03,subject-0811,Synthetic User 0811,user0811@example.test,+91-90000-0811,Delhi,Synthetic profile 0811; record variant 3; seed 20260925.,576196
subject-0811-record-04,subject-0811,Synthetic User 0811,user0811@example.test,+91-90000-0811,Delhi,Synthetic profile 0811; record variant 4; seed 20260925.,790480
subject-0812-record-00,subject-0812,Synthetic User 0812,user0812@example.test,+91-90000-0812,Pune,Synthetic profile 0812; record variant 0; seed 20260925.,601823
subject-0812-record-01,subject-0812,Synthetic User 0812,user0812@example.test,+91-90000-0812,Pune,Synthetic profile 0812; record variant 1; seed 20260925.,698063
subject-0812-record-02,subject-0812,Synthetic User 0812,user0812@example.test,+91-90000-0812,Pune,Synthetic profile 0812; record variant 2; seed 20260925.,373326
subject-0812-record-03,subject-0812,Synthetic User 0812,user0812@example.test,+91-90000-0812,Pune,Synthetic profile 0812; record variant 3; seed 20260925.,749486
subject-0812-record-04,subject-0812,Synthetic User 0812,user0812@example.test,+91-90000-0812,Pune,Synthetic profile 0812; record variant 4; seed 20260925.,535743
subject-0813-record-00,subject-0813,Synthetic User 0813,user0813@example.test,+91-90000-0813,Bengaluru,Synthetic profile 0813; record variant 0; seed 20260925.,994095
subject-0813-record-01,subject-0813,Synthetic User 0813,user0813@example.test,+91-90000-0813,Bengaluru,Synthetic profile 0813; record variant 1; seed 20260925.,559532
subject-0813-record-02,subject-0813,Synthetic User 0813,user0813@example.test,+91-90000-0813,Bengaluru,Synthetic profile 0813; record variant 2; seed 20260925.,140533
subject-0813-record-03,subject-0813,Synthetic User 0813,user0813@example.test,+91-90000-0813,Bengaluru,Synthetic profile 0813; record variant 3; seed 20260925.,157274
subject-0813-record-04,subject-0813,Synthetic User 0813,user0813@example.test,+91-90000-0813,Bengaluru,Synthetic profile 0813; record variant 4; seed 20260925.,116762
subject-0814-record-00,subject-0814,Synthetic User 0814,user0814@example.test,+91-90000-0814,Jaipur,Synthetic profile 0814; record variant 0; seed 20260925.,296487
subject-0814-record-01,subject-0814,Synthetic User 0814,user0814@example.test,+91-90000-0814,Jaipur,Synthetic profile 0814; record variant 1; seed 20260925.,834631
subject-0814-record-02,subject-0814,Synthetic User 0814,user0814@example.test,+91-90000-0814,Jaipur,Synthetic profile 0814; record variant 2; seed 20260925.,462387
subject-0814-record-03,subject-0814,Synthetic User 0814,user0814@example.test,+91-90000-0814,Jaipur,Synthetic profile 0814; record variant 3; seed 20260925.,714150
subject-0814-record-04,subject-0814,Synthetic User 0814,user0814@example.test,+91-90000-0814,Jaipur,Synthetic profile 0814; record variant 4; seed 20260925.,508623
subject-0815-record-00,subject-0815,Synthetic User 0815,user0815@example.test,+91-90000-0815,Mohali,Synthetic profile 0815; record variant 0; seed 20260925.,769088
subject-0815-record-01,subject-0815,Synthetic User 0815,user0815@example.test,+91-90000-0815,Mohali,Synthetic profile 0815; record variant 1; seed 20260925.,947601
subject-0815-record-02,subject-0815,Synthetic User 0815,user0815@example.test,+91-90000-0815,Mohali,Synthetic profile 0815; record variant 2; seed 20260925.,582760
subject-0815-record-03,subject-0815,Synthetic User 0815,user0815@example.test,+91-90000-0815,Mohali,Synthetic profile 0815; record variant 3; seed 20260925.,180758
subject-0815-record-04,subject-0815,Synthetic User 0815,user0815@example.test,+91-90000-0815,Mohali,Synthetic profile 0815; record variant 4; seed 20260925.,482913
subject-0816-record-00,subject-0816,Synthetic User 0816,user0816@example.test,+91-90000-0816,Delhi,Synthetic profile 0816; record variant 0; seed 20260925.,746002
subject-0816-record-01,subject-0816,Synthetic User 0816,user0816@example.test,+91-90000-0816,Delhi,Synthetic profile 0816; record variant 1; seed 20260925.,565437
subject-0816-record-02,subject-0816,Synthetic User 0816,user0816@example.test,+91-90000-0816,Delhi,Synthetic profile 0816; record variant 2; seed 20260925.,901288
subject-0816-record-03,subject-0816,Synthetic User 0816,user0816@example.test,+91-90000-0816,Delhi,Synthetic profile 0816; record variant 3; seed 20260925.,193312
subject-0816-record-04,subject-0816,Synthetic User 0816,user0816@example.test,+91-90000-0816,Delhi,Synthetic profile 0816; record variant 4; seed 20260925.,295801
subject-0817-record-00,subject-0817,Synthetic User 0817,user0817@example.test,+91-90000-0817,Pune,Synthetic profile 0817; record variant 0; seed 20260925.,721361
subject-0817-record-01,subject-0817,Synthetic User 0817,user0817@example.test,+91-90000-0817,Pune,Synthetic profile 0817; record variant 1; seed 20260925.,533336
subject-0817-record-02,subject-0817,Synthetic User 0817,user0817@example.test,+91-90000-0817,Pune,Synthetic profile 0817; record variant 2; seed 20260925.,900011
subject-0817-record-03,subject-0817,Synthetic User 0817,user0817@example.test,+91-90000-0817,Pune,Synthetic profile 0817; record variant 3; seed 20260925.,812588
subject-0817-record-04,subject-0817,Synthetic User 0817,user0817@example.test,+91-90000-0817,Pune,Synthetic profile 0817; record variant 4; seed 20260925.,501189
subject-0818-record-00,subject-0818,Synthetic User 0818,user0818@example.test,+91-90000-0818,Bengaluru,Synthetic profile 0818; record variant 0; seed 20260925.,908429
subject-0818-record-01,subject-0818,Synthetic User 0818,user0818@example.test,+91-90000-0818,Bengaluru,Synthetic profile 0818; record variant 1; seed 20260925.,665733
subject-0818-record-02,subject-0818,Synthetic User 0818,user0818@example.test,+91-90000-0818,Bengaluru,Synthetic profile 0818; record variant 2; seed 20260925.,678257
subject-0818-record-03,subject-0818,Synthetic User 0818,user0818@example.test,+91-90000-0818,Bengaluru,Synthetic profile 0818; record variant 3; seed 20260925.,147742
subject-0818-record-04,subject-0818,Synthetic User 0818,user0818@example.test,+91-90000-0818,Bengaluru,Synthetic profile 0818; record variant 4; seed 20260925.,530071
subject-0819-record-00,subject-0819,Synthetic User 0819,user0819@example.test,+91-90000-0819,Jaipur,Synthetic profile 0819; record variant 0; seed 20260925.,103683
subject-0819-record-01,subject-0819,Synthetic User 0819,user0819@example.test,+91-90000-0819,Jaipur,Synthetic profile 0819; record variant 1; seed 20260925.,533153
subject-0819-record-02,subject-0819,Synthetic User 0819,user0819@example.test,+91-90000-0819,Jaipur,Synthetic profile 0819; record variant 2; seed 20260925.,744941
subject-0819-record-03,subject-0819,Synthetic User 0819,user0819@example.test,+91-90000-0819,Jaipur,Synthetic profile 0819; record variant 3; seed 20260925.,570489
subject-0819-record-04,subject-0819,Synthetic User 0819,user0819@example.test,+91-90000-0819,Jaipur,Synthetic profile 0819; record variant 4; seed 20260925.,780792
subject-0820-record-00,subject-0820,Synthetic User 0820,user0820@example.test,+91-90000-0820,Mohali,Synthetic profile 0820; record variant 0; seed 20260925.,697739
subject-0820-record-01,subject-0820,Synthetic User 0820,user0820@example.test,+91-90000-0820,Mohali,Synthetic profile 0820; record variant 1; seed 20260925.,619856
subject-0820-record-02,subject-0820,Synthetic User 0820,user0820@example.test,+91-90000-0820,Mohali,Synthetic profile 0820; record variant 2; seed 20260925.,651921
subject-0820-record-03,subject-0820,Synthetic User 0820,user0820@example.test,+91-90000-0820,Mohali,Synthetic profile 0820; record variant 3; seed 20260925.,988076
subject-0820-record-04,subject-0820,Synthetic User 0820,user0820@example.test,+91-90000-0820,Mohali,Synthetic profile 0820; record variant 4; seed 20260925.,412894
subject-0821-record-00,subject-0821,Synthetic User 0821,user0821@example.test,+91-90000-0821,Delhi,Synthetic profile 0821; record variant 0; seed 20260925.,982146
subject-0821-record-01,subject-0821,Synthetic User 0821,user0821@example.test,+91-90000-0821,Delhi,Synthetic profile 0821; record variant 1; seed 20260925.,476762
subject-0821-record-02,subject-0821,Synthetic User 0821,user0821@example.test,+91-90000-0821,Delhi,Synthetic profile 0821; record variant 2; seed 20260925.,558544
subject-0821-record-03,subject-0821,Synthetic User 0821,user0821@example.test,+91-90000-0821,Delhi,Synthetic profile 0821; record variant 3; seed 20260925.,378713
subject-0821-record-04,subject-0821,Synthetic User 0821,user0821@example.test,+91-90000-0821,Delhi,Synthetic profile 0821; record variant 4; seed 20260925.,227586
subject-0822-record-00,subject-0822,Synthetic User 0822,user0822@example.test,+91-90000-0822,Pune,Synthetic profile 0822; record variant 0; seed 20260925.,442780
subject-0822-record-01,subject-0822,Synthetic User 0822,user0822@example.test,+91-90000-0822,Pune,Synthetic profile 0822; record variant 1; seed 20260925.,492094
subject-0822-record-02,subject-0822,Synthetic User 0822,user0822@example.test,+91-90000-0822,Pune,Synthetic profile 0822; record variant 2; seed 20260925.,176179
subject-0822-record-03,subject-0822,Synthetic User 0822,user0822@example.test,+91-90000-0822,Pune,Synthetic profile 0822; record variant 3; seed 20260925.,511352
subject-0822-record-04,subject-0822,Synthetic User 0822,user0822@example.test,+91-90000-0822,Pune,Synthetic profile 0822; record variant 4; seed 20260925.,728595
subject-0823-record-00,subject-0823,Synthetic User 0823,user0823@example.test,+91-90000-0823,Bengaluru,Synthetic profile 0823; record variant 0; seed 20260925.,928943
subject-0823-record-01,subject-0823,Synthetic User 0823,user0823@example.test,+91-90000-0823,Bengaluru,Synthetic profile 0823; record variant 1; seed 20260925.,273324
subject-0823-record-02,subject-0823,Synthetic User 0823,user0823@example.test,+91-90000-0823,Bengaluru,Synthetic profile 0823; record variant 2; seed 20260925.,449814
subject-0823-record-03,subject-0823,Synthetic User 0823,user0823@example.test,+91-90000-0823,Bengaluru,Synthetic profile 0823; record variant 3; seed 20260925.,140686
subject-0823-record-04,subject-0823,Synthetic User 0823,user0823@example.test,+91-90000-0823,Bengaluru,Synthetic profile 0823; record variant 4; seed 20260925.,118640
subject-0824-record-00,subject-0824,Synthetic User 0824,user0824@example.test,+91-90000-0824,Jaipur,Synthetic profile 0824; record variant 0; seed 20260925.,481205
subject-0824-record-01,subject-0824,Synthetic User 0824,user0824@example.test,+91-90000-0824,Jaipur,Synthetic profile 0824; record variant 1; seed 20260925.,928429
subject-0824-record-02,subject-0824,Synthetic User 0824,user0824@example.test,+91-90000-0824,Jaipur,Synthetic profile 0824; record variant 2; seed 20260925.,688959
subject-0824-record-03,subject-0824,Synthetic User 0824,user0824@example.test,+91-90000-0824,Jaipur,Synthetic profile 0824; record variant 3; seed 20260925.,500766
subject-0824-record-04,subject-0824,Synthetic User 0824,user0824@example.test,+91-90000-0824,Jaipur,Synthetic profile 0824; record variant 4; seed 20260925.,483905
subject-0825-record-00,subject-0825,Synthetic User 0825,user0825@example.test,+91-90000-0825,Mohali,Synthetic profile 0825; record variant 0; seed 20260925.,183438
subject-0825-record-01,subject-0825,Synthetic User 0825,user0825@example.test,+91-90000-0825,Mohali,Synthetic profile 0825; record variant 1; seed 20260925.,816902
subject-0825-record-02,subject-0825,Synthetic User 0825,user0825@example.test,+91-90000-0825,Mohali,Synthetic profile 0825; record variant 2; seed 20260925.,998954
subject-0825-record-03,subject-0825,Synthetic User 0825,user0825@example.test,+91-90000-0825,Mohali,Synthetic profile 0825; record variant 3; seed 20260925.,707565
subject-0825-record-04,subject-0825,Synthetic User 0825,user0825@example.test,+91-90000-0825,Mohali,Synthetic profile 0825; record variant 4; seed 20260925.,596313
subject-0826-record-00,subject-0826,Synthetic User 0826,user0826@example.test,+91-90000-0826,Delhi,Synthetic profile 0826; record variant 0; seed 20260925.,191421
subject-0826-record-01,subject-0826,Synthetic User 0826,user0826@example.test,+91-90000-0826,Delhi,Synthetic profile 0826; record variant 1; seed 20260925.,886487
subject-0826-record-02,subject-0826,Synthetic User 0826,user0826@example.test,+91-90000-0826,Delhi,Synthetic profile 0826; record variant 2; seed 20260925.,384700
subject-0826-record-03,subject-0826,Synthetic User 0826,user0826@example.test,+91-90000-0826,Delhi,Synthetic profile 0826; record variant 3; seed 20260925.,962539
subject-0826-record-04,subject-0826,Synthetic User 0826,user0826@example.test,+91-90000-0826,Delhi,Synthetic profile 0826; record variant 4; seed 20260925.,483323
subject-0827-record-00,subject-0827,Synthetic User 0827,user0827@example.test,+91-90000-0827,Pune,Synthetic profile 0827; record variant 0; seed 20260925.,851987
subject-0827-record-01,subject-0827,Synthetic User 0827,user0827@example.test,+91-90000-0827,Pune,Synthetic profile 0827; record variant 1; seed 20260925.,542165
subject-0827-record-02,subject-0827,Synthetic User 0827,user0827@example.test,+91-90000-0827,Pune,Synthetic profile 0827; record variant 2; seed 20260925.,893180
subject-0827-record-03,subject-0827,Synthetic User 0827,user0827@example.test,+91-90000-0827,Pune,Synthetic profile 0827; record variant 3; seed 20260925.,856819
subject-0827-record-04,subject-0827,Synthetic User 0827,user0827@example.test,+91-90000-0827,Pune,Synthetic profile 0827; record variant 4; seed 20260925.,747982
subject-0828-record-00,subject-0828,Synthetic User 0828,user0828@example.test,+91-90000-0828,Bengaluru,Synthetic profile 0828; record variant 0; seed 20260925.,660821
subject-0828-record-01,subject-0828,Synthetic User 0828,user0828@example.test,+91-90000-0828,Bengaluru,Synthetic profile 0828; record variant 1; seed 20260925.,621593
subject-0828-record-02,subject-0828,Synthetic User 0828,user0828@example.test,+91-90000-0828,Bengaluru,Synthetic profile 0828; record variant 2; seed 20260925.,258010
subject-0828-record-03,subject-0828,Synthetic User 0828,user0828@example.test,+91-90000-0828,Bengaluru,Synthetic profile 0828; record variant 3; seed 20260925.,386349
subject-0828-record-04,subject-0828,Synthetic User 0828,user0828@example.test,+91-90000-0828,Bengaluru,Synthetic profile 0828; record variant 4; seed 20260925.,773345
subject-0829-record-00,subject-0829,Synthetic User 0829,user0829@example.test,+91-90000-0829,Jaipur,Synthetic profile 0829; record variant 0; seed 20260925.,895007
subject-0829-record-01,subject-0829,Synthetic User 0829,user0829@example.test,+91-90000-0829,Jaipur,Synthetic profile 0829; record variant 1; seed 20260925.,540504
subject-0829-record-02,subject-0829,Synthetic User 0829,user0829@example.test,+91-90000-0829,Jaipur,Synthetic profile 0829; record variant 2; seed 20260925.,862054
subject-0829-record-03,subject-0829,Synthetic User 0829,user0829@example.test,+91-90000-0829,Jaipur,Synthetic profile 0829; record variant 3; seed 20260925.,842864
subject-0829-record-04,subject-0829,Synthetic User 0829,user0829@example.test,+91-90000-0829,Jaipur,Synthetic profile 0829; record variant 4; seed 20260925.,571937
subject-0830-record-00,subject-0830,Synthetic User 0830,user0830@example.test,+91-90000-0830,Mohali,Synthetic profile 0830; record variant 0; seed 20260925.,333177
subject-0830-record-01,subject-0830,Synthetic User 0830,user0830@example.test,+91-90000-0830,Mohali,Synthetic profile 0830; record variant 1; seed 20260925.,532541
subject-0830-record-02,subject-0830,Synthetic User 0830,user0830@example.test,+91-90000-0830,Mohali,Synthetic profile 0830; record variant 2; seed 20260925.,287563
subject-0830-record-03,subject-0830,Synthetic User 0830,user0830@example.test,+91-90000-0830,Mohali,Synthetic profile 0830; record variant 3; seed 20260925.,965701
subject-0830-record-04,subject-0830,Synthetic User 0830,user0830@example.test,+91-90000-0830,Mohali,Synthetic profile 0830; record variant 4; seed 20260925.,299544
subject-0831-record-00,subject-0831,Synthetic User 0831,user0831@example.test,+91-90000-0831,Delhi,Synthetic profile 0831; record variant 0; seed 20260925.,594839
subject-0831-record-01,subject-0831,Synthetic User 0831,user0831@example.test,+91-90000-0831,Delhi,Synthetic profile 0831; record variant 1; seed 20260925.,125367
subject-0831-record-02,subject-0831,Synthetic User 0831,user0831@example.test,+91-90000-0831,Delhi,Synthetic profile 0831; record variant 2; seed 20260925.,491319
subject-0831-record-03,subject-0831,Synthetic User 0831,user0831@example.test,+91-90000-0831,Delhi,Synthetic profile 0831; record variant 3; seed 20260925.,276944
subject-0831-record-04,subject-0831,Synthetic User 0831,user0831@example.test,+91-90000-0831,Delhi,Synthetic profile 0831; record variant 4; seed 20260925.,406946
subject-0832-record-00,subject-0832,Synthetic User 0832,user0832@example.test,+91-90000-0832,Pune,Synthetic profile 0832; record variant 0; seed 20260925.,386832
subject-0832-record-01,subject-0832,Synthetic User 0832,user0832@example.test,+91-90000-0832,Pune,Synthetic profile 0832; record variant 1; seed 20260925.,198819
subject-0832-record-02,subject-0832,Synthetic User 0832,user0832@example.test,+91-90000-0832,Pune,Synthetic profile 0832; record variant 2; seed 20260925.,940643
subject-0832-record-03,subject-0832,Synthetic User 0832,user0832@example.test,+91-90000-0832,Pune,Synthetic profile 0832; record variant 3; seed 20260925.,696450
subject-0832-record-04,subject-0832,Synthetic User 0832,user0832@example.test,+91-90000-0832,Pune,Synthetic profile 0832; record variant 4; seed 20260925.,182203
subject-0833-record-00,subject-0833,Synthetic User 0833,user0833@example.test,+91-90000-0833,Bengaluru,Synthetic profile 0833; record variant 0; seed 20260925.,494844
subject-0833-record-01,subject-0833,Synthetic User 0833,user0833@example.test,+91-90000-0833,Bengaluru,Synthetic profile 0833; record variant 1; seed 20260925.,916695
subject-0833-record-02,subject-0833,Synthetic User 0833,user0833@example.test,+91-90000-0833,Bengaluru,Synthetic profile 0833; record variant 2; seed 20260925.,686704
subject-0833-record-03,subject-0833,Synthetic User 0833,user0833@example.test,+91-90000-0833,Bengaluru,Synthetic profile 0833; record variant 3; seed 20260925.,636042
subject-0833-record-04,subject-0833,Synthetic User 0833,user0833@example.test,+91-90000-0833,Bengaluru,Synthetic profile 0833; record variant 4; seed 20260925.,417695
subject-0834-record-00,subject-0834,Synthetic User 0834,user0834@example.test,+91-90000-0834,Jaipur,Synthetic profile 0834; record variant 0; seed 20260925.,980166
subject-0834-record-01,subject-0834,Synthetic User 0834,user0834@example.test,+91-90000-0834,Jaipur,Synthetic profile 0834; record variant 1; seed 20260925.,195826
subject-0834-record-02,subject-0834,Synthetic User 0834,user0834@example.test,+91-90000-0834,Jaipur,Synthetic profile 0834; record variant 2; seed 20260925.,758828
subject-0834-record-03,subject-0834,Synthetic User 0834,user0834@example.test,+91-90000-0834,Jaipur,Synthetic profile 0834; record variant 3; seed 20260925.,297656
subject-0834-record-04,subject-0834,Synthetic User 0834,user0834@example.test,+91-90000-0834,Jaipur,Synthetic profile 0834; record variant 4; seed 20260925.,924281
subject-0835-record-00,subject-0835,Synthetic User 0835,user0835@example.test,+91-90000-0835,Mohali,Synthetic profile 0835; record variant 0; seed 20260925.,606697
subject-0835-record-01,subject-0835,Synthetic User 0835,user0835@example.test,+91-90000-0835,Mohali,Synthetic profile 0835; record variant 1; seed 20260925.,684405
subject-0835-record-02,subject-0835,Synthetic User 0835,user0835@example.test,+91-90000-0835,Mohali,Synthetic profile 0835; record variant 2; seed 20260925.,702016
subject-0835-record-03,subject-0835,Synthetic User 0835,user0835@example.test,+91-90000-0835,Mohali,Synthetic profile 0835; record variant 3; seed 20260925.,324498
subject-0835-record-04,subject-0835,Synthetic User 0835,user0835@example.test,+91-90000-0835,Mohali,Synthetic profile 0835; record variant 4; seed 20260925.,424860
subject-0836-record-00,subject-0836,Synthetic User 0836,user0836@example.test,+91-90000-0836,Delhi,Synthetic profile 0836; record variant 0; seed 20260925.,560160
subject-0836-record-01,subject-0836,Synthetic User 0836,user0836@example.test,+91-90000-0836,Delhi,Synthetic profile 0836; record variant 1; seed 20260925.,240111
subject-0836-record-02,subject-0836,Synthetic User 0836,user0836@example.test,+91-90000-0836,Delhi,Synthetic profile 0836; record variant 2; seed 20260925.,649233
subject-0836-record-03,subject-0836,Synthetic User 0836,user0836@example.test,+91-90000-0836,Delhi,Synthetic profile 0836; record variant 3; seed 20260925.,467249
subject-0836-record-04,subject-0836,Synthetic User 0836,user0836@example.test,+91-90000-0836,Delhi,Synthetic profile 0836; record variant 4; seed 20260925.,117171
subject-0837-record-00,subject-0837,Synthetic User 0837,user0837@example.test,+91-90000-0837,Pune,Synthetic profile 0837; record variant 0; seed 20260925.,530204
subject-0837-record-01,subject-0837,Synthetic User 0837,user0837@example.test,+91-90000-0837,Pune,Synthetic profile 0837; record variant 1; seed 20260925.,456014
subject-0837-record-02,subject-0837,Synthetic User 0837,user0837@example.test,+91-90000-0837,Pune,Synthetic profile 0837; record variant 2; seed 20260925.,865865
subject-0837-record-03,subject-0837,Synthetic User 0837,user0837@example.test,+91-90000-0837,Pune,Synthetic profile 0837; record variant 3; seed 20260925.,789078
subject-0837-record-04,subject-0837,Synthetic User 0837,user0837@example.test,+91-90000-0837,Pune,Synthetic profile 0837; record variant 4; seed 20260925.,522199
subject-0838-record-00,subject-0838,Synthetic User 0838,user0838@example.test,+91-90000-0838,Bengaluru,Synthetic profile 0838; record variant 0; seed 20260925.,281187
subject-0838-record-01,subject-0838,Synthetic User 0838,user0838@example.test,+91-90000-0838,Bengaluru,Synthetic profile 0838; record variant 1; seed 20260925.,529336
subject-0838-record-02,subject-0838,Synthetic User 0838,user0838@example.test,+91-90000-0838,Bengaluru,Synthetic profile 0838; record variant 2; seed 20260925.,236810
subject-0838-record-03,subject-0838,Synthetic User 0838,user0838@example.test,+91-90000-0838,Bengaluru,Synthetic profile 0838; record variant 3; seed 20260925.,539600
subject-0838-record-04,subject-0838,Synthetic User 0838,user0838@example.test,+91-90000-0838,Bengaluru,Synthetic profile 0838; record variant 4; seed 20260925.,232015
subject-0839-record-00,subject-0839,Synthetic User 0839,user0839@example.test,+91-90000-0839,Jaipur,Synthetic profile 0839; record variant 0; seed 20260925.,184630
subject-0839-record-01,subject-0839,Synthetic User 0839,user0839@example.test,+91-90000-0839,Jaipur,Synthetic profile 0839; record variant 1; seed 20260925.,720766
subject-0839-record-02,subject-0839,Synthetic User 0839,user0839@example.test,+91-90000-0839,Jaipur,Synthetic profile 0839; record variant 2; seed 20260925.,999719
subject-0839-record-03,subject-0839,Synthetic User 0839,user0839@example.test,+91-90000-0839,Jaipur,Synthetic profile 0839; record variant 3; seed 20260925.,457213
subject-0839-record-04,subject-0839,Synthetic User 0839,user0839@example.test,+91-90000-0839,Jaipur,Synthetic profile 0839; record variant 4; seed 20260925.,382435
subject-0840-record-00,subject-0840,Synthetic User 0840,user0840@example.test,+91-90000-0840,Mohali,Synthetic profile 0840; record variant 0; seed 20260925.,500913
subject-0840-record-01,subject-0840,Synthetic User 0840,user0840@example.test,+91-90000-0840,Mohali,Synthetic profile 0840; record variant 1; seed 20260925.,323982
subject-0840-record-02,subject-0840,Synthetic User 0840,user0840@example.test,+91-90000-0840,Mohali,Synthetic profile 0840; record variant 2; seed 20260925.,530908
subject-0840-record-03,subject-0840,Synthetic User 0840,user0840@example.test,+91-90000-0840,Mohali,Synthetic profile 0840; record variant 3; seed 20260925.,771417
subject-0840-record-04,subject-0840,Synthetic User 0840,user0840@example.test,+91-90000-0840,Mohali,Synthetic profile 0840; record variant 4; seed 20260925.,970529
subject-0841-record-00,subject-0841,Synthetic User 0841,user0841@example.test,+91-90000-0841,Delhi,Synthetic profile 0841; record variant 0; seed 20260925.,817505
subject-0841-record-01,subject-0841,Synthetic User 0841,user0841@example.test,+91-90000-0841,Delhi,Synthetic profile 0841; record variant 1; seed 20260925.,809763
subject-0841-record-02,subject-0841,Synthetic User 0841,user0841@example.test,+91-90000-0841,Delhi,Synthetic profile 0841; record variant 2; seed 20260925.,436712
subject-0841-record-03,subject-0841,Synthetic User 0841,user0841@example.test,+91-90000-0841,Delhi,Synthetic profile 0841; record variant 3; seed 20260925.,833783
subject-0841-record-04,subject-0841,Synthetic User 0841,user0841@example.test,+91-90000-0841,Delhi,Synthetic profile 0841; record variant 4; seed 20260925.,958818
subject-0842-record-00,subject-0842,Synthetic User 0842,user0842@example.test,+91-90000-0842,Pune,Synthetic profile 0842; record variant 0; seed 20260925.,804619
subject-0842-record-01,subject-0842,Synthetic User 0842,user0842@example.test,+91-90000-0842,Pune,Synthetic profile 0842; record variant 1; seed 20260925.,453832
subject-0842-record-02,subject-0842,Synthetic User 0842,user0842@example.test,+91-90000-0842,Pune,Synthetic profile 0842; record variant 2; seed 20260925.,635244
subject-0842-record-03,subject-0842,Synthetic User 0842,user0842@example.test,+91-90000-0842,Pune,Synthetic profile 0842; record variant 3; seed 20260925.,106338
subject-0842-record-04,subject-0842,Synthetic User 0842,user0842@example.test,+91-90000-0842,Pune,Synthetic profile 0842; record variant 4; seed 20260925.,388324
subject-0843-record-00,subject-0843,Synthetic User 0843,user0843@example.test,+91-90000-0843,Bengaluru,Synthetic profile 0843; record variant 0; seed 20260925.,158177
subject-0843-record-01,subject-0843,Synthetic User 0843,user0843@example.test,+91-90000-0843,Bengaluru,Synthetic profile 0843; record variant 1; seed 20260925.,774067
subject-0843-record-02,subject-0843,Synthetic User 0843,user0843@example.test,+91-90000-0843,Bengaluru,Synthetic profile 0843; record variant 2; seed 20260925.,572455
subject-0843-record-03,subject-0843,Synthetic User 0843,user0843@example.test,+91-90000-0843,Bengaluru,Synthetic profile 0843; record variant 3; seed 20260925.,198207
subject-0843-record-04,subject-0843,Synthetic User 0843,user0843@example.test,+91-90000-0843,Bengaluru,Synthetic profile 0843; record variant 4; seed 20260925.,490273
subject-0844-record-00,subject-0844,Synthetic User 0844,user0844@example.test,+91-90000-0844,Jaipur,Synthetic profile 0844; record variant 0; seed 20260925.,471327
subject-0844-record-01,subject-0844,Synthetic User 0844,user0844@example.test,+91-90000-0844,Jaipur,Synthetic profile 0844; record variant 1; seed 20260925.,634584
subject-0844-record-02,subject-0844,Synthetic User 0844,user0844@example.test,+91-90000-0844,Jaipur,Synthetic profile 0844; record variant 2; seed 20260925.,943907
subject-0844-record-03,subject-0844,Synthetic User 0844,user0844@example.test,+91-90000-0844,Jaipur,Synthetic profile 0844; record variant 3; seed 20260925.,249202
subject-0844-record-04,subject-0844,Synthetic User 0844,user0844@example.test,+91-90000-0844,Jaipur,Synthetic profile 0844; record variant 4; seed 20260925.,526675
subject-0845-record-00,subject-0845,Synthetic User 0845,user0845@example.test,+91-90000-0845,Mohali,Synthetic profile 0845; record variant 0; seed 20260925.,482454
subject-0845-record-01,subject-0845,Synthetic User 0845,user0845@example.test,+91-90000-0845,Mohali,Synthetic profile 0845; record variant 1; seed 20260925.,676349
subject-0845-record-02,subject-0845,Synthetic User 0845,user0845@example.test,+91-90000-0845,Mohali,Synthetic profile 0845; record variant 2; seed 20260925.,556649
subject-0845-record-03,subject-0845,Synthetic User 0845,user0845@example.test,+91-90000-0845,Mohali,Synthetic profile 0845; record variant 3; seed 20260925.,480138
subject-0845-record-04,subject-0845,Synthetic User 0845,user0845@example.test,+91-90000-0845,Mohali,Synthetic profile 0845; record variant 4; seed 20260925.,786262
subject-0846-record-00,subject-0846,Synthetic User 0846,user0846@example.test,+91-90000-0846,Delhi,Synthetic profile 0846; record variant 0; seed 20260925.,273236
subject-0846-record-01,subject-0846,Synthetic User 0846,user0846@example.test,+91-90000-0846,Delhi,Synthetic profile 0846; record variant 1; seed 20260925.,416274
subject-0846-record-02,subject-0846,Synthetic User 0846,user0846@example.test,+91-90000-0846,Delhi,Synthetic profile 0846; record variant 2; seed 20260925.,788188
subject-0846-record-03,subject-0846,Synthetic User 0846,user0846@example.test,+91-90000-0846,Delhi,Synthetic profile 0846; record variant 3; seed 20260925.,922744
subject-0846-record-04,subject-0846,Synthetic User 0846,user0846@example.test,+91-90000-0846,Delhi,Synthetic profile 0846; record variant 4; seed 20260925.,861598
subject-0847-record-00,subject-0847,Synthetic User 0847,user0847@example.test,+91-90000-0847,Pune,Synthetic profile 0847; record variant 0; seed 20260925.,847602
subject-0847-record-01,subject-0847,Synthetic User 0847,user0847@example.test,+91-90000-0847,Pune,Synthetic profile 0847; record variant 1; seed 20260925.,296349
subject-0847-record-02,subject-0847,Synthetic User 0847,user0847@example.test,+91-90000-0847,Pune,Synthetic profile 0847; record variant 2; seed 20260925.,243905
subject-0847-record-03,subject-0847,Synthetic User 0847,user0847@example.test,+91-90000-0847,Pune,Synthetic profile 0847; record variant 3; seed 20260925.,454972
subject-0847-record-04,subject-0847,Synthetic User 0847,user0847@example.test,+91-90000-0847,Pune,Synthetic profile 0847; record variant 4; seed 20260925.,225890
subject-0848-record-00,subject-0848,Synthetic User 0848,user0848@example.test,+91-90000-0848,Bengaluru,Synthetic profile 0848; record variant 0; seed 20260925.,926321
subject-0848-record-01,subject-0848,Synthetic User 0848,user0848@example.test,+91-90000-0848,Bengaluru,Synthetic profile 0848; record variant 1; seed 20260925.,810900
subject-0848-record-02,subject-0848,Synthetic User 0848,user0848@example.test,+91-90000-0848,Bengaluru,Synthetic profile 0848; record variant 2; seed 20260925.,442146
subject-0848-record-03,subject-0848,Synthetic User 0848,user0848@example.test,+91-90000-0848,Bengaluru,Synthetic profile 0848; record variant 3; seed 20260925.,742653
subject-0848-record-04,subject-0848,Synthetic User 0848,user0848@example.test,+91-90000-0848,Bengaluru,Synthetic profile 0848; record variant 4; seed 20260925.,439317
subject-0849-record-00,subject-0849,Synthetic User 0849,user0849@example.test,+91-90000-0849,Jaipur,Synthetic profile 0849; record variant 0; seed 20260925.,412937
subject-0849-record-01,subject-0849,Synthetic User 0849,user0849@example.test,+91-90000-0849,Jaipur,Synthetic profile 0849; record variant 1; seed 20260925.,910774
subject-0849-record-02,subject-0849,Synthetic User 0849,user0849@example.test,+91-90000-0849,Jaipur,Synthetic profile 0849; record variant 2; seed 20260925.,539811
subject-0849-record-03,subject-0849,Synthetic User 0849,user0849@example.test,+91-90000-0849,Jaipur,Synthetic profile 0849; record variant 3; seed 20260925.,942489
subject-0849-record-04,subject-0849,Synthetic User 0849,user0849@example.test,+91-90000-0849,Jaipur,Synthetic profile 0849; record variant 4; seed 20260925.,953432
subject-0850-record-00,subject-0850,Synthetic User 0850,user0850@example.test,+91-90000-0850,Mohali,Synthetic profile 0850; record variant 0; seed 20260925.,957775
subject-0850-record-01,subject-0850,Synthetic User 0850,user0850@example.test,+91-90000-0850,Mohali,Synthetic profile 0850; record variant 1; seed 20260925.,319609
subject-0850-record-02,subject-0850,Synthetic User 0850,user0850@example.test,+91-90000-0850,Mohali,Synthetic profile 0850; record variant 2; seed 20260925.,261404
subject-0850-record-03,subject-0850,Synthetic User 0850,user0850@example.test,+91-90000-0850,Mohali,Synthetic profile 0850; record variant 3; seed 20260925.,339158
subject-0850-record-04,subject-0850,Synthetic User 0850,user0850@example.test,+91-90000-0850,Mohali,Synthetic profile 0850; record variant 4; seed 20260925.,247378
subject-0851-record-00,subject-0851,Synthetic User 0851,user0851@example.test,+91-90000-0851,Delhi,Synthetic profile 0851; record variant 0; seed 20260925.,824717
subject-0851-record-01,subject-0851,Synthetic User 0851,user0851@example.test,+91-90000-0851,Delhi,Synthetic profile 0851; record variant 1; seed 20260925.,421975
subject-0851-record-02,subject-0851,Synthetic User 0851,user0851@example.test,+91-90000-0851,Delhi,Synthetic profile 0851; record variant 2; seed 20260925.,240138
subject-0851-record-03,subject-0851,Synthetic User 0851,user0851@example.test,+91-90000-0851,Delhi,Synthetic profile 0851; record variant 3; seed 20260925.,272842
subject-0851-record-04,subject-0851,Synthetic User 0851,user0851@example.test,+91-90000-0851,Delhi,Synthetic profile 0851; record variant 4; seed 20260925.,275264
subject-0852-record-00,subject-0852,Synthetic User 0852,user0852@example.test,+91-90000-0852,Pune,Synthetic profile 0852; record variant 0; seed 20260925.,139564
subject-0852-record-01,subject-0852,Synthetic User 0852,user0852@example.test,+91-90000-0852,Pune,Synthetic profile 0852; record variant 1; seed 20260925.,693471
subject-0852-record-02,subject-0852,Synthetic User 0852,user0852@example.test,+91-90000-0852,Pune,Synthetic profile 0852; record variant 2; seed 20260925.,462132
subject-0852-record-03,subject-0852,Synthetic User 0852,user0852@example.test,+91-90000-0852,Pune,Synthetic profile 0852; record variant 3; seed 20260925.,544807
subject-0852-record-04,subject-0852,Synthetic User 0852,user0852@example.test,+91-90000-0852,Pune,Synthetic profile 0852; record variant 4; seed 20260925.,904259
subject-0853-record-00,subject-0853,Synthetic User 0853,user0853@example.test,+91-90000-0853,Bengaluru,Synthetic profile 0853; record variant 0; seed 20260925.,852048
subject-0853-record-01,subject-0853,Synthetic User 0853,user0853@example.test,+91-90000-0853,Bengaluru,Synthetic profile 0853; record variant 1; seed 20260925.,883767
subject-0853-record-02,subject-0853,Synthetic User 0853,user0853@example.test,+91-90000-0853,Bengaluru,Synthetic profile 0853; record variant 2; seed 20260925.,691000
subject-0853-record-03,subject-0853,Synthetic User 0853,user0853@example.test,+91-90000-0853,Bengaluru,Synthetic profile 0853; record variant 3; seed 20260925.,475051
subject-0853-record-04,subject-0853,Synthetic User 0853,user0853@example.test,+91-90000-0853,Bengaluru,Synthetic profile 0853; record variant 4; seed 20260925.,144180
subject-0854-record-00,subject-0854,Synthetic User 0854,user0854@example.test,+91-90000-0854,Jaipur,Synthetic profile 0854; record variant 0; seed 20260925.,848259
subject-0854-record-01,subject-0854,Synthetic User 0854,user0854@example.test,+91-90000-0854,Jaipur,Synthetic profile 0854; record variant 1; seed 20260925.,205014
subject-0854-record-02,subject-0854,Synthetic User 0854,user0854@example.test,+91-90000-0854,Jaipur,Synthetic profile 0854; record variant 2; seed 20260925.,763007
subject-0854-record-03,subject-0854,Synthetic User 0854,user0854@example.test,+91-90000-0854,Jaipur,Synthetic profile 0854; record variant 3; seed 20260925.,113467
subject-0854-record-04,subject-0854,Synthetic User 0854,user0854@example.test,+91-90000-0854,Jaipur,Synthetic profile 0854; record variant 4; seed 20260925.,182749
subject-0855-record-00,subject-0855,Synthetic User 0855,user0855@example.test,+91-90000-0855,Mohali,Synthetic profile 0855; record variant 0; seed 20260925.,323092
subject-0855-record-01,subject-0855,Synthetic User 0855,user0855@example.test,+91-90000-0855,Mohali,Synthetic profile 0855; record variant 1; seed 20260925.,887204
subject-0855-record-02,subject-0855,Synthetic User 0855,user0855@example.test,+91-90000-0855,Mohali,Synthetic profile 0855; record variant 2; seed 20260925.,237288
subject-0855-record-03,subject-0855,Synthetic User 0855,user0855@example.test,+91-90000-0855,Mohali,Synthetic profile 0855; record variant 3; seed 20260925.,920938
subject-0855-record-04,subject-0855,Synthetic User 0855,user0855@example.test,+91-90000-0855,Mohali,Synthetic profile 0855; record variant 4; seed 20260925.,792315
subject-0856-record-00,subject-0856,Synthetic User 0856,user0856@example.test,+91-90000-0856,Delhi,Synthetic profile 0856; record variant 0; seed 20260925.,949959
subject-0856-record-01,subject-0856,Synthetic User 0856,user0856@example.test,+91-90000-0856,Delhi,Synthetic profile 0856; record variant 1; seed 20260925.,670504
subject-0856-record-02,subject-0856,Synthetic User 0856,user0856@example.test,+91-90000-0856,Delhi,Synthetic profile 0856; record variant 2; seed 20260925.,121436
subject-0856-record-03,subject-0856,Synthetic User 0856,user0856@example.test,+91-90000-0856,Delhi,Synthetic profile 0856; record variant 3; seed 20260925.,880796
subject-0856-record-04,subject-0856,Synthetic User 0856,user0856@example.test,+91-90000-0856,Delhi,Synthetic profile 0856; record variant 4; seed 20260925.,530626
subject-0857-record-00,subject-0857,Synthetic User 0857,user0857@example.test,+91-90000-0857,Pune,Synthetic profile 0857; record variant 0; seed 20260925.,260280
subject-0857-record-01,subject-0857,Synthetic User 0857,user0857@example.test,+91-90000-0857,Pune,Synthetic profile 0857; record variant 1; seed 20260925.,199148
subject-0857-record-02,subject-0857,Synthetic User 0857,user0857@example.test,+91-90000-0857,Pune,Synthetic profile 0857; record variant 2; seed 20260925.,681992
subject-0857-record-03,subject-0857,Synthetic User 0857,user0857@example.test,+91-90000-0857,Pune,Synthetic profile 0857; record variant 3; seed 20260925.,193530
subject-0857-record-04,subject-0857,Synthetic User 0857,user0857@example.test,+91-90000-0857,Pune,Synthetic profile 0857; record variant 4; seed 20260925.,826918
subject-0858-record-00,subject-0858,Synthetic User 0858,user0858@example.test,+91-90000-0858,Bengaluru,Synthetic profile 0858; record variant 0; seed 20260925.,691676
subject-0858-record-01,subject-0858,Synthetic User 0858,user0858@example.test,+91-90000-0858,Bengaluru,Synthetic profile 0858; record variant 1; seed 20260925.,874250
subject-0858-record-02,subject-0858,Synthetic User 0858,user0858@example.test,+91-90000-0858,Bengaluru,Synthetic profile 0858; record variant 2; seed 20260925.,483970
subject-0858-record-03,subject-0858,Synthetic User 0858,user0858@example.test,+91-90000-0858,Bengaluru,Synthetic profile 0858; record variant 3; seed 20260925.,181601
subject-0858-record-04,subject-0858,Synthetic User 0858,user0858@example.test,+91-90000-0858,Bengaluru,Synthetic profile 0858; record variant 4; seed 20260925.,273338
subject-0859-record-00,subject-0859,Synthetic User 0859,user0859@example.test,+91-90000-0859,Jaipur,Synthetic profile 0859; record variant 0; seed 20260925.,482234
subject-0859-record-01,subject-0859,Synthetic User 0859,user0859@example.test,+91-90000-0859,Jaipur,Synthetic profile 0859; record variant 1; seed 20260925.,225982
subject-0859-record-02,subject-0859,Synthetic User 0859,user0859@example.test,+91-90000-0859,Jaipur,Synthetic profile 0859; record variant 2; seed 20260925.,662217
subject-0859-record-03,subject-0859,Synthetic User 0859,user0859@example.test,+91-90000-0859,Jaipur,Synthetic profile 0859; record variant 3; seed 20260925.,316010
subject-0859-record-04,subject-0859,Synthetic User 0859,user0859@example.test,+91-90000-0859,Jaipur,Synthetic profile 0859; record variant 4; seed 20260925.,591224
subject-0860-record-00,subject-0860,Synthetic User 0860,user0860@example.test,+91-90000-0860,Mohali,Synthetic profile 0860; record variant 0; seed 20260925.,633448
subject-0860-record-01,subject-0860,Synthetic User 0860,user0860@example.test,+91-90000-0860,Mohali,Synthetic profile 0860; record variant 1; seed 20260925.,906231
subject-0860-record-02,subject-0860,Synthetic User 0860,user0860@example.test,+91-90000-0860,Mohali,Synthetic profile 0860; record variant 2; seed 20260925.,215760
subject-0860-record-03,subject-0860,Synthetic User 0860,user0860@example.test,+91-90000-0860,Mohali,Synthetic profile 0860; record variant 3; seed 20260925.,585055
subject-0860-record-04,subject-0860,Synthetic User 0860,user0860@example.test,+91-90000-0860,Mohali,Synthetic profile 0860; record variant 4; seed 20260925.,351836
subject-0861-record-00,subject-0861,Synthetic User 0861,user0861@example.test,+91-90000-0861,Delhi,Synthetic profile 0861; record variant 0; seed 20260925.,928288
subject-0861-record-01,subject-0861,Synthetic User 0861,user0861@example.test,+91-90000-0861,Delhi,Synthetic profile 0861; record variant 1; seed 20260925.,492748
subject-0861-record-02,subject-0861,Synthetic User 0861,user0861@example.test,+91-90000-0861,Delhi,Synthetic profile 0861; record variant 2; seed 20260925.,784195
subject-0861-record-03,subject-0861,Synthetic User 0861,user0861@example.test,+91-90000-0861,Delhi,Synthetic profile 0861; record variant 3; seed 20260925.,532230
subject-0861-record-04,subject-0861,Synthetic User 0861,user0861@example.test,+91-90000-0861,Delhi,Synthetic profile 0861; record variant 4; seed 20260925.,550162
subject-0862-record-00,subject-0862,Synthetic User 0862,user0862@example.test,+91-90000-0862,Pune,Synthetic profile 0862; record variant 0; seed 20260925.,208179
subject-0862-record-01,subject-0862,Synthetic User 0862,user0862@example.test,+91-90000-0862,Pune,Synthetic profile 0862; record variant 1; seed 20260925.,652473
subject-0862-record-02,subject-0862,Synthetic User 0862,user0862@example.test,+91-90000-0862,Pune,Synthetic profile 0862; record variant 2; seed 20260925.,817483
subject-0862-record-03,subject-0862,Synthetic User 0862,user0862@example.test,+91-90000-0862,Pune,Synthetic profile 0862; record variant 3; seed 20260925.,649554
subject-0862-record-04,subject-0862,Synthetic User 0862,user0862@example.test,+91-90000-0862,Pune,Synthetic profile 0862; record variant 4; seed 20260925.,370603
subject-0863-record-00,subject-0863,Synthetic User 0863,user0863@example.test,+91-90000-0863,Bengaluru,Synthetic profile 0863; record variant 0; seed 20260925.,161707
subject-0863-record-01,subject-0863,Synthetic User 0863,user0863@example.test,+91-90000-0863,Bengaluru,Synthetic profile 0863; record variant 1; seed 20260925.,884007
subject-0863-record-02,subject-0863,Synthetic User 0863,user0863@example.test,+91-90000-0863,Bengaluru,Synthetic profile 0863; record variant 2; seed 20260925.,500038
subject-0863-record-03,subject-0863,Synthetic User 0863,user0863@example.test,+91-90000-0863,Bengaluru,Synthetic profile 0863; record variant 3; seed 20260925.,997062
subject-0863-record-04,subject-0863,Synthetic User 0863,user0863@example.test,+91-90000-0863,Bengaluru,Synthetic profile 0863; record variant 4; seed 20260925.,501267
subject-0864-record-00,subject-0864,Synthetic User 0864,user0864@example.test,+91-90000-0864,Jaipur,Synthetic profile 0864; record variant 0; seed 20260925.,791174
subject-0864-record-01,subject-0864,Synthetic User 0864,user0864@example.test,+91-90000-0864,Jaipur,Synthetic profile 0864; record variant 1; seed 20260925.,282236
subject-0864-record-02,subject-0864,Synthetic User 0864,user0864@example.test,+91-90000-0864,Jaipur,Synthetic profile 0864; record variant 2; seed 20260925.,671880
subject-0864-record-03,subject-0864,Synthetic User 0864,user0864@example.test,+91-90000-0864,Jaipur,Synthetic profile 0864; record variant 3; seed 20260925.,905231
subject-0864-record-04,subject-0864,Synthetic User 0864,user0864@example.test,+91-90000-0864,Jaipur,Synthetic profile 0864; record variant 4; seed 20260925.,714813
subject-0865-record-00,subject-0865,Synthetic User 0865,user0865@example.test,+91-90000-0865,Mohali,Synthetic profile 0865; record variant 0; seed 20260925.,452655
subject-0865-record-01,subject-0865,Synthetic User 0865,user0865@example.test,+91-90000-0865,Mohali,Synthetic profile 0865; record variant 1; seed 20260925.,388687
subject-0865-record-02,subject-0865,Synthetic User 0865,user0865@example.test,+91-90000-0865,Mohali,Synthetic profile 0865; record variant 2; seed 20260925.,541120
subject-0865-record-03,subject-0865,Synthetic User 0865,user0865@example.test,+91-90000-0865,Mohali,Synthetic profile 0865; record variant 3; seed 20260925.,601222
subject-0865-record-04,subject-0865,Synthetic User 0865,user0865@example.test,+91-90000-0865,Mohali,Synthetic profile 0865; record variant 4; seed 20260925.,830478
subject-0866-record-00,subject-0866,Synthetic User 0866,user0866@example.test,+91-90000-0866,Delhi,Synthetic profile 0866; record variant 0; seed 20260925.,988773
subject-0866-record-01,subject-0866,Synthetic User 0866,user0866@example.test,+91-90000-0866,Delhi,Synthetic profile 0866; record variant 1; seed 20260925.,538464
subject-0866-record-02,subject-0866,Synthetic User 0866,user0866@example.test,+91-90000-0866,Delhi,Synthetic profile 0866; record variant 2; seed 20260925.,506855
subject-0866-record-03,subject-0866,Synthetic User 0866,user0866@example.test,+91-90000-0866,Delhi,Synthetic profile 0866; record variant 3; seed 20260925.,983874
subject-0866-record-04,subject-0866,Synthetic User 0866,user0866@example.test,+91-90000-0866,Delhi,Synthetic profile 0866; record variant 4; seed 20260925.,397820
subject-0867-record-00,subject-0867,Synthetic User 0867,user0867@example.test,+91-90000-0867,Pune,Synthetic profile 0867; record variant 0; seed 20260925.,952971
subject-0867-record-01,subject-0867,Synthetic User 0867,user0867@example.test,+91-90000-0867,Pune,Synthetic profile 0867; record variant 1; seed 20260925.,822662
subject-0867-record-02,subject-0867,Synthetic User 0867,user0867@example.test,+91-90000-0867,Pune,Synthetic profile 0867; record variant 2; seed 20260925.,443452
subject-0867-record-03,subject-0867,Synthetic User 0867,user0867@example.test,+91-90000-0867,Pune,Synthetic profile 0867; record variant 3; seed 20260925.,272908
subject-0867-record-04,subject-0867,Synthetic User 0867,user0867@example.test,+91-90000-0867,Pune,Synthetic profile 0867; record variant 4; seed 20260925.,288764
subject-0868-record-00,subject-0868,Synthetic User 0868,user0868@example.test,+91-90000-0868,Bengaluru,Synthetic profile 0868; record variant 0; seed 20260925.,324099
subject-0868-record-01,subject-0868,Synthetic User 0868,user0868@example.test,+91-90000-0868,Bengaluru,Synthetic profile 0868; record variant 1; seed 20260925.,237343
subject-0868-record-02,subject-0868,Synthetic User 0868,user0868@example.test,+91-90000-0868,Bengaluru,Synthetic profile 0868; record variant 2; seed 20260925.,871865
subject-0868-record-03,subject-0868,Synthetic User 0868,user0868@example.test,+91-90000-0868,Bengaluru,Synthetic profile 0868; record variant 3; seed 20260925.,702665
subject-0868-record-04,subject-0868,Synthetic User 0868,user0868@example.test,+91-90000-0868,Bengaluru,Synthetic profile 0868; record variant 4; seed 20260925.,311761
subject-0869-record-00,subject-0869,Synthetic User 0869,user0869@example.test,+91-90000-0869,Jaipur,Synthetic profile 0869; record variant 0; seed 20260925.,956917
subject-0869-record-01,subject-0869,Synthetic User 0869,user0869@example.test,+91-90000-0869,Jaipur,Synthetic profile 0869; record variant 1; seed 20260925.,240281
subject-0869-record-02,subject-0869,Synthetic User 0869,user0869@example.test,+91-90000-0869,Jaipur,Synthetic profile 0869; record variant 2; seed 20260925.,335579
subject-0869-record-03,subject-0869,Synthetic User 0869,user0869@example.test,+91-90000-0869,Jaipur,Synthetic profile 0869; record variant 3; seed 20260925.,437808
subject-0869-record-04,subject-0869,Synthetic User 0869,user0869@example.test,+91-90000-0869,Jaipur,Synthetic profile 0869; record variant 4; seed 20260925.,427712
subject-0870-record-00,subject-0870,Synthetic User 0870,user0870@example.test,+91-90000-0870,Mohali,Synthetic profile 0870; record variant 0; seed 20260925.,454032
subject-0870-record-01,subject-0870,Synthetic User 0870,user0870@example.test,+91-90000-0870,Mohali,Synthetic profile 0870; record variant 1; seed 20260925.,126999
subject-0870-record-02,subject-0870,Synthetic User 0870,user0870@example.test,+91-90000-0870,Mohali,Synthetic profile 0870; record variant 2; seed 20260925.,462602
subject-0870-record-03,subject-0870,Synthetic User 0870,user0870@example.test,+91-90000-0870,Mohali,Synthetic profile 0870; record variant 3; seed 20260925.,793859
subject-0870-record-04,subject-0870,Synthetic User 0870,user0870@example.test,+91-90000-0870,Mohali,Synthetic profile 0870; record variant 4; seed 20260925.,266795
subject-0871-record-00,subject-0871,Synthetic User 0871,user0871@example.test,+91-90000-0871,Delhi,Synthetic profile 0871; record variant 0; seed 20260925.,593940
subject-0871-record-01,subject-0871,Synthetic User 0871,user0871@example.test,+91-90000-0871,Delhi,Synthetic profile 0871; record variant 1; seed 20260925.,445515
subject-0871-record-02,subject-0871,Synthetic User 0871,user0871@example.test,+91-90000-0871,Delhi,Synthetic profile 0871; record variant 2; seed 20260925.,241518
subject-0871-record-03,subject-0871,Synthetic User 0871,user0871@example.test,+91-90000-0871,Delhi,Synthetic profile 0871; record variant 3; seed 20260925.,710385
subject-0871-record-04,subject-0871,Synthetic User 0871,user0871@example.test,+91-90000-0871,Delhi,Synthetic profile 0871; record variant 4; seed 20260925.,311343
subject-0872-record-00,subject-0872,Synthetic User 0872,user0872@example.test,+91-90000-0872,Pune,Synthetic profile 0872; record variant 0; seed 20260925.,245763
subject-0872-record-01,subject-0872,Synthetic User 0872,user0872@example.test,+91-90000-0872,Pune,Synthetic profile 0872; record variant 1; seed 20260925.,205664
subject-0872-record-02,subject-0872,Synthetic User 0872,user0872@example.test,+91-90000-0872,Pune,Synthetic profile 0872; record variant 2; seed 20260925.,552600
subject-0872-record-03,subject-0872,Synthetic User 0872,user0872@example.test,+91-90000-0872,Pune,Synthetic profile 0872; record variant 3; seed 20260925.,985860
subject-0872-record-04,subject-0872,Synthetic User 0872,user0872@example.test,+91-90000-0872,Pune,Synthetic profile 0872; record variant 4; seed 20260925.,675370
subject-0873-record-00,subject-0873,Synthetic User 0873,user0873@example.test,+91-90000-0873,Bengaluru,Synthetic profile 0873; record variant 0; seed 20260925.,449223
subject-0873-record-01,subject-0873,Synthetic User 0873,user0873@example.test,+91-90000-0873,Bengaluru,Synthetic profile 0873; record variant 1; seed 20260925.,777556
subject-0873-record-02,subject-0873,Synthetic User 0873,user0873@example.test,+91-90000-0873,Bengaluru,Synthetic profile 0873; record variant 2; seed 20260925.,470800
subject-0873-record-03,subject-0873,Synthetic User 0873,user0873@example.test,+91-90000-0873,Bengaluru,Synthetic profile 0873; record variant 3; seed 20260925.,443032
subject-0873-record-04,subject-0873,Synthetic User 0873,user0873@example.test,+91-90000-0873,Bengaluru,Synthetic profile 0873; record variant 4; seed 20260925.,256303
subject-0874-record-00,subject-0874,Synthetic User 0874,user0874@example.test,+91-90000-0874,Jaipur,Synthetic profile 0874; record variant 0; seed 20260925.,310462
subject-0874-record-01,subject-0874,Synthetic User 0874,user0874@example.test,+91-90000-0874,Jaipur,Synthetic profile 0874; record variant 1; seed 20260925.,257231
subject-0874-record-02,subject-0874,Synthetic User 0874,user0874@example.test,+91-90000-0874,Jaipur,Synthetic profile 0874; record variant 2; seed 20260925.,526881
subject-0874-record-03,subject-0874,Synthetic User 0874,user0874@example.test,+91-90000-0874,Jaipur,Synthetic profile 0874; record variant 3; seed 20260925.,432698
subject-0874-record-04,subject-0874,Synthetic User 0874,user0874@example.test,+91-90000-0874,Jaipur,Synthetic profile 0874; record variant 4; seed 20260925.,669878
subject-0875-record-00,subject-0875,Synthetic User 0875,user0875@example.test,+91-90000-0875,Mohali,Synthetic profile 0875; record variant 0; seed 20260925.,865314
subject-0875-record-01,subject-0875,Synthetic User 0875,user0875@example.test,+91-90000-0875,Mohali,Synthetic profile 0875; record variant 1; seed 20260925.,462363
subject-0875-record-02,subject-0875,Synthetic User 0875,user0875@example.test,+91-90000-0875,Mohali,Synthetic profile 0875; record variant 2; seed 20260925.,905874
subject-0875-record-03,subject-0875,Synthetic User 0875,user0875@example.test,+91-90000-0875,Mohali,Synthetic profile 0875; record variant 3; seed 20260925.,803397
subject-0875-record-04,subject-0875,Synthetic User 0875,user0875@example.test,+91-90000-0875,Mohali,Synthetic profile 0875; record variant 4; seed 20260925.,186391
subject-0876-record-00,subject-0876,Synthetic User 0876,user0876@example.test,+91-90000-0876,Delhi,Synthetic profile 0876; record variant 0; seed 20260925.,192319
subject-0876-record-01,subject-0876,Synthetic User 0876,user0876@example.test,+91-90000-0876,Delhi,Synthetic profile 0876; record variant 1; seed 20260925.,500937
subject-0876-record-02,subject-0876,Synthetic User 0876,user0876@example.test,+91-90000-0876,Delhi,Synthetic profile 0876; record variant 2; seed 20260925.,690819
subject-0876-record-03,subject-0876,Synthetic User 0876,user0876@example.test,+91-90000-0876,Delhi,Synthetic profile 0876; record variant 3; seed 20260925.,335535
subject-0876-record-04,subject-0876,Synthetic User 0876,user0876@example.test,+91-90000-0876,Delhi,Synthetic profile 0876; record variant 4; seed 20260925.,759867
subject-0877-record-00,subject-0877,Synthetic User 0877,user0877@example.test,+91-90000-0877,Pune,Synthetic profile 0877; record variant 0; seed 20260925.,286395
subject-0877-record-01,subject-0877,Synthetic User 0877,user0877@example.test,+91-90000-0877,Pune,Synthetic profile 0877; record variant 1; seed 20260925.,357809
subject-0877-record-02,subject-0877,Synthetic User 0877,user0877@example.test,+91-90000-0877,Pune,Synthetic profile 0877; record variant 2; seed 20260925.,976201
subject-0877-record-03,subject-0877,Synthetic User 0877,user0877@example.test,+91-90000-0877,Pune,Synthetic profile 0877; record variant 3; seed 20260925.,300883
subject-0877-record-04,subject-0877,Synthetic User 0877,user0877@example.test,+91-90000-0877,Pune,Synthetic profile 0877; record variant 4; seed 20260925.,271874
subject-0878-record-00,subject-0878,Synthetic User 0878,user0878@example.test,+91-90000-0878,Bengaluru,Synthetic profile 0878; record variant 0; seed 20260925.,861121
subject-0878-record-01,subject-0878,Synthetic User 0878,user0878@example.test,+91-90000-0878,Bengaluru,Synthetic profile 0878; record variant 1; seed 20260925.,859897
subject-0878-record-02,subject-0878,Synthetic User 0878,user0878@example.test,+91-90000-0878,Bengaluru,Synthetic profile 0878; record variant 2; seed 20260925.,416994
subject-0878-record-03,subject-0878,Synthetic User 0878,user0878@example.test,+91-90000-0878,Bengaluru,Synthetic profile 0878; record variant 3; seed 20260925.,263875
subject-0878-record-04,subject-0878,Synthetic User 0878,user0878@example.test,+91-90000-0878,Bengaluru,Synthetic profile 0878; record variant 4; seed 20260925.,107113
subject-0879-record-00,subject-0879,Synthetic User 0879,user0879@example.test,+91-90000-0879,Jaipur,Synthetic profile 0879; record variant 0; seed 20260925.,629073
subject-0879-record-01,subject-0879,Synthetic User 0879,user0879@example.test,+91-90000-0879,Jaipur,Synthetic profile 0879; record variant 1; seed 20260925.,284870
subject-0879-record-02,subject-0879,Synthetic User 0879,user0879@example.test,+91-90000-0879,Jaipur,Synthetic profile 0879; record variant 2; seed 20260925.,518747
subject-0879-record-03,subject-0879,Synthetic User 0879,user0879@example.test,+91-90000-0879,Jaipur,Synthetic profile 0879; record variant 3; seed 20260925.,519713
subject-0879-record-04,subject-0879,Synthetic User 0879,user0879@example.test,+91-90000-0879,Jaipur,Synthetic profile 0879; record variant 4; seed 20260925.,718077
subject-0880-record-00,subject-0880,Synthetic User 0880,user0880@example.test,+91-90000-0880,Mohali,Synthetic profile 0880; record variant 0; seed 20260925.,115684
subject-0880-record-01,subject-0880,Synthetic User 0880,user0880@example.test,+91-90000-0880,Mohali,Synthetic profile 0880; record variant 1; seed 20260925.,785867
subject-0880-record-02,subject-0880,Synthetic User 0880,user0880@example.test,+91-90000-0880,Mohali,Synthetic profile 0880; record variant 2; seed 20260925.,792370
subject-0880-record-03,subject-0880,Synthetic User 0880,user0880@example.test,+91-90000-0880,Mohali,Synthetic profile 0880; record variant 3; seed 20260925.,724261
subject-0880-record-04,subject-0880,Synthetic User 0880,user0880@example.test,+91-90000-0880,Mohali,Synthetic profile 0880; record variant 4; seed 20260925.,631875
subject-0881-record-00,subject-0881,Synthetic User 0881,user0881@example.test,+91-90000-0881,Delhi,Synthetic profile 0881; record variant 0; seed 20260925.,429682
subject-0881-record-01,subject-0881,Synthetic User 0881,user0881@example.test,+91-90000-0881,Delhi,Synthetic profile 0881; record variant 1; seed 20260925.,818960
subject-0881-record-02,subject-0881,Synthetic User 0881,user0881@example.test,+91-90000-0881,Delhi,Synthetic profile 0881; record variant 2; seed 20260925.,159138
subject-0881-record-03,subject-0881,Synthetic User 0881,user0881@example.test,+91-90000-0881,Delhi,Synthetic profile 0881; record variant 3; seed 20260925.,688531
subject-0881-record-04,subject-0881,Synthetic User 0881,user0881@example.test,+91-90000-0881,Delhi,Synthetic profile 0881; record variant 4; seed 20260925.,870080
subject-0882-record-00,subject-0882,Synthetic User 0882,user0882@example.test,+91-90000-0882,Pune,Synthetic profile 0882; record variant 0; seed 20260925.,829294
subject-0882-record-01,subject-0882,Synthetic User 0882,user0882@example.test,+91-90000-0882,Pune,Synthetic profile 0882; record variant 1; seed 20260925.,522634
subject-0882-record-02,subject-0882,Synthetic User 0882,user0882@example.test,+91-90000-0882,Pune,Synthetic profile 0882; record variant 2; seed 20260925.,825501
subject-0882-record-03,subject-0882,Synthetic User 0882,user0882@example.test,+91-90000-0882,Pune,Synthetic profile 0882; record variant 3; seed 20260925.,949139
subject-0882-record-04,subject-0882,Synthetic User 0882,user0882@example.test,+91-90000-0882,Pune,Synthetic profile 0882; record variant 4; seed 20260925.,732547
subject-0883-record-00,subject-0883,Synthetic User 0883,user0883@example.test,+91-90000-0883,Bengaluru,Synthetic profile 0883; record variant 0; seed 20260925.,622089
subject-0883-record-01,subject-0883,Synthetic User 0883,user0883@example.test,+91-90000-0883,Bengaluru,Synthetic profile 0883; record variant 1; seed 20260925.,724674
subject-0883-record-02,subject-0883,Synthetic User 0883,user0883@example.test,+91-90000-0883,Bengaluru,Synthetic profile 0883; record variant 2; seed 20260925.,764450
subject-0883-record-03,subject-0883,Synthetic User 0883,user0883@example.test,+91-90000-0883,Bengaluru,Synthetic profile 0883; record variant 3; seed 20260925.,825941
subject-0883-record-04,subject-0883,Synthetic User 0883,user0883@example.test,+91-90000-0883,Bengaluru,Synthetic profile 0883; record variant 4; seed 20260925.,655699
subject-0884-record-00,subject-0884,Synthetic User 0884,user0884@example.test,+91-90000-0884,Jaipur,Synthetic profile 0884; record variant 0; seed 20260925.,104414
subject-0884-record-01,subject-0884,Synthetic User 0884,user0884@example.test,+91-90000-0884,Jaipur,Synthetic profile 0884; record variant 1; seed 20260925.,640271
subject-0884-record-02,subject-0884,Synthetic User 0884,user0884@example.test,+91-90000-0884,Jaipur,Synthetic profile 0884; record variant 2; seed 20260925.,852918
subject-0884-record-03,subject-0884,Synthetic User 0884,user0884@example.test,+91-90000-0884,Jaipur,Synthetic profile 0884; record variant 3; seed 20260925.,851022
subject-0884-record-04,subject-0884,Synthetic User 0884,user0884@example.test,+91-90000-0884,Jaipur,Synthetic profile 0884; record variant 4; seed 20260925.,811083
subject-0885-record-00,subject-0885,Synthetic User 0885,user0885@example.test,+91-90000-0885,Mohali,Synthetic profile 0885; record variant 0; seed 20260925.,722529
subject-0885-record-01,subject-0885,Synthetic User 0885,user0885@example.test,+91-90000-0885,Mohali,Synthetic profile 0885; record variant 1; seed 20260925.,894719
subject-0885-record-02,subject-0885,Synthetic User 0885,user0885@example.test,+91-90000-0885,Mohali,Synthetic profile 0885; record variant 2; seed 20260925.,847621
subject-0885-record-03,subject-0885,Synthetic User 0885,user0885@example.test,+91-90000-0885,Mohali,Synthetic profile 0885; record variant 3; seed 20260925.,943084
subject-0885-record-04,subject-0885,Synthetic User 0885,user0885@example.test,+91-90000-0885,Mohali,Synthetic profile 0885; record variant 4; seed 20260925.,457265
subject-0886-record-00,subject-0886,Synthetic User 0886,user0886@example.test,+91-90000-0886,Delhi,Synthetic profile 0886; record variant 0; seed 20260925.,321395
subject-0886-record-01,subject-0886,Synthetic User 0886,user0886@example.test,+91-90000-0886,Delhi,Synthetic profile 0886; record variant 1; seed 20260925.,135143
subject-0886-record-02,subject-0886,Synthetic User 0886,user0886@example.test,+91-90000-0886,Delhi,Synthetic profile 0886; record variant 2; seed 20260925.,681176
subject-0886-record-03,subject-0886,Synthetic User 0886,user0886@example.test,+91-90000-0886,Delhi,Synthetic profile 0886; record variant 3; seed 20260925.,324989
subject-0886-record-04,subject-0886,Synthetic User 0886,user0886@example.test,+91-90000-0886,Delhi,Synthetic profile 0886; record variant 4; seed 20260925.,359427
subject-0887-record-00,subject-0887,Synthetic User 0887,user0887@example.test,+91-90000-0887,Pune,Synthetic profile 0887; record variant 0; seed 20260925.,562809
subject-0887-record-01,subject-0887,Synthetic User 0887,user0887@example.test,+91-90000-0887,Pune,Synthetic profile 0887; record variant 1; seed 20260925.,181044
subject-0887-record-02,subject-0887,Synthetic User 0887,user0887@example.test,+91-90000-0887,Pune,Synthetic profile 0887; record variant 2; seed 20260925.,716457
subject-0887-record-03,subject-0887,Synthetic User 0887,user0887@example.test,+91-90000-0887,Pune,Synthetic profile 0887; record variant 3; seed 20260925.,294706
subject-0887-record-04,subject-0887,Synthetic User 0887,user0887@example.test,+91-90000-0887,Pune,Synthetic profile 0887; record variant 4; seed 20260925.,704293
subject-0888-record-00,subject-0888,Synthetic User 0888,user0888@example.test,+91-90000-0888,Bengaluru,Synthetic profile 0888; record variant 0; seed 20260925.,827027
subject-0888-record-01,subject-0888,Synthetic User 0888,user0888@example.test,+91-90000-0888,Bengaluru,Synthetic profile 0888; record variant 1; seed 20260925.,824544
subject-0888-record-02,subject-0888,Synthetic User 0888,user0888@example.test,+91-90000-0888,Bengaluru,Synthetic profile 0888; record variant 2; seed 20260925.,171846
subject-0888-record-03,subject-0888,Synthetic User 0888,user0888@example.test,+91-90000-0888,Bengaluru,Synthetic profile 0888; record variant 3; seed 20260925.,641498
subject-0888-record-04,subject-0888,Synthetic User 0888,user0888@example.test,+91-90000-0888,Bengaluru,Synthetic profile 0888; record variant 4; seed 20260925.,569502
subject-0889-record-00,subject-0889,Synthetic User 0889,user0889@example.test,+91-90000-0889,Jaipur,Synthetic profile 0889; record variant 0; seed 20260925.,755917
subject-0889-record-01,subject-0889,Synthetic User 0889,user0889@example.test,+91-90000-0889,Jaipur,Synthetic profile 0889; record variant 1; seed 20260925.,802653
subject-0889-record-02,subject-0889,Synthetic User 0889,user0889@example.test,+91-90000-0889,Jaipur,Synthetic profile 0889; record variant 2; seed 20260925.,903070
subject-0889-record-03,subject-0889,Synthetic User 0889,user0889@example.test,+91-90000-0889,Jaipur,Synthetic profile 0889; record variant 3; seed 20260925.,925710
subject-0889-record-04,subject-0889,Synthetic User 0889,user0889@example.test,+91-90000-0889,Jaipur,Synthetic profile 0889; record variant 4; seed 20260925.,767120
subject-0890-record-00,subject-0890,Synthetic User 0890,user0890@example.test,+91-90000-0890,Mohali,Synthetic profile 0890; record variant 0; seed 20260925.,792253
subject-0890-record-01,subject-0890,Synthetic User 0890,user0890@example.test,+91-90000-0890,Mohali,Synthetic profile 0890; record variant 1; seed 20260925.,690083
subject-0890-record-02,subject-0890,Synthetic User 0890,user0890@example.test,+91-90000-0890,Mohali,Synthetic profile 0890; record variant 2; seed 20260925.,411124
subject-0890-record-03,subject-0890,Synthetic User 0890,user0890@example.test,+91-90000-0890,Mohali,Synthetic profile 0890; record variant 3; seed 20260925.,115255
subject-0890-record-04,subject-0890,Synthetic User 0890,user0890@example.test,+91-90000-0890,Mohali,Synthetic profile 0890; record variant 4; seed 20260925.,231665
subject-0891-record-00,subject-0891,Synthetic User 0891,user0891@example.test,+91-90000-0891,Delhi,Synthetic profile 0891; record variant 0; seed 20260925.,539311
subject-0891-record-01,subject-0891,Synthetic User 0891,user0891@example.test,+91-90000-0891,Delhi,Synthetic profile 0891; record variant 1; seed 20260925.,736896
subject-0891-record-02,subject-0891,Synthetic User 0891,user0891@example.test,+91-90000-0891,Delhi,Synthetic profile 0891; record variant 2; seed 20260925.,928414
subject-0891-record-03,subject-0891,Synthetic User 0891,user0891@example.test,+91-90000-0891,Delhi,Synthetic profile 0891; record variant 3; seed 20260925.,774485
subject-0891-record-04,subject-0891,Synthetic User 0891,user0891@example.test,+91-90000-0891,Delhi,Synthetic profile 0891; record variant 4; seed 20260925.,722409
subject-0892-record-00,subject-0892,Synthetic User 0892,user0892@example.test,+91-90000-0892,Pune,Synthetic profile 0892; record variant 0; seed 20260925.,879278
subject-0892-record-01,subject-0892,Synthetic User 0892,user0892@example.test,+91-90000-0892,Pune,Synthetic profile 0892; record variant 1; seed 20260925.,522882
subject-0892-record-02,subject-0892,Synthetic User 0892,user0892@example.test,+91-90000-0892,Pune,Synthetic profile 0892; record variant 2; seed 20260925.,397709
subject-0892-record-03,subject-0892,Synthetic User 0892,user0892@example.test,+91-90000-0892,Pune,Synthetic profile 0892; record variant 3; seed 20260925.,487907
subject-0892-record-04,subject-0892,Synthetic User 0892,user0892@example.test,+91-90000-0892,Pune,Synthetic profile 0892; record variant 4; seed 20260925.,368276
subject-0893-record-00,subject-0893,Synthetic User 0893,user0893@example.test,+91-90000-0893,Bengaluru,Synthetic profile 0893; record variant 0; seed 20260925.,784927
subject-0893-record-01,subject-0893,Synthetic User 0893,user0893@example.test,+91-90000-0893,Bengaluru,Synthetic profile 0893; record variant 1; seed 20260925.,667527
subject-0893-record-02,subject-0893,Synthetic User 0893,user0893@example.test,+91-90000-0893,Bengaluru,Synthetic profile 0893; record variant 2; seed 20260925.,828695
subject-0893-record-03,subject-0893,Synthetic User 0893,user0893@example.test,+91-90000-0893,Bengaluru,Synthetic profile 0893; record variant 3; seed 20260925.,931791
subject-0893-record-04,subject-0893,Synthetic User 0893,user0893@example.test,+91-90000-0893,Bengaluru,Synthetic profile 0893; record variant 4; seed 20260925.,444459
subject-0894-record-00,subject-0894,Synthetic User 0894,user0894@example.test,+91-90000-0894,Jaipur,Synthetic profile 0894; record variant 0; seed 20260925.,422305
subject-0894-record-01,subject-0894,Synthetic User 0894,user0894@example.test,+91-90000-0894,Jaipur,Synthetic profile 0894; record variant 1; seed 20260925.,999151
subject-0894-record-02,subject-0894,Synthetic User 0894,user0894@example.test,+91-90000-0894,Jaipur,Synthetic profile 0894; record variant 2; seed 20260925.,529855
subject-0894-record-03,subject-0894,Synthetic User 0894,user0894@example.test,+91-90000-0894,Jaipur,Synthetic profile 0894; record variant 3; seed 20260925.,428663
subject-0894-record-04,subject-0894,Synthetic User 0894,user0894@example.test,+91-90000-0894,Jaipur,Synthetic profile 0894; record variant 4; seed 20260925.,968017
subject-0895-record-00,subject-0895,Synthetic User 0895,user0895@example.test,+91-90000-0895,Mohali,Synthetic profile 0895; record variant 0; seed 20260925.,175895
subject-0895-record-01,subject-0895,Synthetic User 0895,user0895@example.test,+91-90000-0895,Mohali,Synthetic profile 0895; record variant 1; seed 20260925.,556297
subject-0895-record-02,subject-0895,Synthetic User 0895,user0895@example.test,+91-90000-0895,Mohali,Synthetic profile 0895; record variant 2; seed 20260925.,288526
subject-0895-record-03,subject-0895,Synthetic User 0895,user0895@example.test,+91-90000-0895,Mohali,Synthetic profile 0895; record variant 3; seed 20260925.,153832
subject-0895-record-04,subject-0895,Synthetic User 0895,user0895@example.test,+91-90000-0895,Mohali,Synthetic profile 0895; record variant 4; seed 20260925.,320274
subject-0896-record-00,subject-0896,Synthetic User 0896,user0896@example.test,+91-90000-0896,Delhi,Synthetic profile 0896; record variant 0; seed 20260925.,798975
subject-0896-record-01,subject-0896,Synthetic User 0896,user0896@example.test,+91-90000-0896,Delhi,Synthetic profile 0896; record variant 1; seed 20260925.,658825
subject-0896-record-02,subject-0896,Synthetic User 0896,user0896@example.test,+91-90000-0896,Delhi,Synthetic profile 0896; record variant 2; seed 20260925.,898335
subject-0896-record-03,subject-0896,Synthetic User 0896,user0896@example.test,+91-90000-0896,Delhi,Synthetic profile 0896; record variant 3; seed 20260925.,730388
subject-0896-record-04,subject-0896,Synthetic User 0896,user0896@example.test,+91-90000-0896,Delhi,Synthetic profile 0896; record variant 4; seed 20260925.,875581
subject-0897-record-00,subject-0897,Synthetic User 0897,user0897@example.test,+91-90000-0897,Pune,Synthetic profile 0897; record variant 0; seed 20260925.,128393
subject-0897-record-01,subject-0897,Synthetic User 0897,user0897@example.test,+91-90000-0897,Pune,Synthetic profile 0897; record variant 1; seed 20260925.,856934
subject-0897-record-02,subject-0897,Synthetic User 0897,user0897@example.test,+91-90000-0897,Pune,Synthetic profile 0897; record variant 2; seed 20260925.,551300
subject-0897-record-03,subject-0897,Synthetic User 0897,user0897@example.test,+91-90000-0897,Pune,Synthetic profile 0897; record variant 3; seed 20260925.,588712
subject-0897-record-04,subject-0897,Synthetic User 0897,user0897@example.test,+91-90000-0897,Pune,Synthetic profile 0897; record variant 4; seed 20260925.,326983
subject-0898-record-00,subject-0898,Synthetic User 0898,user0898@example.test,+91-90000-0898,Bengaluru,Synthetic profile 0898; record variant 0; seed 20260925.,567663
subject-0898-record-01,subject-0898,Synthetic User 0898,user0898@example.test,+91-90000-0898,Bengaluru,Synthetic profile 0898; record variant 1; seed 20260925.,501781
subject-0898-record-02,subject-0898,Synthetic User 0898,user0898@example.test,+91-90000-0898,Bengaluru,Synthetic profile 0898; record variant 2; seed 20260925.,448124
subject-0898-record-03,subject-0898,Synthetic User 0898,user0898@example.test,+91-90000-0898,Bengaluru,Synthetic profile 0898; record variant 3; seed 20260925.,744382
subject-0898-record-04,subject-0898,Synthetic User 0898,user0898@example.test,+91-90000-0898,Bengaluru,Synthetic profile 0898; record variant 4; seed 20260925.,469813
subject-0899-record-00,subject-0899,Synthetic User 0899,user0899@example.test,+91-90000-0899,Jaipur,Synthetic profile 0899; record variant 0; seed 20260925.,907199
subject-0899-record-01,subject-0899,Synthetic User 0899,user0899@example.test,+91-90000-0899,Jaipur,Synthetic profile 0899; record variant 1; seed 20260925.,363775
subject-0899-record-02,subject-0899,Synthetic User 0899,user0899@example.test,+91-90000-0899,Jaipur,Synthetic profile 0899; record variant 2; seed 20260925.,347227
subject-0899-record-03,subject-0899,Synthetic User 0899,user0899@example.test,+91-90000-0899,Jaipur,Synthetic profile 0899; record variant 3; seed 20260925.,830142
subject-0899-record-04,subject-0899,Synthetic User 0899,user0899@example.test,+91-90000-0899,Jaipur,Synthetic profile 0899; record variant 4; seed 20260925.,365597
subject-0900-record-00,subject-0900,Synthetic User 0900,user0900@example.test,+91-90000-0900,Mohali,Synthetic profile 0900; record variant 0; seed 20260925.,956686
subject-0900-record-01,subject-0900,Synthetic User 0900,user0900@example.test,+91-90000-0900,Mohali,Synthetic profile 0900; record variant 1; seed 20260925.,519178
subject-0900-record-02,subject-0900,Synthetic User 0900,user0900@example.test,+91-90000-0900,Mohali,Synthetic profile 0900; record variant 2; seed 20260925.,645779
subject-0900-record-03,subject-0900,Synthetic User 0900,user0900@example.test,+91-90000-0900,Mohali,Synthetic profile 0900; record variant 3; seed 20260925.,478375
subject-0900-record-04,subject-0900,Synthetic User 0900,user0900@example.test,+91-90000-0900,Mohali,Synthetic profile 0900; record variant 4; seed 20260925.,576512
subject-0901-record-00,subject-0901,Synthetic User 0901,user0901@example.test,+91-90000-0901,Delhi,Synthetic profile 0901; record variant 0; seed 20260925.,905398
subject-0901-record-01,subject-0901,Synthetic User 0901,user0901@example.test,+91-90000-0901,Delhi,Synthetic profile 0901; record variant 1; seed 20260925.,839452
subject-0901-record-02,subject-0901,Synthetic User 0901,user0901@example.test,+91-90000-0901,Delhi,Synthetic profile 0901; record variant 2; seed 20260925.,811844
subject-0901-record-03,subject-0901,Synthetic User 0901,user0901@example.test,+91-90000-0901,Delhi,Synthetic profile 0901; record variant 3; seed 20260925.,799730
subject-0901-record-04,subject-0901,Synthetic User 0901,user0901@example.test,+91-90000-0901,Delhi,Synthetic profile 0901; record variant 4; seed 20260925.,782108
subject-0902-record-00,subject-0902,Synthetic User 0902,user0902@example.test,+91-90000-0902,Pune,Synthetic profile 0902; record variant 0; seed 20260925.,711417
subject-0902-record-01,subject-0902,Synthetic User 0902,user0902@example.test,+91-90000-0902,Pune,Synthetic profile 0902; record variant 1; seed 20260925.,243184
subject-0902-record-02,subject-0902,Synthetic User 0902,user0902@example.test,+91-90000-0902,Pune,Synthetic profile 0902; record variant 2; seed 20260925.,574264
subject-0902-record-03,subject-0902,Synthetic User 0902,user0902@example.test,+91-90000-0902,Pune,Synthetic profile 0902; record variant 3; seed 20260925.,690610
subject-0902-record-04,subject-0902,Synthetic User 0902,user0902@example.test,+91-90000-0902,Pune,Synthetic profile 0902; record variant 4; seed 20260925.,590045
subject-0903-record-00,subject-0903,Synthetic User 0903,user0903@example.test,+91-90000-0903,Bengaluru,Synthetic profile 0903; record variant 0; seed 20260925.,408721
subject-0903-record-01,subject-0903,Synthetic User 0903,user0903@example.test,+91-90000-0903,Bengaluru,Synthetic profile 0903; record variant 1; seed 20260925.,596762
subject-0903-record-02,subject-0903,Synthetic User 0903,user0903@example.test,+91-90000-0903,Bengaluru,Synthetic profile 0903; record variant 2; seed 20260925.,366597
subject-0903-record-03,subject-0903,Synthetic User 0903,user0903@example.test,+91-90000-0903,Bengaluru,Synthetic profile 0903; record variant 3; seed 20260925.,782844
subject-0903-record-04,subject-0903,Synthetic User 0903,user0903@example.test,+91-90000-0903,Bengaluru,Synthetic profile 0903; record variant 4; seed 20260925.,523704
subject-0904-record-00,subject-0904,Synthetic User 0904,user0904@example.test,+91-90000-0904,Jaipur,Synthetic profile 0904; record variant 0; seed 20260925.,633668
subject-0904-record-01,subject-0904,Synthetic User 0904,user0904@example.test,+91-90000-0904,Jaipur,Synthetic profile 0904; record variant 1; seed 20260925.,247804
subject-0904-record-02,subject-0904,Synthetic User 0904,user0904@example.test,+91-90000-0904,Jaipur,Synthetic profile 0904; record variant 2; seed 20260925.,294129
subject-0904-record-03,subject-0904,Synthetic User 0904,user0904@example.test,+91-90000-0904,Jaipur,Synthetic profile 0904; record variant 3; seed 20260925.,975925
subject-0904-record-04,subject-0904,Synthetic User 0904,user0904@example.test,+91-90000-0904,Jaipur,Synthetic profile 0904; record variant 4; seed 20260925.,268744
subject-0905-record-00,subject-0905,Synthetic User 0905,user0905@example.test,+91-90000-0905,Mohali,Synthetic profile 0905; record variant 0; seed 20260925.,514125
subject-0905-record-01,subject-0905,Synthetic User 0905,user0905@example.test,+91-90000-0905,Mohali,Synthetic profile 0905; record variant 1; seed 20260925.,857144
subject-0905-record-02,subject-0905,Synthetic User 0905,user0905@example.test,+91-90000-0905,Mohali,Synthetic profile 0905; record variant 2; seed 20260925.,464019
subject-0905-record-03,subject-0905,Synthetic User 0905,user0905@example.test,+91-90000-0905,Mohali,Synthetic profile 0905; record variant 3; seed 20260925.,553733
subject-0905-record-04,subject-0905,Synthetic User 0905,user0905@example.test,+91-90000-0905,Mohali,Synthetic profile 0905; record variant 4; seed 20260925.,186421
subject-0906-record-00,subject-0906,Synthetic User 0906,user0906@example.test,+91-90000-0906,Delhi,Synthetic profile 0906; record variant 0; seed 20260925.,282173
subject-0906-record-01,subject-0906,Synthetic User 0906,user0906@example.test,+91-90000-0906,Delhi,Synthetic profile 0906; record variant 1; seed 20260925.,369559
subject-0906-record-02,subject-0906,Synthetic User 0906,user0906@example.test,+91-90000-0906,Delhi,Synthetic profile 0906; record variant 2; seed 20260925.,993877
subject-0906-record-03,subject-0906,Synthetic User 0906,user0906@example.test,+91-90000-0906,Delhi,Synthetic profile 0906; record variant 3; seed 20260925.,864219
subject-0906-record-04,subject-0906,Synthetic User 0906,user0906@example.test,+91-90000-0906,Delhi,Synthetic profile 0906; record variant 4; seed 20260925.,403328
subject-0907-record-00,subject-0907,Synthetic User 0907,user0907@example.test,+91-90000-0907,Pune,Synthetic profile 0907; record variant 0; seed 20260925.,358555
subject-0907-record-01,subject-0907,Synthetic User 0907,user0907@example.test,+91-90000-0907,Pune,Synthetic profile 0907; record variant 1; seed 20260925.,987152
subject-0907-record-02,subject-0907,Synthetic User 0907,user0907@example.test,+91-90000-0907,Pune,Synthetic profile 0907; record variant 2; seed 20260925.,176469
subject-0907-record-03,subject-0907,Synthetic User 0907,user0907@example.test,+91-90000-0907,Pune,Synthetic profile 0907; record variant 3; seed 20260925.,964660
subject-0907-record-04,subject-0907,Synthetic User 0907,user0907@example.test,+91-90000-0907,Pune,Synthetic profile 0907; record variant 4; seed 20260925.,644845
subject-0908-record-00,subject-0908,Synthetic User 0908,user0908@example.test,+91-90000-0908,Bengaluru,Synthetic profile 0908; record variant 0; seed 20260925.,122365
subject-0908-record-01,subject-0908,Synthetic User 0908,user0908@example.test,+91-90000-0908,Bengaluru,Synthetic profile 0908; record variant 1; seed 20260925.,116159
subject-0908-record-02,subject-0908,Synthetic User 0908,user0908@example.test,+91-90000-0908,Bengaluru,Synthetic profile 0908; record variant 2; seed 20260925.,468045
subject-0908-record-03,subject-0908,Synthetic User 0908,user0908@example.test,+91-90000-0908,Bengaluru,Synthetic profile 0908; record variant 3; seed 20260925.,601721
subject-0908-record-04,subject-0908,Synthetic User 0908,user0908@example.test,+91-90000-0908,Bengaluru,Synthetic profile 0908; record variant 4; seed 20260925.,133446
subject-0909-record-00,subject-0909,Synthetic User 0909,user0909@example.test,+91-90000-0909,Jaipur,Synthetic profile 0909; record variant 0; seed 20260925.,936337
subject-0909-record-01,subject-0909,Synthetic User 0909,user0909@example.test,+91-90000-0909,Jaipur,Synthetic profile 0909; record variant 1; seed 20260925.,986494
subject-0909-record-02,subject-0909,Synthetic User 0909,user0909@example.test,+91-90000-0909,Jaipur,Synthetic profile 0909; record variant 2; seed 20260925.,491606
subject-0909-record-03,subject-0909,Synthetic User 0909,user0909@example.test,+91-90000-0909,Jaipur,Synthetic profile 0909; record variant 3; seed 20260925.,770912
subject-0909-record-04,subject-0909,Synthetic User 0909,user0909@example.test,+91-90000-0909,Jaipur,Synthetic profile 0909; record variant 4; seed 20260925.,644788
subject-0910-record-00,subject-0910,Synthetic User 0910,user0910@example.test,+91-90000-0910,Mohali,Synthetic profile 0910; record variant 0; seed 20260925.,317049
subject-0910-record-01,subject-0910,Synthetic User 0910,user0910@example.test,+91-90000-0910,Mohali,Synthetic profile 0910; record variant 1; seed 20260925.,354037
subject-0910-record-02,subject-0910,Synthetic User 0910,user0910@example.test,+91-90000-0910,Mohali,Synthetic profile 0910; record variant 2; seed 20260925.,771915
subject-0910-record-03,subject-0910,Synthetic User 0910,user0910@example.test,+91-90000-0910,Mohali,Synthetic profile 0910; record variant 3; seed 20260925.,417131
subject-0910-record-04,subject-0910,Synthetic User 0910,user0910@example.test,+91-90000-0910,Mohali,Synthetic profile 0910; record variant 4; seed 20260925.,706225
subject-0911-record-00,subject-0911,Synthetic User 0911,user0911@example.test,+91-90000-0911,Delhi,Synthetic profile 0911; record variant 0; seed 20260925.,742135
subject-0911-record-01,subject-0911,Synthetic User 0911,user0911@example.test,+91-90000-0911,Delhi,Synthetic profile 0911; record variant 1; seed 20260925.,132485
subject-0911-record-02,subject-0911,Synthetic User 0911,user0911@example.test,+91-90000-0911,Delhi,Synthetic profile 0911; record variant 2; seed 20260925.,202521
subject-0911-record-03,subject-0911,Synthetic User 0911,user0911@example.test,+91-90000-0911,Delhi,Synthetic profile 0911; record variant 3; seed 20260925.,921111
subject-0911-record-04,subject-0911,Synthetic User 0911,user0911@example.test,+91-90000-0911,Delhi,Synthetic profile 0911; record variant 4; seed 20260925.,262052
subject-0912-record-00,subject-0912,Synthetic User 0912,user0912@example.test,+91-90000-0912,Pune,Synthetic profile 0912; record variant 0; seed 20260925.,383260
subject-0912-record-01,subject-0912,Synthetic User 0912,user0912@example.test,+91-90000-0912,Pune,Synthetic profile 0912; record variant 1; seed 20260925.,385842
subject-0912-record-02,subject-0912,Synthetic User 0912,user0912@example.test,+91-90000-0912,Pune,Synthetic profile 0912; record variant 2; seed 20260925.,576860
subject-0912-record-03,subject-0912,Synthetic User 0912,user0912@example.test,+91-90000-0912,Pune,Synthetic profile 0912; record variant 3; seed 20260925.,159246
subject-0912-record-04,subject-0912,Synthetic User 0912,user0912@example.test,+91-90000-0912,Pune,Synthetic profile 0912; record variant 4; seed 20260925.,413808
subject-0913-record-00,subject-0913,Synthetic User 0913,user0913@example.test,+91-90000-0913,Bengaluru,Synthetic profile 0913; record variant 0; seed 20260925.,948805
subject-0913-record-01,subject-0913,Synthetic User 0913,user0913@example.test,+91-90000-0913,Bengaluru,Synthetic profile 0913; record variant 1; seed 20260925.,443524
subject-0913-record-02,subject-0913,Synthetic User 0913,user0913@example.test,+91-90000-0913,Bengaluru,Synthetic profile 0913; record variant 2; seed 20260925.,988949
subject-0913-record-03,subject-0913,Synthetic User 0913,user0913@example.test,+91-90000-0913,Bengaluru,Synthetic profile 0913; record variant 3; seed 20260925.,608006
subject-0913-record-04,subject-0913,Synthetic User 0913,user0913@example.test,+91-90000-0913,Bengaluru,Synthetic profile 0913; record variant 4; seed 20260925.,353347
subject-0914-record-00,subject-0914,Synthetic User 0914,user0914@example.test,+91-90000-0914,Jaipur,Synthetic profile 0914; record variant 0; seed 20260925.,329993
subject-0914-record-01,subject-0914,Synthetic User 0914,user0914@example.test,+91-90000-0914,Jaipur,Synthetic profile 0914; record variant 1; seed 20260925.,746933
subject-0914-record-02,subject-0914,Synthetic User 0914,user0914@example.test,+91-90000-0914,Jaipur,Synthetic profile 0914; record variant 2; seed 20260925.,130257
subject-0914-record-03,subject-0914,Synthetic User 0914,user0914@example.test,+91-90000-0914,Jaipur,Synthetic profile 0914; record variant 3; seed 20260925.,521973
subject-0914-record-04,subject-0914,Synthetic User 0914,user0914@example.test,+91-90000-0914,Jaipur,Synthetic profile 0914; record variant 4; seed 20260925.,167655
subject-0915-record-00,subject-0915,Synthetic User 0915,user0915@example.test,+91-90000-0915,Mohali,Synthetic profile 0915; record variant 0; seed 20260925.,176916
subject-0915-record-01,subject-0915,Synthetic User 0915,user0915@example.test,+91-90000-0915,Mohali,Synthetic profile 0915; record variant 1; seed 20260925.,681482
subject-0915-record-02,subject-0915,Synthetic User 0915,user0915@example.test,+91-90000-0915,Mohali,Synthetic profile 0915; record variant 2; seed 20260925.,678654
subject-0915-record-03,subject-0915,Synthetic User 0915,user0915@example.test,+91-90000-0915,Mohali,Synthetic profile 0915; record variant 3; seed 20260925.,483387
subject-0915-record-04,subject-0915,Synthetic User 0915,user0915@example.test,+91-90000-0915,Mohali,Synthetic profile 0915; record variant 4; seed 20260925.,756605
subject-0916-record-00,subject-0916,Synthetic User 0916,user0916@example.test,+91-90000-0916,Delhi,Synthetic profile 0916; record variant 0; seed 20260925.,558164
subject-0916-record-01,subject-0916,Synthetic User 0916,user0916@example.test,+91-90000-0916,Delhi,Synthetic profile 0916; record variant 1; seed 20260925.,829097
subject-0916-record-02,subject-0916,Synthetic User 0916,user0916@example.test,+91-90000-0916,Delhi,Synthetic profile 0916; record variant 2; seed 20260925.,649828
subject-0916-record-03,subject-0916,Synthetic User 0916,user0916@example.test,+91-90000-0916,Delhi,Synthetic profile 0916; record variant 3; seed 20260925.,794326
subject-0916-record-04,subject-0916,Synthetic User 0916,user0916@example.test,+91-90000-0916,Delhi,Synthetic profile 0916; record variant 4; seed 20260925.,285808
subject-0917-record-00,subject-0917,Synthetic User 0917,user0917@example.test,+91-90000-0917,Pune,Synthetic profile 0917; record variant 0; seed 20260925.,716145
subject-0917-record-01,subject-0917,Synthetic User 0917,user0917@example.test,+91-90000-0917,Pune,Synthetic profile 0917; record variant 1; seed 20260925.,353162
subject-0917-record-02,subject-0917,Synthetic User 0917,user0917@example.test,+91-90000-0917,Pune,Synthetic profile 0917; record variant 2; seed 20260925.,591714
subject-0917-record-03,subject-0917,Synthetic User 0917,user0917@example.test,+91-90000-0917,Pune,Synthetic profile 0917; record variant 3; seed 20260925.,906190
subject-0917-record-04,subject-0917,Synthetic User 0917,user0917@example.test,+91-90000-0917,Pune,Synthetic profile 0917; record variant 4; seed 20260925.,357597
subject-0918-record-00,subject-0918,Synthetic User 0918,user0918@example.test,+91-90000-0918,Bengaluru,Synthetic profile 0918; record variant 0; seed 20260925.,564782
subject-0918-record-01,subject-0918,Synthetic User 0918,user0918@example.test,+91-90000-0918,Bengaluru,Synthetic profile 0918; record variant 1; seed 20260925.,656753
subject-0918-record-02,subject-0918,Synthetic User 0918,user0918@example.test,+91-90000-0918,Bengaluru,Synthetic profile 0918; record variant 2; seed 20260925.,150559
subject-0918-record-03,subject-0918,Synthetic User 0918,user0918@example.test,+91-90000-0918,Bengaluru,Synthetic profile 0918; record variant 3; seed 20260925.,409435
subject-0918-record-04,subject-0918,Synthetic User 0918,user0918@example.test,+91-90000-0918,Bengaluru,Synthetic profile 0918; record variant 4; seed 20260925.,186159
subject-0919-record-00,subject-0919,Synthetic User 0919,user0919@example.test,+91-90000-0919,Jaipur,Synthetic profile 0919; record variant 0; seed 20260925.,642169
subject-0919-record-01,subject-0919,Synthetic User 0919,user0919@example.test,+91-90000-0919,Jaipur,Synthetic profile 0919; record variant 1; seed 20260925.,562002
subject-0919-record-02,subject-0919,Synthetic User 0919,user0919@example.test,+91-90000-0919,Jaipur,Synthetic profile 0919; record variant 2; seed 20260925.,941729
subject-0919-record-03,subject-0919,Synthetic User 0919,user0919@example.test,+91-90000-0919,Jaipur,Synthetic profile 0919; record variant 3; seed 20260925.,341940
subject-0919-record-04,subject-0919,Synthetic User 0919,user0919@example.test,+91-90000-0919,Jaipur,Synthetic profile 0919; record variant 4; seed 20260925.,689908
subject-0920-record-00,subject-0920,Synthetic User 0920,user0920@example.test,+91-90000-0920,Mohali,Synthetic profile 0920; record variant 0; seed 20260925.,898717
subject-0920-record-01,subject-0920,Synthetic User 0920,user0920@example.test,+91-90000-0920,Mohali,Synthetic profile 0920; record variant 1; seed 20260925.,378526
subject-0920-record-02,subject-0920,Synthetic User 0920,user0920@example.test,+91-90000-0920,Mohali,Synthetic profile 0920; record variant 2; seed 20260925.,246219
subject-0920-record-03,subject-0920,Synthetic User 0920,user0920@example.test,+91-90000-0920,Mohali,Synthetic profile 0920; record variant 3; seed 20260925.,960972
subject-0920-record-04,subject-0920,Synthetic User 0920,user0920@example.test,+91-90000-0920,Mohali,Synthetic profile 0920; record variant 4; seed 20260925.,381877
subject-0921-record-00,subject-0921,Synthetic User 0921,user0921@example.test,+91-90000-0921,Delhi,Synthetic profile 0921; record variant 0; seed 20260925.,734455
subject-0921-record-01,subject-0921,Synthetic User 0921,user0921@example.test,+91-90000-0921,Delhi,Synthetic profile 0921; record variant 1; seed 20260925.,212544
subject-0921-record-02,subject-0921,Synthetic User 0921,user0921@example.test,+91-90000-0921,Delhi,Synthetic profile 0921; record variant 2; seed 20260925.,316571
subject-0921-record-03,subject-0921,Synthetic User 0921,user0921@example.test,+91-90000-0921,Delhi,Synthetic profile 0921; record variant 3; seed 20260925.,157249
subject-0921-record-04,subject-0921,Synthetic User 0921,user0921@example.test,+91-90000-0921,Delhi,Synthetic profile 0921; record variant 4; seed 20260925.,297359
subject-0922-record-00,subject-0922,Synthetic User 0922,user0922@example.test,+91-90000-0922,Pune,Synthetic profile 0922; record variant 0; seed 20260925.,127224
subject-0922-record-01,subject-0922,Synthetic User 0922,user0922@example.test,+91-90000-0922,Pune,Synthetic profile 0922; record variant 1; seed 20260925.,801085
subject-0922-record-02,subject-0922,Synthetic User 0922,user0922@example.test,+91-90000-0922,Pune,Synthetic profile 0922; record variant 2; seed 20260925.,341298
subject-0922-record-03,subject-0922,Synthetic User 0922,user0922@example.test,+91-90000-0922,Pune,Synthetic profile 0922; record variant 3; seed 20260925.,116126
subject-0922-record-04,subject-0922,Synthetic User 0922,user0922@example.test,+91-90000-0922,Pune,Synthetic profile 0922; record variant 4; seed 20260925.,942242
subject-0923-record-00,subject-0923,Synthetic User 0923,user0923@example.test,+91-90000-0923,Bengaluru,Synthetic profile 0923; record variant 0; seed 20260925.,935968
subject-0923-record-01,subject-0923,Synthetic User 0923,user0923@example.test,+91-90000-0923,Bengaluru,Synthetic profile 0923; record variant 1; seed 20260925.,300937
subject-0923-record-02,subject-0923,Synthetic User 0923,user0923@example.test,+91-90000-0923,Bengaluru,Synthetic profile 0923; record variant 2; seed 20260925.,612087
subject-0923-record-03,subject-0923,Synthetic User 0923,user0923@example.test,+91-90000-0923,Bengaluru,Synthetic profile 0923; record variant 3; seed 20260925.,889133
subject-0923-record-04,subject-0923,Synthetic User 0923,user0923@example.test,+91-90000-0923,Bengaluru,Synthetic profile 0923; record variant 4; seed 20260925.,153276
subject-0924-record-00,subject-0924,Synthetic User 0924,user0924@example.test,+91-90000-0924,Jaipur,Synthetic profile 0924; record variant 0; seed 20260925.,264812
subject-0924-record-01,subject-0924,Synthetic User 0924,user0924@example.test,+91-90000-0924,Jaipur,Synthetic profile 0924; record variant 1; seed 20260925.,205791
subject-0924-record-02,subject-0924,Synthetic User 0924,user0924@example.test,+91-90000-0924,Jaipur,Synthetic profile 0924; record variant 2; seed 20260925.,460892
subject-0924-record-03,subject-0924,Synthetic User 0924,user0924@example.test,+91-90000-0924,Jaipur,Synthetic profile 0924; record variant 3; seed 20260925.,293904
subject-0924-record-04,subject-0924,Synthetic User 0924,user0924@example.test,+91-90000-0924,Jaipur,Synthetic profile 0924; record variant 4; seed 20260925.,204549
subject-0925-record-00,subject-0925,Synthetic User 0925,user0925@example.test,+91-90000-0925,Mohali,Synthetic profile 0925; record variant 0; seed 20260925.,135361
subject-0925-record-01,subject-0925,Synthetic User 0925,user0925@example.test,+91-90000-0925,Mohali,Synthetic profile 0925; record variant 1; seed 20260925.,691231
subject-0925-record-02,subject-0925,Synthetic User 0925,user0925@example.test,+91-90000-0925,Mohali,Synthetic profile 0925; record variant 2; seed 20260925.,117934
subject-0925-record-03,subject-0925,Synthetic User 0925,user0925@example.test,+91-90000-0925,Mohali,Synthetic profile 0925; record variant 3; seed 20260925.,771054
subject-0925-record-04,subject-0925,Synthetic User 0925,user0925@example.test,+91-90000-0925,Mohali,Synthetic profile 0925; record variant 4; seed 20260925.,141749
subject-0926-record-00,subject-0926,Synthetic User 0926,user0926@example.test,+91-90000-0926,Delhi,Synthetic profile 0926; record variant 0; seed 20260925.,514498
subject-0926-record-01,subject-0926,Synthetic User 0926,user0926@example.test,+91-90000-0926,Delhi,Synthetic profile 0926; record variant 1; seed 20260925.,814835
subject-0926-record-02,subject-0926,Synthetic User 0926,user0926@example.test,+91-90000-0926,Delhi,Synthetic profile 0926; record variant 2; seed 20260925.,731037
subject-0926-record-03,subject-0926,Synthetic User 0926,user0926@example.test,+91-90000-0926,Delhi,Synthetic profile 0926; record variant 3; seed 20260925.,172238
subject-0926-record-04,subject-0926,Synthetic User 0926,user0926@example.test,+91-90000-0926,Delhi,Synthetic profile 0926; record variant 4; seed 20260925.,729181
subject-0927-record-00,subject-0927,Synthetic User 0927,user0927@example.test,+91-90000-0927,Pune,Synthetic profile 0927; record variant 0; seed 20260925.,300205
subject-0927-record-01,subject-0927,Synthetic User 0927,user0927@example.test,+91-90000-0927,Pune,Synthetic profile 0927; record variant 1; seed 20260925.,830881
subject-0927-record-02,subject-0927,Synthetic User 0927,user0927@example.test,+91-90000-0927,Pune,Synthetic profile 0927; record variant 2; seed 20260925.,865014
subject-0927-record-03,subject-0927,Synthetic User 0927,user0927@example.test,+91-90000-0927,Pune,Synthetic profile 0927; record variant 3; seed 20260925.,594915
subject-0927-record-04,subject-0927,Synthetic User 0927,user0927@example.test,+91-90000-0927,Pune,Synthetic profile 0927; record variant 4; seed 20260925.,794167
subject-0928-record-00,subject-0928,Synthetic User 0928,user0928@example.test,+91-90000-0928,Bengaluru,Synthetic profile 0928; record variant 0; seed 20260925.,253564
subject-0928-record-01,subject-0928,Synthetic User 0928,user0928@example.test,+91-90000-0928,Bengaluru,Synthetic profile 0928; record variant 1; seed 20260925.,276497
subject-0928-record-02,subject-0928,Synthetic User 0928,user0928@example.test,+91-90000-0928,Bengaluru,Synthetic profile 0928; record variant 2; seed 20260925.,675189
subject-0928-record-03,subject-0928,Synthetic User 0928,user0928@example.test,+91-90000-0928,Bengaluru,Synthetic profile 0928; record variant 3; seed 20260925.,826797
subject-0928-record-04,subject-0928,Synthetic User 0928,user0928@example.test,+91-90000-0928,Bengaluru,Synthetic profile 0928; record variant 4; seed 20260925.,836440
subject-0929-record-00,subject-0929,Synthetic User 0929,user0929@example.test,+91-90000-0929,Jaipur,Synthetic profile 0929; record variant 0; seed 20260925.,377852
subject-0929-record-01,subject-0929,Synthetic User 0929,user0929@example.test,+91-90000-0929,Jaipur,Synthetic profile 0929; record variant 1; seed 20260925.,448837
subject-0929-record-02,subject-0929,Synthetic User 0929,user0929@example.test,+91-90000-0929,Jaipur,Synthetic profile 0929; record variant 2; seed 20260925.,188288
subject-0929-record-03,subject-0929,Synthetic User 0929,user0929@example.test,+91-90000-0929,Jaipur,Synthetic profile 0929; record variant 3; seed 20260925.,236865
subject-0929-record-04,subject-0929,Synthetic User 0929,user0929@example.test,+91-90000-0929,Jaipur,Synthetic profile 0929; record variant 4; seed 20260925.,432972
subject-0930-record-00,subject-0930,Synthetic User 0930,user0930@example.test,+91-90000-0930,Mohali,Synthetic profile 0930; record variant 0; seed 20260925.,537733
subject-0930-record-01,subject-0930,Synthetic User 0930,user0930@example.test,+91-90000-0930,Mohali,Synthetic profile 0930; record variant 1; seed 20260925.,215816
subject-0930-record-02,subject-0930,Synthetic User 0930,user0930@example.test,+91-90000-0930,Mohali,Synthetic profile 0930; record variant 2; seed 20260925.,544293
subject-0930-record-03,subject-0930,Synthetic User 0930,user0930@example.test,+91-90000-0930,Mohali,Synthetic profile 0930; record variant 3; seed 20260925.,106224
subject-0930-record-04,subject-0930,Synthetic User 0930,user0930@example.test,+91-90000-0930,Mohali,Synthetic profile 0930; record variant 4; seed 20260925.,793238
subject-0931-record-00,subject-0931,Synthetic User 0931,user0931@example.test,+91-90000-0931,Delhi,Synthetic profile 0931; record variant 0; seed 20260925.,612326
subject-0931-record-01,subject-0931,Synthetic User 0931,user0931@example.test,+91-90000-0931,Delhi,Synthetic profile 0931; record variant 1; seed 20260925.,409258
subject-0931-record-02,subject-0931,Synthetic User 0931,user0931@example.test,+91-90000-0931,Delhi,Synthetic profile 0931; record variant 2; seed 20260925.,799762
subject-0931-record-03,subject-0931,Synthetic User 0931,user0931@example.test,+91-90000-0931,Delhi,Synthetic profile 0931; record variant 3; seed 20260925.,700963
subject-0931-record-04,subject-0931,Synthetic User 0931,user0931@example.test,+91-90000-0931,Delhi,Synthetic profile 0931; record variant 4; seed 20260925.,699521
subject-0932-record-00,subject-0932,Synthetic User 0932,user0932@example.test,+91-90000-0932,Pune,Synthetic profile 0932; record variant 0; seed 20260925.,208300
subject-0932-record-01,subject-0932,Synthetic User 0932,user0932@example.test,+91-90000-0932,Pune,Synthetic profile 0932; record variant 1; seed 20260925.,410672
subject-0932-record-02,subject-0932,Synthetic User 0932,user0932@example.test,+91-90000-0932,Pune,Synthetic profile 0932; record variant 2; seed 20260925.,987470
subject-0932-record-03,subject-0932,Synthetic User 0932,user0932@example.test,+91-90000-0932,Pune,Synthetic profile 0932; record variant 3; seed 20260925.,473042
subject-0932-record-04,subject-0932,Synthetic User 0932,user0932@example.test,+91-90000-0932,Pune,Synthetic profile 0932; record variant 4; seed 20260925.,163747
subject-0933-record-00,subject-0933,Synthetic User 0933,user0933@example.test,+91-90000-0933,Bengaluru,Synthetic profile 0933; record variant 0; seed 20260925.,324272
subject-0933-record-01,subject-0933,Synthetic User 0933,user0933@example.test,+91-90000-0933,Bengaluru,Synthetic profile 0933; record variant 1; seed 20260925.,345495
subject-0933-record-02,subject-0933,Synthetic User 0933,user0933@example.test,+91-90000-0933,Bengaluru,Synthetic profile 0933; record variant 2; seed 20260925.,943431
subject-0933-record-03,subject-0933,Synthetic User 0933,user0933@example.test,+91-90000-0933,Bengaluru,Synthetic profile 0933; record variant 3; seed 20260925.,425692
subject-0933-record-04,subject-0933,Synthetic User 0933,user0933@example.test,+91-90000-0933,Bengaluru,Synthetic profile 0933; record variant 4; seed 20260925.,960718
subject-0934-record-00,subject-0934,Synthetic User 0934,user0934@example.test,+91-90000-0934,Jaipur,Synthetic profile 0934; record variant 0; seed 20260925.,155987
subject-0934-record-01,subject-0934,Synthetic User 0934,user0934@example.test,+91-90000-0934,Jaipur,Synthetic profile 0934; record variant 1; seed 20260925.,554363
subject-0934-record-02,subject-0934,Synthetic User 0934,user0934@example.test,+91-90000-0934,Jaipur,Synthetic profile 0934; record variant 2; seed 20260925.,427645
subject-0934-record-03,subject-0934,Synthetic User 0934,user0934@example.test,+91-90000-0934,Jaipur,Synthetic profile 0934; record variant 3; seed 20260925.,839896
subject-0934-record-04,subject-0934,Synthetic User 0934,user0934@example.test,+91-90000-0934,Jaipur,Synthetic profile 0934; record variant 4; seed 20260925.,944099
subject-0935-record-00,subject-0935,Synthetic User 0935,user0935@example.test,+91-90000-0935,Mohali,Synthetic profile 0935; record variant 0; seed 20260925.,628434
subject-0935-record-01,subject-0935,Synthetic User 0935,user0935@example.test,+91-90000-0935,Mohali,Synthetic profile 0935; record variant 1; seed 20260925.,508987
subject-0935-record-02,subject-0935,Synthetic User 0935,user0935@example.test,+91-90000-0935,Mohali,Synthetic profile 0935; record variant 2; seed 20260925.,558694
subject-0935-record-03,subject-0935,Synthetic User 0935,user0935@example.test,+91-90000-0935,Mohali,Synthetic profile 0935; record variant 3; seed 20260925.,279592
subject-0935-record-04,subject-0935,Synthetic User 0935,user0935@example.test,+91-90000-0935,Mohali,Synthetic profile 0935; record variant 4; seed 20260925.,532365
subject-0936-record-00,subject-0936,Synthetic User 0936,user0936@example.test,+91-90000-0936,Delhi,Synthetic profile 0936; record variant 0; seed 20260925.,529638
subject-0936-record-01,subject-0936,Synthetic User 0936,user0936@example.test,+91-90000-0936,Delhi,Synthetic profile 0936; record variant 1; seed 20260925.,124687
subject-0936-record-02,subject-0936,Synthetic User 0936,user0936@example.test,+91-90000-0936,Delhi,Synthetic profile 0936; record variant 2; seed 20260925.,810158
subject-0936-record-03,subject-0936,Synthetic User 0936,user0936@example.test,+91-90000-0936,Delhi,Synthetic profile 0936; record variant 3; seed 20260925.,430775
subject-0936-record-04,subject-0936,Synthetic User 0936,user0936@example.test,+91-90000-0936,Delhi,Synthetic profile 0936; record variant 4; seed 20260925.,671694
subject-0937-record-00,subject-0937,Synthetic User 0937,user0937@example.test,+91-90000-0937,Pune,Synthetic profile 0937; record variant 0; seed 20260925.,556593
subject-0937-record-01,subject-0937,Synthetic User 0937,user0937@example.test,+91-90000-0937,Pune,Synthetic profile 0937; record variant 1; seed 20260925.,654374
subject-0937-record-02,subject-0937,Synthetic User 0937,user0937@example.test,+91-90000-0937,Pune,Synthetic profile 0937; record variant 2; seed 20260925.,405492
subject-0937-record-03,subject-0937,Synthetic User 0937,user0937@example.test,+91-90000-0937,Pune,Synthetic profile 0937; record variant 3; seed 20260925.,620331
subject-0937-record-04,subject-0937,Synthetic User 0937,user0937@example.test,+91-90000-0937,Pune,Synthetic profile 0937; record variant 4; seed 20260925.,208138
subject-0938-record-00,subject-0938,Synthetic User 0938,user0938@example.test,+91-90000-0938,Bengaluru,Synthetic profile 0938; record variant 0; seed 20260925.,160532
subject-0938-record-01,subject-0938,Synthetic User 0938,user0938@example.test,+91-90000-0938,Bengaluru,Synthetic profile 0938; record variant 1; seed 20260925.,706925
subject-0938-record-02,subject-0938,Synthetic User 0938,user0938@example.test,+91-90000-0938,Bengaluru,Synthetic profile 0938; record variant 2; seed 20260925.,246297
subject-0938-record-03,subject-0938,Synthetic User 0938,user0938@example.test,+91-90000-0938,Bengaluru,Synthetic profile 0938; record variant 3; seed 20260925.,314585
subject-0938-record-04,subject-0938,Synthetic User 0938,user0938@example.test,+91-90000-0938,Bengaluru,Synthetic profile 0938; record variant 4; seed 20260925.,726867
subject-0939-record-00,subject-0939,Synthetic User 0939,user0939@example.test,+91-90000-0939,Jaipur,Synthetic profile 0939; record variant 0; seed 20260925.,523795
subject-0939-record-01,subject-0939,Synthetic User 0939,user0939@example.test,+91-90000-0939,Jaipur,Synthetic profile 0939; record variant 1; seed 20260925.,354624
subject-0939-record-02,subject-0939,Synthetic User 0939,user0939@example.test,+91-90000-0939,Jaipur,Synthetic profile 0939; record variant 2; seed 20260925.,453704
subject-0939-record-03,subject-0939,Synthetic User 0939,user0939@example.test,+91-90000-0939,Jaipur,Synthetic profile 0939; record variant 3; seed 20260925.,875904
subject-0939-record-04,subject-0939,Synthetic User 0939,user0939@example.test,+91-90000-0939,Jaipur,Synthetic profile 0939; record variant 4; seed 20260925.,269369
subject-0940-record-00,subject-0940,Synthetic User 0940,user0940@example.test,+91-90000-0940,Mohali,Synthetic profile 0940; record variant 0; seed 20260925.,523730
subject-0940-record-01,subject-0940,Synthetic User 0940,user0940@example.test,+91-90000-0940,Mohali,Synthetic profile 0940; record variant 1; seed 20260925.,701059
subject-0940-record-02,subject-0940,Synthetic User 0940,user0940@example.test,+91-90000-0940,Mohali,Synthetic profile 0940; record variant 2; seed 20260925.,308580
subject-0940-record-03,subject-0940,Synthetic User 0940,user0940@example.test,+91-90000-0940,Mohali,Synthetic profile 0940; record variant 3; seed 20260925.,852555
subject-0940-record-04,subject-0940,Synthetic User 0940,user0940@example.test,+91-90000-0940,Mohali,Synthetic profile 0940; record variant 4; seed 20260925.,402550
subject-0941-record-00,subject-0941,Synthetic User 0941,user0941@example.test,+91-90000-0941,Delhi,Synthetic profile 0941; record variant 0; seed 20260925.,555490
subject-0941-record-01,subject-0941,Synthetic User 0941,user0941@example.test,+91-90000-0941,Delhi,Synthetic profile 0941; record variant 1; seed 20260925.,139833
subject-0941-record-02,subject-0941,Synthetic User 0941,user0941@example.test,+91-90000-0941,Delhi,Synthetic profile 0941; record variant 2; seed 20260925.,372165
subject-0941-record-03,subject-0941,Synthetic User 0941,user0941@example.test,+91-90000-0941,Delhi,Synthetic profile 0941; record variant 3; seed 20260925.,693809
subject-0941-record-04,subject-0941,Synthetic User 0941,user0941@example.test,+91-90000-0941,Delhi,Synthetic profile 0941; record variant 4; seed 20260925.,382643
subject-0942-record-00,subject-0942,Synthetic User 0942,user0942@example.test,+91-90000-0942,Pune,Synthetic profile 0942; record variant 0; seed 20260925.,995159
subject-0942-record-01,subject-0942,Synthetic User 0942,user0942@example.test,+91-90000-0942,Pune,Synthetic profile 0942; record variant 1; seed 20260925.,988968
subject-0942-record-02,subject-0942,Synthetic User 0942,user0942@example.test,+91-90000-0942,Pune,Synthetic profile 0942; record variant 2; seed 20260925.,707549
subject-0942-record-03,subject-0942,Synthetic User 0942,user0942@example.test,+91-90000-0942,Pune,Synthetic profile 0942; record variant 3; seed 20260925.,650976
subject-0942-record-04,subject-0942,Synthetic User 0942,user0942@example.test,+91-90000-0942,Pune,Synthetic profile 0942; record variant 4; seed 20260925.,499681
subject-0943-record-00,subject-0943,Synthetic User 0943,user0943@example.test,+91-90000-0943,Bengaluru,Synthetic profile 0943; record variant 0; seed 20260925.,363595
subject-0943-record-01,subject-0943,Synthetic User 0943,user0943@example.test,+91-90000-0943,Bengaluru,Synthetic profile 0943; record variant 1; seed 20260925.,623045
subject-0943-record-02,subject-0943,Synthetic User 0943,user0943@example.test,+91-90000-0943,Bengaluru,Synthetic profile 0943; record variant 2; seed 20260925.,122910
subject-0943-record-03,subject-0943,Synthetic User 0943,user0943@example.test,+91-90000-0943,Bengaluru,Synthetic profile 0943; record variant 3; seed 20260925.,229088
subject-0943-record-04,subject-0943,Synthetic User 0943,user0943@example.test,+91-90000-0943,Bengaluru,Synthetic profile 0943; record variant 4; seed 20260925.,498005
subject-0944-record-00,subject-0944,Synthetic User 0944,user0944@example.test,+91-90000-0944,Jaipur,Synthetic profile 0944; record variant 0; seed 20260925.,528028
subject-0944-record-01,subject-0944,Synthetic User 0944,user0944@example.test,+91-90000-0944,Jaipur,Synthetic profile 0944; record variant 1; seed 20260925.,355900
subject-0944-record-02,subject-0944,Synthetic User 0944,user0944@example.test,+91-90000-0944,Jaipur,Synthetic profile 0944; record variant 2; seed 20260925.,768510
subject-0944-record-03,subject-0944,Synthetic User 0944,user0944@example.test,+91-90000-0944,Jaipur,Synthetic profile 0944; record variant 3; seed 20260925.,205307
subject-0944-record-04,subject-0944,Synthetic User 0944,user0944@example.test,+91-90000-0944,Jaipur,Synthetic profile 0944; record variant 4; seed 20260925.,998846
subject-0945-record-00,subject-0945,Synthetic User 0945,user0945@example.test,+91-90000-0945,Mohali,Synthetic profile 0945; record variant 0; seed 20260925.,104007
subject-0945-record-01,subject-0945,Synthetic User 0945,user0945@example.test,+91-90000-0945,Mohali,Synthetic profile 0945; record variant 1; seed 20260925.,771225
subject-0945-record-02,subject-0945,Synthetic User 0945,user0945@example.test,+91-90000-0945,Mohali,Synthetic profile 0945; record variant 2; seed 20260925.,948890
subject-0945-record-03,subject-0945,Synthetic User 0945,user0945@example.test,+91-90000-0945,Mohali,Synthetic profile 0945; record variant 3; seed 20260925.,805113
subject-0945-record-04,subject-0945,Synthetic User 0945,user0945@example.test,+91-90000-0945,Mohali,Synthetic profile 0945; record variant 4; seed 20260925.,949186
subject-0946-record-00,subject-0946,Synthetic User 0946,user0946@example.test,+91-90000-0946,Delhi,Synthetic profile 0946; record variant 0; seed 20260925.,318269
subject-0946-record-01,subject-0946,Synthetic User 0946,user0946@example.test,+91-90000-0946,Delhi,Synthetic profile 0946; record variant 1; seed 20260925.,411188
subject-0946-record-02,subject-0946,Synthetic User 0946,user0946@example.test,+91-90000-0946,Delhi,Synthetic profile 0946; record variant 2; seed 20260925.,898256
subject-0946-record-03,subject-0946,Synthetic User 0946,user0946@example.test,+91-90000-0946,Delhi,Synthetic profile 0946; record variant 3; seed 20260925.,593779
subject-0946-record-04,subject-0946,Synthetic User 0946,user0946@example.test,+91-90000-0946,Delhi,Synthetic profile 0946; record variant 4; seed 20260925.,876554
subject-0947-record-00,subject-0947,Synthetic User 0947,user0947@example.test,+91-90000-0947,Pune,Synthetic profile 0947; record variant 0; seed 20260925.,462676
subject-0947-record-01,subject-0947,Synthetic User 0947,user0947@example.test,+91-90000-0947,Pune,Synthetic profile 0947; record variant 1; seed 20260925.,920683
subject-0947-record-02,subject-0947,Synthetic User 0947,user0947@example.test,+91-90000-0947,Pune,Synthetic profile 0947; record variant 2; seed 20260925.,671462
subject-0947-record-03,subject-0947,Synthetic User 0947,user0947@example.test,+91-90000-0947,Pune,Synthetic profile 0947; record variant 3; seed 20260925.,902696
subject-0947-record-04,subject-0947,Synthetic User 0947,user0947@example.test,+91-90000-0947,Pune,Synthetic profile 0947; record variant 4; seed 20260925.,591180
subject-0948-record-00,subject-0948,Synthetic User 0948,user0948@example.test,+91-90000-0948,Bengaluru,Synthetic profile 0948; record variant 0; seed 20260925.,497196
subject-0948-record-01,subject-0948,Synthetic User 0948,user0948@example.test,+91-90000-0948,Bengaluru,Synthetic profile 0948; record variant 1; seed 20260925.,204248
subject-0948-record-02,subject-0948,Synthetic User 0948,user0948@example.test,+91-90000-0948,Bengaluru,Synthetic profile 0948; record variant 2; seed 20260925.,255011
subject-0948-record-03,subject-0948,Synthetic User 0948,user0948@example.test,+91-90000-0948,Bengaluru,Synthetic profile 0948; record variant 3; seed 20260925.,589913
subject-0948-record-04,subject-0948,Synthetic User 0948,user0948@example.test,+91-90000-0948,Bengaluru,Synthetic profile 0948; record variant 4; seed 20260925.,753791
subject-0949-record-00,subject-0949,Synthetic User 0949,user0949@example.test,+91-90000-0949,Jaipur,Synthetic profile 0949; record variant 0; seed 20260925.,550844
subject-0949-record-01,subject-0949,Synthetic User 0949,user0949@example.test,+91-90000-0949,Jaipur,Synthetic profile 0949; record variant 1; seed 20260925.,844236
subject-0949-record-02,subject-0949,Synthetic User 0949,user0949@example.test,+91-90000-0949,Jaipur,Synthetic profile 0949; record variant 2; seed 20260925.,250986
subject-0949-record-03,subject-0949,Synthetic User 0949,user0949@example.test,+91-90000-0949,Jaipur,Synthetic profile 0949; record variant 3; seed 20260925.,907229
subject-0949-record-04,subject-0949,Synthetic User 0949,user0949@example.test,+91-90000-0949,Jaipur,Synthetic profile 0949; record variant 4; seed 20260925.,260182
subject-0950-record-00,subject-0950,Synthetic User 0950,user0950@example.test,+91-90000-0950,Mohali,Synthetic profile 0950; record variant 0; seed 20260925.,606488
subject-0950-record-01,subject-0950,Synthetic User 0950,user0950@example.test,+91-90000-0950,Mohali,Synthetic profile 0950; record variant 1; seed 20260925.,501344
subject-0950-record-02,subject-0950,Synthetic User 0950,user0950@example.test,+91-90000-0950,Mohali,Synthetic profile 0950; record variant 2; seed 20260925.,386396
subject-0950-record-03,subject-0950,Synthetic User 0950,user0950@example.test,+91-90000-0950,Mohali,Synthetic profile 0950; record variant 3; seed 20260925.,524930
subject-0950-record-04,subject-0950,Synthetic User 0950,user0950@example.test,+91-90000-0950,Mohali,Synthetic profile 0950; record variant 4; seed 20260925.,105988
subject-0951-record-00,subject-0951,Synthetic User 0951,user0951@example.test,+91-90000-0951,Delhi,Synthetic profile 0951; record variant 0; seed 20260925.,303599
subject-0951-record-01,subject-0951,Synthetic User 0951,user0951@example.test,+91-90000-0951,Delhi,Synthetic profile 0951; record variant 1; seed 20260925.,848459
subject-0951-record-02,subject-0951,Synthetic User 0951,user0951@example.test,+91-90000-0951,Delhi,Synthetic profile 0951; record variant 2; seed 20260925.,408754
subject-0951-record-03,subject-0951,Synthetic User 0951,user0951@example.test,+91-90000-0951,Delhi,Synthetic profile 0951; record variant 3; seed 20260925.,999075
subject-0951-record-04,subject-0951,Synthetic User 0951,user0951@example.test,+91-90000-0951,Delhi,Synthetic profile 0951; record variant 4; seed 20260925.,779135
subject-0952-record-00,subject-0952,Synthetic User 0952,user0952@example.test,+91-90000-0952,Pune,Synthetic profile 0952; record variant 0; seed 20260925.,423957
subject-0952-record-01,subject-0952,Synthetic User 0952,user0952@example.test,+91-90000-0952,Pune,Synthetic profile 0952; record variant 1; seed 20260925.,686891
subject-0952-record-02,subject-0952,Synthetic User 0952,user0952@example.test,+91-90000-0952,Pune,Synthetic profile 0952; record variant 2; seed 20260925.,738852
subject-0952-record-03,subject-0952,Synthetic User 0952,user0952@example.test,+91-90000-0952,Pune,Synthetic profile 0952; record variant 3; seed 20260925.,347994
subject-0952-record-04,subject-0952,Synthetic User 0952,user0952@example.test,+91-90000-0952,Pune,Synthetic profile 0952; record variant 4; seed 20260925.,826876
subject-0953-record-00,subject-0953,Synthetic User 0953,user0953@example.test,+91-90000-0953,Bengaluru,Synthetic profile 0953; record variant 0; seed 20260925.,221471
subject-0953-record-01,subject-0953,Synthetic User 0953,user0953@example.test,+91-90000-0953,Bengaluru,Synthetic profile 0953; record variant 1; seed 20260925.,602495
subject-0953-record-02,subject-0953,Synthetic User 0953,user0953@example.test,+91-90000-0953,Bengaluru,Synthetic profile 0953; record variant 2; seed 20260925.,977732
subject-0953-record-03,subject-0953,Synthetic User 0953,user0953@example.test,+91-90000-0953,Bengaluru,Synthetic profile 0953; record variant 3; seed 20260925.,199986
subject-0953-record-04,subject-0953,Synthetic User 0953,user0953@example.test,+91-90000-0953,Bengaluru,Synthetic profile 0953; record variant 4; seed 20260925.,274986
subject-0954-record-00,subject-0954,Synthetic User 0954,user0954@example.test,+91-90000-0954,Jaipur,Synthetic profile 0954; record variant 0; seed 20260925.,703586
subject-0954-record-01,subject-0954,Synthetic User 0954,user0954@example.test,+91-90000-0954,Jaipur,Synthetic profile 0954; record variant 1; seed 20260925.,620477
subject-0954-record-02,subject-0954,Synthetic User 0954,user0954@example.test,+91-90000-0954,Jaipur,Synthetic profile 0954; record variant 2; seed 20260925.,831179
subject-0954-record-03,subject-0954,Synthetic User 0954,user0954@example.test,+91-90000-0954,Jaipur,Synthetic profile 0954; record variant 3; seed 20260925.,267716
subject-0954-record-04,subject-0954,Synthetic User 0954,user0954@example.test,+91-90000-0954,Jaipur,Synthetic profile 0954; record variant 4; seed 20260925.,176180
subject-0955-record-00,subject-0955,Synthetic User 0955,user0955@example.test,+91-90000-0955,Mohali,Synthetic profile 0955; record variant 0; seed 20260925.,710484
subject-0955-record-01,subject-0955,Synthetic User 0955,user0955@example.test,+91-90000-0955,Mohali,Synthetic profile 0955; record variant 1; seed 20260925.,401060
subject-0955-record-02,subject-0955,Synthetic User 0955,user0955@example.test,+91-90000-0955,Mohali,Synthetic profile 0955; record variant 2; seed 20260925.,965310
subject-0955-record-03,subject-0955,Synthetic User 0955,user0955@example.test,+91-90000-0955,Mohali,Synthetic profile 0955; record variant 3; seed 20260925.,283908
subject-0955-record-04,subject-0955,Synthetic User 0955,user0955@example.test,+91-90000-0955,Mohali,Synthetic profile 0955; record variant 4; seed 20260925.,402570
subject-0956-record-00,subject-0956,Synthetic User 0956,user0956@example.test,+91-90000-0956,Delhi,Synthetic profile 0956; record variant 0; seed 20260925.,911856
subject-0956-record-01,subject-0956,Synthetic User 0956,user0956@example.test,+91-90000-0956,Delhi,Synthetic profile 0956; record variant 1; seed 20260925.,898406
subject-0956-record-02,subject-0956,Synthetic User 0956,user0956@example.test,+91-90000-0956,Delhi,Synthetic profile 0956; record variant 2; seed 20260925.,940175
subject-0956-record-03,subject-0956,Synthetic User 0956,user0956@example.test,+91-90000-0956,Delhi,Synthetic profile 0956; record variant 3; seed 20260925.,745512
subject-0956-record-04,subject-0956,Synthetic User 0956,user0956@example.test,+91-90000-0956,Delhi,Synthetic profile 0956; record variant 4; seed 20260925.,392682
subject-0957-record-00,subject-0957,Synthetic User 0957,user0957@example.test,+91-90000-0957,Pune,Synthetic profile 0957; record variant 0; seed 20260925.,679143
subject-0957-record-01,subject-0957,Synthetic User 0957,user0957@example.test,+91-90000-0957,Pune,Synthetic profile 0957; record variant 1; seed 20260925.,666700
subject-0957-record-02,subject-0957,Synthetic User 0957,user0957@example.test,+91-90000-0957,Pune,Synthetic profile 0957; record variant 2; seed 20260925.,383826
subject-0957-record-03,subject-0957,Synthetic User 0957,user0957@example.test,+91-90000-0957,Pune,Synthetic profile 0957; record variant 3; seed 20260925.,450881
subject-0957-record-04,subject-0957,Synthetic User 0957,user0957@example.test,+91-90000-0957,Pune,Synthetic profile 0957; record variant 4; seed 20260925.,216904
subject-0958-record-00,subject-0958,Synthetic User 0958,user0958@example.test,+91-90000-0958,Bengaluru,Synthetic profile 0958; record variant 0; seed 20260925.,277940
subject-0958-record-01,subject-0958,Synthetic User 0958,user0958@example.test,+91-90000-0958,Bengaluru,Synthetic profile 0958; record variant 1; seed 20260925.,695529
subject-0958-record-02,subject-0958,Synthetic User 0958,user0958@example.test,+91-90000-0958,Bengaluru,Synthetic profile 0958; record variant 2; seed 20260925.,952690
subject-0958-record-03,subject-0958,Synthetic User 0958,user0958@example.test,+91-90000-0958,Bengaluru,Synthetic profile 0958; record variant 3; seed 20260925.,203704
subject-0958-record-04,subject-0958,Synthetic User 0958,user0958@example.test,+91-90000-0958,Bengaluru,Synthetic profile 0958; record variant 4; seed 20260925.,703664
subject-0959-record-00,subject-0959,Synthetic User 0959,user0959@example.test,+91-90000-0959,Jaipur,Synthetic profile 0959; record variant 0; seed 20260925.,692709
subject-0959-record-01,subject-0959,Synthetic User 0959,user0959@example.test,+91-90000-0959,Jaipur,Synthetic profile 0959; record variant 1; seed 20260925.,574144
subject-0959-record-02,subject-0959,Synthetic User 0959,user0959@example.test,+91-90000-0959,Jaipur,Synthetic profile 0959; record variant 2; seed 20260925.,516841
subject-0959-record-03,subject-0959,Synthetic User 0959,user0959@example.test,+91-90000-0959,Jaipur,Synthetic profile 0959; record variant 3; seed 20260925.,884892
subject-0959-record-04,subject-0959,Synthetic User 0959,user0959@example.test,+91-90000-0959,Jaipur,Synthetic profile 0959; record variant 4; seed 20260925.,383824
subject-0960-record-00,subject-0960,Synthetic User 0960,user0960@example.test,+91-90000-0960,Mohali,Synthetic profile 0960; record variant 0; seed 20260925.,960435
subject-0960-record-01,subject-0960,Synthetic User 0960,user0960@example.test,+91-90000-0960,Mohali,Synthetic profile 0960; record variant 1; seed 20260925.,785271
subject-0960-record-02,subject-0960,Synthetic User 0960,user0960@example.test,+91-90000-0960,Mohali,Synthetic profile 0960; record variant 2; seed 20260925.,714780
subject-0960-record-03,subject-0960,Synthetic User 0960,user0960@example.test,+91-90000-0960,Mohali,Synthetic profile 0960; record variant 3; seed 20260925.,986229
subject-0960-record-04,subject-0960,Synthetic User 0960,user0960@example.test,+91-90000-0960,Mohali,Synthetic profile 0960; record variant 4; seed 20260925.,550509
subject-0961-record-00,subject-0961,Synthetic User 0961,user0961@example.test,+91-90000-0961,Delhi,Synthetic profile 0961; record variant 0; seed 20260925.,669420
subject-0961-record-01,subject-0961,Synthetic User 0961,user0961@example.test,+91-90000-0961,Delhi,Synthetic profile 0961; record variant 1; seed 20260925.,239580
subject-0961-record-02,subject-0961,Synthetic User 0961,user0961@example.test,+91-90000-0961,Delhi,Synthetic profile 0961; record variant 2; seed 20260925.,130098
subject-0961-record-03,subject-0961,Synthetic User 0961,user0961@example.test,+91-90000-0961,Delhi,Synthetic profile 0961; record variant 3; seed 20260925.,533116
subject-0961-record-04,subject-0961,Synthetic User 0961,user0961@example.test,+91-90000-0961,Delhi,Synthetic profile 0961; record variant 4; seed 20260925.,399829
subject-0962-record-00,subject-0962,Synthetic User 0962,user0962@example.test,+91-90000-0962,Pune,Synthetic profile 0962; record variant 0; seed 20260925.,334337
subject-0962-record-01,subject-0962,Synthetic User 0962,user0962@example.test,+91-90000-0962,Pune,Synthetic profile 0962; record variant 1; seed 20260925.,691577
subject-0962-record-02,subject-0962,Synthetic User 0962,user0962@example.test,+91-90000-0962,Pune,Synthetic profile 0962; record variant 2; seed 20260925.,610619
subject-0962-record-03,subject-0962,Synthetic User 0962,user0962@example.test,+91-90000-0962,Pune,Synthetic profile 0962; record variant 3; seed 20260925.,157158
subject-0962-record-04,subject-0962,Synthetic User 0962,user0962@example.test,+91-90000-0962,Pune,Synthetic profile 0962; record variant 4; seed 20260925.,531180
subject-0963-record-00,subject-0963,Synthetic User 0963,user0963@example.test,+91-90000-0963,Bengaluru,Synthetic profile 0963; record variant 0; seed 20260925.,971309
subject-0963-record-01,subject-0963,Synthetic User 0963,user0963@example.test,+91-90000-0963,Bengaluru,Synthetic profile 0963; record variant 1; seed 20260925.,223280
subject-0963-record-02,subject-0963,Synthetic User 0963,user0963@example.test,+91-90000-0963,Bengaluru,Synthetic profile 0963; record variant 2; seed 20260925.,359371
subject-0963-record-03,subject-0963,Synthetic User 0963,user0963@example.test,+91-90000-0963,Bengaluru,Synthetic profile 0963; record variant 3; seed 20260925.,631370
subject-0963-record-04,subject-0963,Synthetic User 0963,user0963@example.test,+91-90000-0963,Bengaluru,Synthetic profile 0963; record variant 4; seed 20260925.,664301
subject-0964-record-00,subject-0964,Synthetic User 0964,user0964@example.test,+91-90000-0964,Jaipur,Synthetic profile 0964; record variant 0; seed 20260925.,758680
subject-0964-record-01,subject-0964,Synthetic User 0964,user0964@example.test,+91-90000-0964,Jaipur,Synthetic profile 0964; record variant 1; seed 20260925.,214421
subject-0964-record-02,subject-0964,Synthetic User 0964,user0964@example.test,+91-90000-0964,Jaipur,Synthetic profile 0964; record variant 2; seed 20260925.,317127
subject-0964-record-03,subject-0964,Synthetic User 0964,user0964@example.test,+91-90000-0964,Jaipur,Synthetic profile 0964; record variant 3; seed 20260925.,964092
subject-0964-record-04,subject-0964,Synthetic User 0964,user0964@example.test,+91-90000-0964,Jaipur,Synthetic profile 0964; record variant 4; seed 20260925.,473038
subject-0965-record-00,subject-0965,Synthetic User 0965,user0965@example.test,+91-90000-0965,Mohali,Synthetic profile 0965; record variant 0; seed 20260925.,958220
subject-0965-record-01,subject-0965,Synthetic User 0965,user0965@example.test,+91-90000-0965,Mohali,Synthetic profile 0965; record variant 1; seed 20260925.,721946
subject-0965-record-02,subject-0965,Synthetic User 0965,user0965@example.test,+91-90000-0965,Mohali,Synthetic profile 0965; record variant 2; seed 20260925.,297960
subject-0965-record-03,subject-0965,Synthetic User 0965,user0965@example.test,+91-90000-0965,Mohali,Synthetic profile 0965; record variant 3; seed 20260925.,692114
subject-0965-record-04,subject-0965,Synthetic User 0965,user0965@example.test,+91-90000-0965,Mohali,Synthetic profile 0965; record variant 4; seed 20260925.,802875
subject-0966-record-00,subject-0966,Synthetic User 0966,user0966@example.test,+91-90000-0966,Delhi,Synthetic profile 0966; record variant 0; seed 20260925.,731136
subject-0966-record-01,subject-0966,Synthetic User 0966,user0966@example.test,+91-90000-0966,Delhi,Synthetic profile 0966; record variant 1; seed 20260925.,706973
subject-0966-record-02,subject-0966,Synthetic User 0966,user0966@example.test,+91-90000-0966,Delhi,Synthetic profile 0966; record variant 2; seed 20260925.,940406
subject-0966-record-03,subject-0966,Synthetic User 0966,user0966@example.test,+91-90000-0966,Delhi,Synthetic profile 0966; record variant 3; seed 20260925.,596607
subject-0966-record-04,subject-0966,Synthetic User 0966,user0966@example.test,+91-90000-0966,Delhi,Synthetic profile 0966; record variant 4; seed 20260925.,587331
subject-0967-record-00,subject-0967,Synthetic User 0967,user0967@example.test,+91-90000-0967,Pune,Synthetic profile 0967; record variant 0; seed 20260925.,970548
subject-0967-record-01,subject-0967,Synthetic User 0967,user0967@example.test,+91-90000-0967,Pune,Synthetic profile 0967; record variant 1; seed 20260925.,296230
subject-0967-record-02,subject-0967,Synthetic User 0967,user0967@example.test,+91-90000-0967,Pune,Synthetic profile 0967; record variant 2; seed 20260925.,320247
subject-0967-record-03,subject-0967,Synthetic User 0967,user0967@example.test,+91-90000-0967,Pune,Synthetic profile 0967; record variant 3; seed 20260925.,835478
subject-0967-record-04,subject-0967,Synthetic User 0967,user0967@example.test,+91-90000-0967,Pune,Synthetic profile 0967; record variant 4; seed 20260925.,914937
subject-0968-record-00,subject-0968,Synthetic User 0968,user0968@example.test,+91-90000-0968,Bengaluru,Synthetic profile 0968; record variant 0; seed 20260925.,391336
subject-0968-record-01,subject-0968,Synthetic User 0968,user0968@example.test,+91-90000-0968,Bengaluru,Synthetic profile 0968; record variant 1; seed 20260925.,281540
subject-0968-record-02,subject-0968,Synthetic User 0968,user0968@example.test,+91-90000-0968,Bengaluru,Synthetic profile 0968; record variant 2; seed 20260925.,687040
subject-0968-record-03,subject-0968,Synthetic User 0968,user0968@example.test,+91-90000-0968,Bengaluru,Synthetic profile 0968; record variant 3; seed 20260925.,970254
subject-0968-record-04,subject-0968,Synthetic User 0968,user0968@example.test,+91-90000-0968,Bengaluru,Synthetic profile 0968; record variant 4; seed 20260925.,646901
subject-0969-record-00,subject-0969,Synthetic User 0969,user0969@example.test,+91-90000-0969,Jaipur,Synthetic profile 0969; record variant 0; seed 20260925.,245467
subject-0969-record-01,subject-0969,Synthetic User 0969,user0969@example.test,+91-90000-0969,Jaipur,Synthetic profile 0969; record variant 1; seed 20260925.,405581
subject-0969-record-02,subject-0969,Synthetic User 0969,user0969@example.test,+91-90000-0969,Jaipur,Synthetic profile 0969; record variant 2; seed 20260925.,174398
subject-0969-record-03,subject-0969,Synthetic User 0969,user0969@example.test,+91-90000-0969,Jaipur,Synthetic profile 0969; record variant 3; seed 20260925.,967214
subject-0969-record-04,subject-0969,Synthetic User 0969,user0969@example.test,+91-90000-0969,Jaipur,Synthetic profile 0969; record variant 4; seed 20260925.,683808
subject-0970-record-00,subject-0970,Synthetic User 0970,user0970@example.test,+91-90000-0970,Mohali,Synthetic profile 0970; record variant 0; seed 20260925.,321832
subject-0970-record-01,subject-0970,Synthetic User 0970,user0970@example.test,+91-90000-0970,Mohali,Synthetic profile 0970; record variant 1; seed 20260925.,600615
subject-0970-record-02,subject-0970,Synthetic User 0970,user0970@example.test,+91-90000-0970,Mohali,Synthetic profile 0970; record variant 2; seed 20260925.,629205
subject-0970-record-03,subject-0970,Synthetic User 0970,user0970@example.test,+91-90000-0970,Mohali,Synthetic profile 0970; record variant 3; seed 20260925.,406133
subject-0970-record-04,subject-0970,Synthetic User 0970,user0970@example.test,+91-90000-0970,Mohali,Synthetic profile 0970; record variant 4; seed 20260925.,449584
subject-0971-record-00,subject-0971,Synthetic User 0971,user0971@example.test,+91-90000-0971,Delhi,Synthetic profile 0971; record variant 0; seed 20260925.,408605
subject-0971-record-01,subject-0971,Synthetic User 0971,user0971@example.test,+91-90000-0971,Delhi,Synthetic profile 0971; record variant 1; seed 20260925.,626532
subject-0971-record-02,subject-0971,Synthetic User 0971,user0971@example.test,+91-90000-0971,Delhi,Synthetic profile 0971; record variant 2; seed 20260925.,145700
subject-0971-record-03,subject-0971,Synthetic User 0971,user0971@example.test,+91-90000-0971,Delhi,Synthetic profile 0971; record variant 3; seed 20260925.,280154
subject-0971-record-04,subject-0971,Synthetic User 0971,user0971@example.test,+91-90000-0971,Delhi,Synthetic profile 0971; record variant 4; seed 20260925.,874840
subject-0972-record-00,subject-0972,Synthetic User 0972,user0972@example.test,+91-90000-0972,Pune,Synthetic profile 0972; record variant 0; seed 20260925.,350256
subject-0972-record-01,subject-0972,Synthetic User 0972,user0972@example.test,+91-90000-0972,Pune,Synthetic profile 0972; record variant 1; seed 20260925.,860133
subject-0972-record-02,subject-0972,Synthetic User 0972,user0972@example.test,+91-90000-0972,Pune,Synthetic profile 0972; record variant 2; seed 20260925.,401603
subject-0972-record-03,subject-0972,Synthetic User 0972,user0972@example.test,+91-90000-0972,Pune,Synthetic profile 0972; record variant 3; seed 20260925.,937278
subject-0972-record-04,subject-0972,Synthetic User 0972,user0972@example.test,+91-90000-0972,Pune,Synthetic profile 0972; record variant 4; seed 20260925.,582258
subject-0973-record-00,subject-0973,Synthetic User 0973,user0973@example.test,+91-90000-0973,Bengaluru,Synthetic profile 0973; record variant 0; seed 20260925.,396320
subject-0973-record-01,subject-0973,Synthetic User 0973,user0973@example.test,+91-90000-0973,Bengaluru,Synthetic profile 0973; record variant 1; seed 20260925.,870908
subject-0973-record-02,subject-0973,Synthetic User 0973,user0973@example.test,+91-90000-0973,Bengaluru,Synthetic profile 0973; record variant 2; seed 20260925.,323196
subject-0973-record-03,subject-0973,Synthetic User 0973,user0973@example.test,+91-90000-0973,Bengaluru,Synthetic profile 0973; record variant 3; seed 20260925.,763373
subject-0973-record-04,subject-0973,Synthetic User 0973,user0973@example.test,+91-90000-0973,Bengaluru,Synthetic profile 0973; record variant 4; seed 20260925.,226386
subject-0974-record-00,subject-0974,Synthetic User 0974,user0974@example.test,+91-90000-0974,Jaipur,Synthetic profile 0974; record variant 0; seed 20260925.,837493
subject-0974-record-01,subject-0974,Synthetic User 0974,user0974@example.test,+91-90000-0974,Jaipur,Synthetic profile 0974; record variant 1; seed 20260925.,446755
subject-0974-record-02,subject-0974,Synthetic User 0974,user0974@example.test,+91-90000-0974,Jaipur,Synthetic profile 0974; record variant 2; seed 20260925.,139844
subject-0974-record-03,subject-0974,Synthetic User 0974,user0974@example.test,+91-90000-0974,Jaipur,Synthetic profile 0974; record variant 3; seed 20260925.,500215
subject-0974-record-04,subject-0974,Synthetic User 0974,user0974@example.test,+91-90000-0974,Jaipur,Synthetic profile 0974; record variant 4; seed 20260925.,537369
subject-0975-record-00,subject-0975,Synthetic User 0975,user0975@example.test,+91-90000-0975,Mohali,Synthetic profile 0975; record variant 0; seed 20260925.,400473
subject-0975-record-01,subject-0975,Synthetic User 0975,user0975@example.test,+91-90000-0975,Mohali,Synthetic profile 0975; record variant 1; seed 20260925.,962604
subject-0975-record-02,subject-0975,Synthetic User 0975,user0975@example.test,+91-90000-0975,Mohali,Synthetic profile 0975; record variant 2; seed 20260925.,710819
subject-0975-record-03,subject-0975,Synthetic User 0975,user0975@example.test,+91-90000-0975,Mohali,Synthetic profile 0975; record variant 3; seed 20260925.,485382
subject-0975-record-04,subject-0975,Synthetic User 0975,user0975@example.test,+91-90000-0975,Mohali,Synthetic profile 0975; record variant 4; seed 20260925.,650744
subject-0976-record-00,subject-0976,Synthetic User 0976,user0976@example.test,+91-90000-0976,Delhi,Synthetic profile 0976; record variant 0; seed 20260925.,522107
subject-0976-record-01,subject-0976,Synthetic User 0976,user0976@example.test,+91-90000-0976,Delhi,Synthetic profile 0976; record variant 1; seed 20260925.,952903
subject-0976-record-02,subject-0976,Synthetic User 0976,user0976@example.test,+91-90000-0976,Delhi,Synthetic profile 0976; record variant 2; seed 20260925.,419325
subject-0976-record-03,subject-0976,Synthetic User 0976,user0976@example.test,+91-90000-0976,Delhi,Synthetic profile 0976; record variant 3; seed 20260925.,493931
subject-0976-record-04,subject-0976,Synthetic User 0976,user0976@example.test,+91-90000-0976,Delhi,Synthetic profile 0976; record variant 4; seed 20260925.,572176
subject-0977-record-00,subject-0977,Synthetic User 0977,user0977@example.test,+91-90000-0977,Pune,Synthetic profile 0977; record variant 0; seed 20260925.,677760
subject-0977-record-01,subject-0977,Synthetic User 0977,user0977@example.test,+91-90000-0977,Pune,Synthetic profile 0977; record variant 1; seed 20260925.,401827
subject-0977-record-02,subject-0977,Synthetic User 0977,user0977@example.test,+91-90000-0977,Pune,Synthetic profile 0977; record variant 2; seed 20260925.,782600
subject-0977-record-03,subject-0977,Synthetic User 0977,user0977@example.test,+91-90000-0977,Pune,Synthetic profile 0977; record variant 3; seed 20260925.,864181
subject-0977-record-04,subject-0977,Synthetic User 0977,user0977@example.test,+91-90000-0977,Pune,Synthetic profile 0977; record variant 4; seed 20260925.,219379
subject-0978-record-00,subject-0978,Synthetic User 0978,user0978@example.test,+91-90000-0978,Bengaluru,Synthetic profile 0978; record variant 0; seed 20260925.,370710
subject-0978-record-01,subject-0978,Synthetic User 0978,user0978@example.test,+91-90000-0978,Bengaluru,Synthetic profile 0978; record variant 1; seed 20260925.,789071
subject-0978-record-02,subject-0978,Synthetic User 0978,user0978@example.test,+91-90000-0978,Bengaluru,Synthetic profile 0978; record variant 2; seed 20260925.,936848
subject-0978-record-03,subject-0978,Synthetic User 0978,user0978@example.test,+91-90000-0978,Bengaluru,Synthetic profile 0978; record variant 3; seed 20260925.,127685
subject-0978-record-04,subject-0978,Synthetic User 0978,user0978@example.test,+91-90000-0978,Bengaluru,Synthetic profile 0978; record variant 4; seed 20260925.,478043
subject-0979-record-00,subject-0979,Synthetic User 0979,user0979@example.test,+91-90000-0979,Jaipur,Synthetic profile 0979; record variant 0; seed 20260925.,210152
subject-0979-record-01,subject-0979,Synthetic User 0979,user0979@example.test,+91-90000-0979,Jaipur,Synthetic profile 0979; record variant 1; seed 20260925.,136631
subject-0979-record-02,subject-0979,Synthetic User 0979,user0979@example.test,+91-90000-0979,Jaipur,Synthetic profile 0979; record variant 2; seed 20260925.,963293
subject-0979-record-03,subject-0979,Synthetic User 0979,user0979@example.test,+91-90000-0979,Jaipur,Synthetic profile 0979; record variant 3; seed 20260925.,553413
subject-0979-record-04,subject-0979,Synthetic User 0979,user0979@example.test,+91-90000-0979,Jaipur,Synthetic profile 0979; record variant 4; seed 20260925.,810559
subject-0980-record-00,subject-0980,Synthetic User 0980,user0980@example.test,+91-90000-0980,Mohali,Synthetic profile 0980; record variant 0; seed 20260925.,245963
subject-0980-record-01,subject-0980,Synthetic User 0980,user0980@example.test,+91-90000-0980,Mohali,Synthetic profile 0980; record variant 1; seed 20260925.,817264
subject-0980-record-02,subject-0980,Synthetic User 0980,user0980@example.test,+91-90000-0980,Mohali,Synthetic profile 0980; record variant 2; seed 20260925.,579486
subject-0980-record-03,subject-0980,Synthetic User 0980,user0980@example.test,+91-90000-0980,Mohali,Synthetic profile 0980; record variant 3; seed 20260925.,792232
subject-0980-record-04,subject-0980,Synthetic User 0980,user0980@example.test,+91-90000-0980,Mohali,Synthetic profile 0980; record variant 4; seed 20260925.,156847
subject-0981-record-00,subject-0981,Synthetic User 0981,user0981@example.test,+91-90000-0981,Delhi,Synthetic profile 0981; record variant 0; seed 20260925.,940490
subject-0981-record-01,subject-0981,Synthetic User 0981,user0981@example.test,+91-90000-0981,Delhi,Synthetic profile 0981; record variant 1; seed 20260925.,965839
subject-0981-record-02,subject-0981,Synthetic User 0981,user0981@example.test,+91-90000-0981,Delhi,Synthetic profile 0981; record variant 2; seed 20260925.,720969
subject-0981-record-03,subject-0981,Synthetic User 0981,user0981@example.test,+91-90000-0981,Delhi,Synthetic profile 0981; record variant 3; seed 20260925.,749368
subject-0981-record-04,subject-0981,Synthetic User 0981,user0981@example.test,+91-90000-0981,Delhi,Synthetic profile 0981; record variant 4; seed 20260925.,814583
subject-0982-record-00,subject-0982,Synthetic User 0982,user0982@example.test,+91-90000-0982,Pune,Synthetic profile 0982; record variant 0; seed 20260925.,914281
subject-0982-record-01,subject-0982,Synthetic User 0982,user0982@example.test,+91-90000-0982,Pune,Synthetic profile 0982; record variant 1; seed 20260925.,227867
subject-0982-record-02,subject-0982,Synthetic User 0982,user0982@example.test,+91-90000-0982,Pune,Synthetic profile 0982; record variant 2; seed 20260925.,176091
subject-0982-record-03,subject-0982,Synthetic User 0982,user0982@example.test,+91-90000-0982,Pune,Synthetic profile 0982; record variant 3; seed 20260925.,874054
subject-0982-record-04,subject-0982,Synthetic User 0982,user0982@example.test,+91-90000-0982,Pune,Synthetic profile 0982; record variant 4; seed 20260925.,595625
subject-0983-record-00,subject-0983,Synthetic User 0983,user0983@example.test,+91-90000-0983,Bengaluru,Synthetic profile 0983; record variant 0; seed 20260925.,571367
subject-0983-record-01,subject-0983,Synthetic User 0983,user0983@example.test,+91-90000-0983,Bengaluru,Synthetic profile 0983; record variant 1; seed 20260925.,683925
subject-0983-record-02,subject-0983,Synthetic User 0983,user0983@example.test,+91-90000-0983,Bengaluru,Synthetic profile 0983; record variant 2; seed 20260925.,265685
subject-0983-record-03,subject-0983,Synthetic User 0983,user0983@example.test,+91-90000-0983,Bengaluru,Synthetic profile 0983; record variant 3; seed 20260925.,808368
subject-0983-record-04,subject-0983,Synthetic User 0983,user0983@example.test,+91-90000-0983,Bengaluru,Synthetic profile 0983; record variant 4; seed 20260925.,879062
subject-0984-record-00,subject-0984,Synthetic User 0984,user0984@example.test,+91-90000-0984,Jaipur,Synthetic profile 0984; record variant 0; seed 20260925.,847319
subject-0984-record-01,subject-0984,Synthetic User 0984,user0984@example.test,+91-90000-0984,Jaipur,Synthetic profile 0984; record variant 1; seed 20260925.,277564
subject-0984-record-02,subject-0984,Synthetic User 0984,user0984@example.test,+91-90000-0984,Jaipur,Synthetic profile 0984; record variant 2; seed 20260925.,127860
subject-0984-record-03,subject-0984,Synthetic User 0984,user0984@example.test,+91-90000-0984,Jaipur,Synthetic profile 0984; record variant 3; seed 20260925.,446613
subject-0984-record-04,subject-0984,Synthetic User 0984,user0984@example.test,+91-90000-0984,Jaipur,Synthetic profile 0984; record variant 4; seed 20260925.,485176
subject-0985-record-00,subject-0985,Synthetic User 0985,user0985@example.test,+91-90000-0985,Mohali,Synthetic profile 0985; record variant 0; seed 20260925.,536627
subject-0985-record-01,subject-0985,Synthetic User 0985,user0985@example.test,+91-90000-0985,Mohali,Synthetic profile 0985; record variant 1; seed 20260925.,451447
subject-0985-record-02,subject-0985,Synthetic User 0985,user0985@example.test,+91-90000-0985,Mohali,Synthetic profile 0985; record variant 2; seed 20260925.,858330
subject-0985-record-03,subject-0985,Synthetic User 0985,user0985@example.test,+91-90000-0985,Mohali,Synthetic profile 0985; record variant 3; seed 20260925.,524013
subject-0985-record-04,subject-0985,Synthetic User 0985,user0985@example.test,+91-90000-0985,Mohali,Synthetic profile 0985; record variant 4; seed 20260925.,156074
subject-0986-record-00,subject-0986,Synthetic User 0986,user0986@example.test,+91-90000-0986,Delhi,Synthetic profile 0986; record variant 0; seed 20260925.,105142
subject-0986-record-01,subject-0986,Synthetic User 0986,user0986@example.test,+91-90000-0986,Delhi,Synthetic profile 0986; record variant 1; seed 20260925.,844075
subject-0986-record-02,subject-0986,Synthetic User 0986,user0986@example.test,+91-90000-0986,Delhi,Synthetic profile 0986; record variant 2; seed 20260925.,224189
subject-0986-record-03,subject-0986,Synthetic User 0986,user0986@example.test,+91-90000-0986,Delhi,Synthetic profile 0986; record variant 3; seed 20260925.,890276
subject-0986-record-04,subject-0986,Synthetic User 0986,user0986@example.test,+91-90000-0986,Delhi,Synthetic profile 0986; record variant 4; seed 20260925.,452378
subject-0987-record-00,subject-0987,Synthetic User 0987,user0987@example.test,+91-90000-0987,Pune,Synthetic profile 0987; record variant 0; seed 20260925.,990614
subject-0987-record-01,subject-0987,Synthetic User 0987,user0987@example.test,+91-90000-0987,Pune,Synthetic profile 0987; record variant 1; seed 20260925.,108342
subject-0987-record-02,subject-0987,Synthetic User 0987,user0987@example.test,+91-90000-0987,Pune,Synthetic profile 0987; record variant 2; seed 20260925.,528755
subject-0987-record-03,subject-0987,Synthetic User 0987,user0987@example.test,+91-90000-0987,Pune,Synthetic profile 0987; record variant 3; seed 20260925.,381145
subject-0987-record-04,subject-0987,Synthetic User 0987,user0987@example.test,+91-90000-0987,Pune,Synthetic profile 0987; record variant 4; seed 20260925.,158784
subject-0988-record-00,subject-0988,Synthetic User 0988,user0988@example.test,+91-90000-0988,Bengaluru,Synthetic profile 0988; record variant 0; seed 20260925.,126952
subject-0988-record-01,subject-0988,Synthetic User 0988,user0988@example.test,+91-90000-0988,Bengaluru,Synthetic profile 0988; record variant 1; seed 20260925.,614190
subject-0988-record-02,subject-0988,Synthetic User 0988,user0988@example.test,+91-90000-0988,Bengaluru,Synthetic profile 0988; record variant 2; seed 20260925.,843030
subject-0988-record-03,subject-0988,Synthetic User 0988,user0988@example.test,+91-90000-0988,Bengaluru,Synthetic profile 0988; record variant 3; seed 20260925.,188116
subject-0988-record-04,subject-0988,Synthetic User 0988,user0988@example.test,+91-90000-0988,Bengaluru,Synthetic profile 0988; record variant 4; seed 20260925.,720945
subject-0989-record-00,subject-0989,Synthetic User 0989,user0989@example.test,+91-90000-0989,Jaipur,Synthetic profile 0989; record variant 0; seed 20260925.,619334
subject-0989-record-01,subject-0989,Synthetic User 0989,user0989@example.test,+91-90000-0989,Jaipur,Synthetic profile 0989; record variant 1; seed 20260925.,180309
subject-0989-record-02,subject-0989,Synthetic User 0989,user0989@example.test,+91-90000-0989,Jaipur,Synthetic profile 0989; record variant 2; seed 20260925.,490059
subject-0989-record-03,subject-0989,Synthetic User 0989,user0989@example.test,+91-90000-0989,Jaipur,Synthetic profile 0989; record variant 3; seed 20260925.,369999
subject-0989-record-04,subject-0989,Synthetic User 0989,user0989@example.test,+91-90000-0989,Jaipur,Synthetic profile 0989; record variant 4; seed 20260925.,976824
subject-0990-record-00,subject-0990,Synthetic User 0990,user0990@example.test,+91-90000-0990,Mohali,Synthetic profile 0990; record variant 0; seed 20260925.,396465
subject-0990-record-01,subject-0990,Synthetic User 0990,user0990@example.test,+91-90000-0990,Mohali,Synthetic profile 0990; record variant 1; seed 20260925.,346465
subject-0990-record-02,subject-0990,Synthetic User 0990,user0990@example.test,+91-90000-0990,Mohali,Synthetic profile 0990; record variant 2; seed 20260925.,828275
subject-0990-record-03,subject-0990,Synthetic User 0990,user0990@example.test,+91-90000-0990,Mohali,Synthetic profile 0990; record variant 3; seed 20260925.,824262
subject-0990-record-04,subject-0990,Synthetic User 0990,user0990@example.test,+91-90000-0990,Mohali,Synthetic profile 0990; record variant 4; seed 20260925.,137873
subject-0991-record-00,subject-0991,Synthetic User 0991,user0991@example.test,+91-90000-0991,Delhi,Synthetic profile 0991; record variant 0; seed 20260925.,624334
subject-0991-record-01,subject-0991,Synthetic User 0991,user0991@example.test,+91-90000-0991,Delhi,Synthetic profile 0991; record variant 1; seed 20260925.,933819
subject-0991-record-02,subject-0991,Synthetic User 0991,user0991@example.test,+91-90000-0991,Delhi,Synthetic profile 0991; record variant 2; seed 20260925.,904222
subject-0991-record-03,subject-0991,Synthetic User 0991,user0991@example.test,+91-90000-0991,Delhi,Synthetic profile 0991; record variant 3; seed 20260925.,778867
subject-0991-record-04,subject-0991,Synthetic User 0991,user0991@example.test,+91-90000-0991,Delhi,Synthetic profile 0991; record variant 4; seed 20260925.,414180
subject-0992-record-00,subject-0992,Synthetic User 0992,user0992@example.test,+91-90000-0992,Pune,Synthetic profile 0992; record variant 0; seed 20260925.,725508
subject-0992-record-01,subject-0992,Synthetic User 0992,user0992@example.test,+91-90000-0992,Pune,Synthetic profile 0992; record variant 1; seed 20260925.,491229
subject-0992-record-02,subject-0992,Synthetic User 0992,user0992@example.test,+91-90000-0992,Pune,Synthetic profile 0992; record variant 2; seed 20260925.,725569
subject-0992-record-03,subject-0992,Synthetic User 0992,user0992@example.test,+91-90000-0992,Pune,Synthetic profile 0992; record variant 3; seed 20260925.,980527
subject-0992-record-04,subject-0992,Synthetic User 0992,user0992@example.test,+91-90000-0992,Pune,Synthetic profile 0992; record variant 4; seed 20260925.,725578
subject-0993-record-00,subject-0993,Synthetic User 0993,user0993@example.test,+91-90000-0993,Bengaluru,Synthetic profile 0993; record variant 0; seed 20260925.,380166
subject-0993-record-01,subject-0993,Synthetic User 0993,user0993@example.test,+91-90000-0993,Bengaluru,Synthetic profile 0993; record variant 1; seed 20260925.,847014
subject-0993-record-02,subject-0993,Synthetic User 0993,user0993@example.test,+91-90000-0993,Bengaluru,Synthetic profile 0993; record variant 2; seed 20260925.,287968
subject-0993-record-03,subject-0993,Synthetic User 0993,user0993@example.test,+91-90000-0993,Bengaluru,Synthetic profile 0993; record variant 3; seed 20260925.,446664
subject-0993-record-04,subject-0993,Synthetic User 0993,user0993@example.test,+91-90000-0993,Bengaluru,Synthetic profile 0993; record variant 4; seed 20260925.,537730
subject-0994-record-00,subject-0994,Synthetic User 0994,user0994@example.test,+91-90000-0994,Jaipur,Synthetic profile 0994; record variant 0; seed 20260925.,293772
subject-0994-record-01,subject-0994,Synthetic User 0994,user0994@example.test,+91-90000-0994,Jaipur,Synthetic profile 0994; record variant 1; seed 20260925.,959605
subject-0994-record-02,subject-0994,Synthetic User 0994,user0994@example.test,+91-90000-0994,Jaipur,Synthetic profile 0994; record variant 2; seed 20260925.,308251
subject-0994-record-03,subject-0994,Synthetic User 0994,user0994@example.test,+91-90000-0994,Jaipur,Synthetic profile 0994; record variant 3; seed 20260925.,390781
subject-0994-record-04,subject-0994,Synthetic User 0994,user0994@example.test,+91-90000-0994,Jaipur,Synthetic profile 0994; record variant 4; seed 20260925.,746170
subject-0995-record-00,subject-0995,Synthetic User 0995,user0995@example.test,+91-90000-0995,Mohali,Synthetic profile 0995; record variant 0; seed 20260925.,644475
subject-0995-record-01,subject-0995,Synthetic User 0995,user0995@example.test,+91-90000-0995,Mohali,Synthetic profile 0995; record variant 1; seed 20260925.,683973
subject-0995-record-02,subject-0995,Synthetic User 0995,user0995@example.test,+91-90000-0995,Mohali,Synthetic profile 0995; record variant 2; seed 20260925.,679394
subject-0995-record-03,subject-0995,Synthetic User 0995,user0995@example.test,+91-90000-0995,Mohali,Synthetic profile 0995; record variant 3; seed 20260925.,397349
subject-0995-record-04,subject-0995,Synthetic User 0995,user0995@example.test,+91-90000-0995,Mohali,Synthetic profile 0995; record variant 4; seed 20260925.,126091
subject-0996-record-00,subject-0996,Synthetic User 0996,user0996@example.test,+91-90000-0996,Delhi,Synthetic profile 0996; record variant 0; seed 20260925.,911229
subject-0996-record-01,subject-0996,Synthetic User 0996,user0996@example.test,+91-90000-0996,Delhi,Synthetic profile 0996; record variant 1; seed 20260925.,737869
subject-0996-record-02,subject-0996,Synthetic User 0996,user0996@example.test,+91-90000-0996,Delhi,Synthetic profile 0996; record variant 2; seed 20260925.,509890
subject-0996-record-03,subject-0996,Synthetic User 0996,user0996@example.test,+91-90000-0996,Delhi,Synthetic profile 0996; record variant 3; seed 20260925.,478433
subject-0996-record-04,subject-0996,Synthetic User 0996,user0996@example.test,+91-90000-0996,Delhi,Synthetic profile 0996; record variant 4; seed 20260925.,245789
subject-0997-record-00,subject-0997,Synthetic User 0997,user0997@example.test,+91-90000-0997,Pune,Synthetic profile 0997; record variant 0; seed 20260925.,318474
subject-0997-record-01,subject-0997,Synthetic User 0997,user0997@example.test,+91-90000-0997,Pune,Synthetic profile 0997; record variant 1; seed 20260925.,311236
subject-0997-record-02,subject-0997,Synthetic User 0997,user0997@example.test,+91-90000-0997,Pune,Synthetic profile 0997; record variant 2; seed 20260925.,491155
subject-0997-record-03,subject-0997,Synthetic User 0997,user0997@example.test,+91-90000-0997,Pune,Synthetic profile 0997; record variant 3; seed 20260925.,724594
subject-0997-record-04,subject-0997,Synthetic User 0997,user0997@example.test,+91-90000-0997,Pune,Synthetic profile 0997; record variant 4; seed 20260925.,922421
subject-0998-record-00,subject-0998,Synthetic User 0998,user0998@example.test,+91-90000-0998,Bengaluru,Synthetic profile 0998; record variant 0; seed 20260925.,887556
subject-0998-record-01,subject-0998,Synthetic User 0998,user0998@example.test,+91-90000-0998,Bengaluru,Synthetic profile 0998; record variant 1; seed 20260925.,193009
subject-0998-record-02,subject-0998,Synthetic User 0998,user0998@example.test,+91-90000-0998,Bengaluru,Synthetic profile 0998; record variant 2; seed 20260925.,565332
subject-0998-record-03,subject-0998,Synthetic User 0998,user0998@example.test,+91-90000-0998,Bengaluru,Synthetic profile 0998; record variant 3; seed 20260925.,827411
subject-0998-record-04,subject-0998,Synthetic User 0998,user0998@example.test,+91-90000-0998,Bengaluru,Synthetic profile 0998; record variant 4; seed 20260925.,836905
subject-0999-record-00,subject-0999,Synthetic User 0999,user0999@example.test,+91-90000-0999,Jaipur,Synthetic profile 0999; record variant 0; seed 20260925.,661846
subject-0999-record-01,subject-0999,Synthetic User 0999,user0999@example.test,+91-90000-0999,Jaipur,Synthetic profile 0999; record variant 1; seed 20260925.,370172
subject-0999-record-02,subject-0999,Synthetic User 0999,user0999@example.test,+91-90000-0999,Jaipur,Synthetic profile 0999; record variant 2; seed 20260925.,398240
subject-0999-record-03,subject-0999,Synthetic User 0999,user0999@example.test,+91-90000-0999,Jaipur,Synthetic profile 0999; record variant 3; seed 20260925.,729916
subject-0999-record-04,subject-0999,Synthetic User 0999,user0999@example.test,+91-90000-0999,Jaipur,Synthetic profile 0999; record variant 4; seed 20260925.,489899
